Workbook
Name Phase2: 'Phase Creator'!$D$21:$Q$34
Name Peaking: 'Phase Creator'!$D$66:$Q$79
Name PrePeaking: 'Phase Creator'!$D$51:$Q$64
Name Phase6: 'Phase Creator'!$D$81:$Q$94
Name Phase1: 'Phase Creator'!$D$6:$Q$19
Name Phase3: 'Phase Creator'!$D$36:$Q$49

Sheet Phase Creator
B6: Phase 1 | D6: Day | E6: 1 | G6: Day | H6: 2 | J6: Day | K6: 3 | M6: Day | N6: 4 | P6: Day | Q6: 5
D7: Code | E7: Exercise Choice | G7: Code | H7: Exercise Choice | J7: Code | K7: Exercise Choice | M7: Code | N7: Exercise Choice | P7: Code | Q7: Exercise Choice
B8: A1 | C8: 3 | D8: A | E8: Beltless SSB | G8: A | H8: Dumbbell Squat | J8: A | K8: Beltless Stiff Bar Opposite Stance DL | M8: A | N8: Beltless Stiff Bar DL (opp stance) | P8: A | Q8: Wide Grip Feet Up Bench
B9: A2 | C9: 4 | D9: A | E9: Beltless SSB | G9: A | H9: Dumbbell Squat | J9: A | K9: Beltless Stiff Bar Opposite Stance DL | M9: A | N9: Beltless Stiff Bar DL (opp stance) | P9: A | Q9: Wide Grip Bench
B10: A3 | C10: 5 | D10: A | E10: Beltless High Bar Squat | G10: A | H10: Front Squat | J10: A | K10: Beltless DL | M10: A | N10: Beltless DL | P10: A | Q10: Close Grip Feet Up Bench
B11: A4 | C11: 6 | D11: A | E11: Beltless High Bar Squat | G11: A | H11: Front Squat | J11: A | K11: Beltless DL | M11: A | N11: Beltless DL | P11: A | Q11: Close Grip Bench
B12: B1 | C12: 7 | D12: B | E12: 3ct Pause Duffalo | G12: B | H12: 3ct Pause Neutral DB Press | J12: B | K12: Overhand Romanian DL | M12: B | N12: DB Belly Swing | P12: B | Q12: DB Incline Press
B13: B2 | C13: 8 | D13: B | E13: 3ct Pause Duffalo | G13: B | H13: 3ct Pause Neutral DB Press | J13: B | K13: Overhand Romanian DL | M13: B | N13: DB Belly Swing | P13: B | Q13: DB Incline Press
B14: B3 | C14: 9 | D14: B | E14: 3ct Pause Bench Press | G14: B | H14: Overhead Press | J14: B | K14: Overhand Romanian DL | M14: B | N14: Overhand Romanian DL | P14: B | Q14: Incline Bench Press
B15: B4 | C15: 10 | D15: B | E15: 3ct Pause Bench Press | G15: B | H15: Overhead Press | J15: B | K15: Overhand Romanian DL | M15: B | N15: Overhand Romanian DL | P15: B | Q15: Incline Bench Press
B16: C | C16: 11 | D16: C | E16: Short Side Plank Clamshell | G16: C | H16: DB 1 Arm Row w Pause | J16: C | K16: Plank | M16: C | N16: Plank | P16: C | Q16: Chest Supported Row
B17: D | C17: 12 | D17: D | E17: GHR or Back Extension | G17: D | H17: Rear Delt Raise | J17: D | K17: Band/Cable Row | M17: D | N17: Band/Cable Row | P17: D | Q17: Side Delt Raise
B18: E | C18: 13 | D18: E | E18: Slingshot Abduction/Hip Abduction | G18: E | H18: Band/Cable Curls Slow eccentric | J18: E | K18: Sit ups/Reverse Crunch slow eccentric | M18: E | N18: Sit ups/Reverse Crunch slow eccentric | P18: E | Q18: Tricep Extensions
B19: F | C19: 14 | D19: F | E19: Band Pullapart/Rear Delt | G19: F | H19: DB Neutral Deadstop Pushups | J19: F | K19: Reverse Lunge | M19: F | N19: Reverse Lunge | P19: F | Q19: Bicep Curls
B21: Phase 2 | D21: Day | E21: 1 | G21: Day | H21: 2 | J21: Day | K21: 3 | M21: Day | N21: 4 | P21: Day | Q21: 5
D22: Code | E22: Exercise Choice | G22: Code | H22: Exercise Choice | J22: Code | K22: Exercise Choice | M22: Code | N22: Exercise Choice | P22: Code | Q22: Exercise Choice
B23: A1 | D23: A1 | E23: SSB Squat | G23: A2 | H23: Tempo High Bar Squat | J23: A3 | K23: Stiff Bar DL Opp Stance | M23: A4 | N23: Incline Bench Press | P23: A4
B24: A2 | D24: A1 | E24: SSB Squat | G24: A2 | H24: Tempo High Bar Squat | J24: A3 | K24: Stiff Bar DL Opp Stance | M24: A4 | N24: Incline Bench Press | P24: A4
B25: A3 | D25: A1 | E25: High Bar Squat | G25: A2 | H25: Tempo High Bar Squat | J25: A3 | K25: Stiff Bar DL w/ Chains | M25: A4 | N25: Incline Bench Press | P25: A4
B26: A4 | D26: A1 | E26: Competition Squat | G26: A2 | H26: Tempo High Bar Squat | J26: A3 | K26: Reverse Band Comp Deads | M26: A4 | N26: Incline Bench Press w/ Chains | P26: A4
B27: B1 | D27: B1 | E27: 3ct Pause Duffalo | G27: B2 | H27: Tempo Close Grip bench 3ct Pause | J27: B3 | K27: Tempo Stiff leg DL | M27: B4 | N27: Overhead Press | P27: B4
B28: B2 | D28: B1 | E28: 3ct Pause Duffalo | G28: B2 | H28: Tempo Close Grip bench 3ct Pause | J28: B3 | K28: Tempo Stiff leg DL | M28: B4 | N28: Overhead Press | P28: B4
B29: B3 | D29: B1 | E29: 3ct Pause Bench Press | G29: B2 | H29: Tempo Close Grip bench 3ct Pause | J29: B3 | K29: Tempo Stiff leg DL | M29: B4 | N29: Overhead Press | P29: B4
B30: B4 | D30: B1 | E30: 3ct Pause Bench Press | G30: B2 | H30: Tempo Close Grip bench 3ct Pause | J30: B3 | K30: Tempo Stiff leg DL | M30: B4 | N30: Overhead Press | P30: B4
B31: C | D31: C1 | E31: Short Side Plank Clamshell | G31: C2 | H31: Chest Supported Row | J31: C3 | K31: Side Plank | M31: C4 | N31: Pendlay Rows | P31: C4
B32: D | D32: D1 | E32: GHR or Back Extension | G32: D2 | H32: 2-way delt raise w pause | J32: D3 | K32: DB Glute Bridge w 3ct Pause | M32: D4 | N32: Tricep Pushdown w slow eccentric | P32: D4
B33: E | D33: E1 | E33: Slingshot Abduction/Hip Abduction | G33: E2 | H33: Band/Cable Curls Slow eccentric | J33: E3 | K33: Sit ups/Reverse Crunch slow eccentric | M33: E4 | N33: One arm DB row w pause | P33: E4
B34: F | D34: F1 | E34: Band Pullapart/Rear Delt | G34: F2 | H34: DB Flys slow eccentric | J34: F3 | K34: Goblet Reverse Lunge | M34: F4 | N34: DB Curls | P34: F4
B36: Phase 3 | D36: Day | E36: 1 | G36: Day | H36: 2 | J36: Day | K36: 3 | M36: Day | N36: 4 | P36: Day | Q36: 5
D37: Code | E37: Exercise Choice | G37: Code | H37: Exercise Choice | J37: Code | K37: Exercise Choice | M37: Code | N37: Exercise Choice | P37: Code | Q37: Exercise Choice
B38: A1 | D38: A1 | E38: Competition Squat | G38: A2 | H38: High Bar 3ct Paused Squat | J38: A3 | K38: Competition Deadlift | M38: A4 | P38: A4
B39: A2 | D39: A1 | E39: SSB Squats w/ Chains | G39: A2 | H39: High Bar 3ct Paused Squat | J39: A3 | K39: DL w/ Chains | M39: A4 | P39: A4
B40: A3 | D40: A1 | E40: Reverse Bands Squat | G40: A2 | H40: High Bar 3ct Paused Squat | J40: A3 | K40: Competition Deadlift | M40: A4 | P40: A4
B41: A4 | D41: A1 | E41: Competition Squat | G41: A2 | H41: High Bar 3ct Paused Squat | J41: A3 | K41: DL w/ Chains | M41: A4 | P41: A4
B42: B1 | D42: B1 | E42: 3ct Pause Duffalo | G42: B2 | H42: 3ct Spotto Press | J42: B3 | K42: Deficit Deadlift | M42: B4 | P42: B4
B43: B2 | D43: B1 | E43: Duffalo w/ Chains | G43: B2 | H43: 3ct Spotto Press | J43: B3 | K43: Deficit Deadlift | M43: B4 | P43: B4
B44: B3 | D44: B1 | E44: 3ct SlingShot Bench or Reverse Bands | G44: B2 | H44: 3ct Spotto Press | J44: B3 | K44: Deficit Deadlift | M44: B4 | P44: B4
B45: B4 | D45: B1 | E45: 3ct Pause Bench Press | G45: B2 | H45: 3ct Spotto Press | J45: B3 | K45: Deficit Deadlift | M45: B4 | P45: B4
B46: C | D46: C1 | E46: SB Body Saw | G46: C2 | H46: 1 Arm Deadstop KB Row 3ct Pause | J46: C3 | K46: 3ct Wide Grip Feet Up Bench | M46: C4 | P46: C4
B47: D | D47: D1 | E47: DB Glute Bridge w 3ct Pause | G47: D2 | H47: DB Floor Press w Pause | J47: D3 | K47: KB Goblet Squat | M47: D4 | P47: D4
B48: E | D48: E1 | E48: Hip Circle Side steps | G48: E2 | H48: DB Hammer Curls Slow eccentric | J48: E3 | K48: Hanging Leg raise | M48: E4 | P48: E4
B49: F | D49: F1 | E49: Band Pullapart/Rear Delt | G49: F2 | H49: Band/Cable Triceps | J49: F3 | K49: Paused Pulldowns | M49: F4 | P49: F4
B51: Phase 4 | D51: Day | E51: 1 | G51: Day | H51: 2 | J51: Day | K51: 3 | M51: Day | N51: 4 | P51: Day | Q51: 5
D52: Code | E52: Exercise Choice | G52: Code | H52: Exercise Choice | J52: Code | K52: Exercise Choice | M52: Code | N52: Exercise Choice | P52: Code | Q52: Exercise Choice
B53: A1 | D53: A1 | E53: Competition Squat | G53: A2 | H53: Bench Press 3ct Pause | J53: A3 | K53: Deadlift | M53: A4 | P53: A4
B54: A2 | D54: A1 | E54: Low Bar w/ Chains | G54: A2 | H54: Bench w/ Chains | J54: A3 | K54: DL w/ Chains | M54: A4 | P54: A4
B55: A3 | D55: A1 | E55: Low Bar w/ Chains | G55: A2 | H55: Bench w/ Chains | J55: A3 | K55: Competition Deadlift | M55: A4 | P55: A4
B56: A4 | D56: A1 | E56: Competition Squat | G56: A2 | H56: Competition Bench Press | J56: A3 | K56: DL w/ Chains | M56: A4 | P56: A4
B57: B1 | D57: B1 | E57: Low Bar 3ct Pause Squat | G57: B2 | H57: 3ct Pause Close Grip Bench | J57: B3 | K57: Block Pulls | M57: B4 | P57: B4
B58: B2 | D58: B1 | E58: Low Bar 3ct Pause Squat | G58: B2 | H58: 3ct Pause Close Grip Bench | J58: B3 | K58: Block Pulls | M58: B4 | P58: B4
B59: B3 | D59: B1 | E59: Low Bar 3ct Pause Squat | G59: B2 | H59: 3ct Pause Close Grip Bench | J59: B3 | K59: Block Pulls | M59: B4 | P59: B4
B60: B4 | D60: B1 | E60: Low Bar 3ct Pause Squat | G60: B2 | H60: 3ct Pause Close Grip Bench | J60: B3 | K60: Block Pulls | M60: B4 | P60: B4
B61: C | D61: C1 | E61: SB Pike | G61: C2 | H61: Chest Supported Row | J61: C3 | K61: Spotto Press | M61: C4 | P61: C4
B62: D | D62: D1 | E62: GHR or Back Extension | G62: D2 | H62: DB Overhead Press | J62: D3 | K62: One arm DB Row w Pause | M62: D4 | P62: D4
B63: E | D63: E1 | E63: Slingshot Abduction/Hip Abduction | G63: E2 | H63: Seated Bicep Curls Slow Eccentric | J63: E3 | K63: suit case holds | M63: E4 | P63: E4
B64: F | D64: F1 | E64: Cable/TRX Holds | G64: F2 | H64: DB Deadstop triceps | J64: F3 | K64: Single Leg Glute Bridge | M64: F4 | P64: F4
B66: Phase 5 | D66: Day | E66: 1 | G66: Day | H66: 2 | J66: Day | K66: 3 | M66: Day | N66: 4 | P66: Day | Q66: 5
D67: Code | E67: Exercise Choice | G67: Code | H67: Exercise Choice | J67: Code | K67: Exercise Choice | M67: Code | N67: Exercise Choice | P67: Code | Q67: Exercise Choice
B68: A1 | D68: A1 | E68: Squat w/ Bands | G68: A2 | H68: Bench w/ Bands | J68: A3 | K68: Reverse Band Comp Deads | M68: A4 | P68: A4
B69: A2 | D69: A1 | E69: Reverse Bands Squat | G69: A2 | H69: SlingShot Bench | J69: A3 | K69: Competition Deadlift | M69: A4 | P69: A4
B70: A3 | D70: A1 | E70: Competition Squat | G70: A2 | H70: Competition Bench Press | J70: A3 | K70: Competition Deadlift | M70: A4 | P70: A4
B71: A4 | D71: A1 | E71: Competition Squat | G71: A2 | H71: Competition Bench Press | J71: A3 | K71: Speed DL | M71: A4 | P71: A4
B72: B1 | D72: B1 | E72: 1ct Pause Squat | G72: B2 | H72: 3ct Spotto Press | J72: B3 | K72: 3ct Pause Deadlift | M72: B4 | P72: B4
B73: B2 | D73: B1 | E73: 1ct Pause Squat | G73: B2 | H73: 3ct Spotto Press | J73: B3 | K73: 3ct Pause Deadlift | M73: B4 | P73: B4
B74: B3 | D74: B1 | E74: 1ct Pause Squat | G74: B2 | H74: 3ct Spotto Press | J74: B3 | K74: 3ct Pause Deadlift | M74: B4 | P74: B4
B75: B4 | D75: B1 | E75: 1ct Pause Squat | G75: B2 | H75: 3ct Spotto Press | J75: B3 | K75: 3ct Pause Deadlift | M75: B4 | P75: B4
B76: C | D76: C1 | E76: Plank | G76: C2 | H76: Chest Supported Row | J76: C3 | K76: Close Grip 3ct Pause Feet Up Bench | M76: C4 | P76: C4
B77: D | D77: D1 | E77: GHR or Back Extension | G77: D2 | H77: DB bench 5ct eccentric | J77: D3 | K77: Band/TRX holds | M77: D4 | P77: D4
B78: E | D78: E1 | E78: Hip Circle wall squat 3ct Pause | G78: E2 | H78: Band/Cable Triceps 3ct Pause | J78: E3 | K78: Hanging Knee raise | M78: E4 | P78: E4
B79: F | D79: F1 | G79: F2 | J79: F3 | M79: F4 | P79: F4
B81: Phase 6 | D81: Day | E81: 1 | G81: Day | H81: 2 | J81: Day | K81: 3 | M81: Day | N81: 4 | P81: Day | Q81: 5
D82: Code | E82: Exercise Choice | G82: Code | H82: Exercise Choice | J82: Code | K82: Exercise Choice | M82: Code | N82: Exercise Choice | P82: Code | Q82: Exercise Choice
B83: A1 | D83: A1 | E83: Squat w/ Bands | G83: A2 | H83: Bench w/ Bands | J83: A3 | K83: Reverse Band Comp Deads | M83: A4 | P83: A4
B84: A2 | D84: A1 | E84: Reverse Bands Squat | G84: A2 | H84: SlingShot Bench | J84: A3 | K84: Competition Deadlift | M84: A4 | P84: A4
B85: A3 | D85: A1 | E85: Competition Squat | G85: A2 | H85: Competition Bench Press | J85: A3 | K85: Competition Deadlift | M85: A4 | P85: A4
B86: A4 | D86: A1 | E86: Competition Squat | G86: A2 | H86: Competition Bench Press | J86: A3 | K86: Speed DL | M86: A4 | P86: A4
B87: B1 | D87: B1 | E87: 1ct Pause Squat | G87: B2 | H87: 3ct Spotto Press | J87: B3 | K87: 3ct Pause Deadlift | M87: B4 | P87: B4
B88: B2 | D88: B1 | E88: 1ct Pause Squat | G88: B2 | H88: 3ct Spotto Press | J88: B3 | K88: 3ct Pause Deadlift | M88: B4 | P88: B4
B89: B3 | D89: B1 | E89: 1ct Pause Squat | G89: B2 | H89: 3ct Spotto Press | J89: B3 | K89: 3ct Pause Deadlift | M89: B4 | P89: B4
B90: B4 | D90: B1 | E90: 1ct Pause Squat | G90: B2 | H90: 3ct Spotto Press | J90: B3 | K90: 3ct Pause Deadlift | M90: B4 | P90: B4
B91: C | D91: C1 | E91: Plank | G91: C2 | H91: Chest Supported Row | J91: C3 | K91: Close Grip 3ct Pause Feet Up Bench | M91: C4 | P91: C4
B92: D | D92: D1 | E92: GHR or Back Extension | G92: D2 | H92: DB bench 5ct eccentric | J92: D3 | K92: Band/TRX holds | M92: D4 | P92: D4
B93: E | D93: E1 | E93: Hip Circle wall squat 3ct Pause | G93: E2 | H93: Band/Cable Triceps 3ct Pause | J93: E3 | K93: Hanging Knee raise | M93: E4 | P93: E4
B94: F | D94: F1 | G94: F2 | J94: F3 | M94: F4 | P94: F4

Sheet Instructions
A7: - In the tab to the right, input your maximum weights for each of the lifts listed, as well as your projected end date for the program
A8: - The formulas provided will project approximately 90% of those lifts in order to increase submaximal strength
A9: - Any projected weights in each of the phase tabs are only estimates, feel free to adjust on feel, particularly on supplemental lifts
A10: - You should not be failing lifts or giving maximum total effort unless specified
A11: - Anytime a set and rep range is labeled with 2 different numbers (e.g. 5/3 and 3/2), the first group of sets and reps is to be used with the lowest range weight, with the second group of sets and reps are being used to build up to the highest range weight
A12: - Anytime you see an asterisk ( * ) on a rep range, do as many reps as possible
A13: - After you perform this lift, adjust training max in the calculator tab
A14: - Please use the PDF you received as your training log to record the weights you actually use

Sheet Max Calculator
C7: Weight | D7: Reps
B8: Squat | C8: 350 | D8: 1 | E8: =MROUND(((C8*36)/(37-D8))*0.9,5) -> 315
B9: Bench | C9: 250 | D9: 1 | E9: =MROUND(((C9*36)/(37-D9))*0.9,5) -> 225
B10: Deadlift | C10: 450 | D10: 1 | E10: =MROUND(((C10*36)/(37-D10))*0.9,5) -> 405
B12: End Date | E12: 43078

Sheet Exercise Selection
B2: A | C2: B | D2: C | E2: D | F2: E | G2: F
B4: Beltless High Bar Squat | C4: 3ct Pause Close Grip Bench | D4: Slow Eccentric DB or Cable Side Bench | E4: GHR or Back Extension | F4: Slingshot Abduction/Hip Abduction | G4: Band Pullapart/Rear Delt
B5: Beltless Low Bar Squat | C5: 3ct Pause DB Bench | D5: DB 1 Arm Row w Pause | E5: Rear Delt Raise | F5: Band/Cable Curls Slow eccentric | G5: DB Neutral Deadstop Pushups
B6: Dumbbell Squat | C6: Overhead Press | D6: Plank | E6: Band/Cable Row | F6: Sit ups/Reverse Crunch slow eccentric | G6: Reverse Lunge
B7: Front Squat | C7: DB Romanian DL | D7: Chest Supported Row | E7: Side Delt Raise | F7: Tricep Extensions | G7: Bicep Curls
B8: Beltless Stiff Bar DL (opp stance) | C8: Overhand Romanian DL | D8: Side Plank | E8: 2-way delt raise w pause | F8: One arm DB row w pause | G8: DB Flys slow eccentric
B9: Beltless Stiff Bar Deficit DL | C9: DB Incline Press | D9: Pendlay Rows | E9: DB Glute Bridge w 3ct Pause | F9: Hip Circle Side steps | G9: Goblet Reverse Lunge
B10: Beltless DL | C10: Incline Bench Press | D10: SB Body Saw | E10: Tricep Pushdown w slow eccentric | F10: DB Hammer Curls Slow eccentric | G10: DB Curls
B11: Wide Grip Feet Up Bench | C11: 3ct Pause Bench Press | D11: 1 Arm Deadstop KB Row 3ct Pause | E11: DB Floor Press w Pause | F11: Hanging Leg raise | G11: Band/Cable Triceps
B12: Wide Grip Bench | C12: Competition Bench Press | D12: 3ct Wide Grip Feet Up Bench | E12: KB Goblet Squat | F12: Seated Leg curls slow eccentric | G12: Paused Pulldowns
B13: Close Grip Feet Up Bench | C13: Tempo Close Grip bench 3ct Pause | D13: SB Pike | E13: DB Overhead Press | F13: suit case holds | G13: DB Batwing Holds
B14: Close Grip Bench | C14: Tempo Stiff leg DL | D14: Chin up | E14: Meadow Row Slow eccentric | F14: underhand pulldowns | G14: DB Deadstop triceps
... B16: Tempo High Bar Squat | C16: 3ct Spotto Press | D16: Close Grip 3ct Pause Feet Up Bench | E16: DB incline press | F16: Band/Cable Triceps 3ct Pause | G16: Cable/TRX Holds
B17: Stiff Bar Deficit DL | C17: Deficit Deadlift | D17: Band/Cable Face Pulls | E17: One arm DB Row w Pause | F17: Hanging Knee raise
B18: Stiff Bar DL w/ Chains | C18: Low Bar 3ct Pause Squat | D18: Chest Supported Row | E18: DB bench 5ct eccentric | F18: Seated Bicep Curls Slow Eccentric
B19: Incline Bench Press | C19: Double Pause Squat | D19: Spotto Press | E19: Band/TRX holds
B20: Incline Bench Press w/ Chains | C20: Block Pulls | D20: KB Belly Breath Press Out
B21: High Bar 3ct Paused Squat | C21: 3ct Pause Wide Grip Bench Feet Up | D21: Wide Grip Bench
B22: Deadlift | C22: 1ct Pause Squat | D22: Close Grip Bench
B23: High Bar Speed Squat | C23: 3ct Pause Deadlift | D23: Short Side Plank Clamshell
B24: Bench Press 3ct Pause | C24: 3ct Pause Duffalo
B25: Low Bar w/ Chains | C25: 1ct Pause Bench
B26: Low Bar 3ct Pause Squat | C26: Duffalo w/ Chains
B27: Competition Bench Press | C27: 3ct SlingShot Bench or Reverse Bands
B28: Beltless SSB | C28: Bench w/ Chains
B29: Beltless Stiff Bar Opposite Stance DL | C29: 3ct Pause Neutral DB Press
B30: Reverse Band Comp Deads | C30: DB Belly Swing
B31: SSB Squats w/ Chains
B32: Squat Reverse Mini
B33: DL w/ Chains
B34: Bench w/ Chains
B35: Reverse Bands Squat
B36: SlingShot Bench
B37: Speed DL
B38: SSB Squat
B39: Competition Squat
B40: Competition Deadlift
B41: Squat w/ Bands
B42: Bench w/ Bands
... B45: Stiff Bar DL w/ Chains

Sheet PrePeaking Phase
D9: PrePeaking | H9: Day | I9: 1
B13: Week | C13: A | D13: Squat | E13: Sets | F13: Reps | G13: Working Range | I13: Working Weights
B14: ='Max Calculator'!$E$12-140 -> 42938 | C14: A1 | D14: =HLOOKUP($I$9,INDIRECT($D$9),VLOOKUP(C14,'Phase Creator'!$B$8:$C$19,2,FALSE),FALSE) -> Competition Squat | E14: 5 | F14: 3 | G14: 0.82 | H14: 0.87 | I14: =IF(MROUND(IF($D$13="squat",'Max Calculator'!$E$8*G14,IF($D$13="bench",'Max Calculator'!$E$9*G14,IF($D$13="deadlift",'Max Calculator'!$E$10*G14,0))),5)=0," ",MROUND(IF($D$13="squat",'Max Calculator'!$E$8*G14,IF($D$13="bench",'Max Calculator'!$E$9*G14,IF($D$13="deadlift",'Max Calculator'!$E$10*G14,0))),5)) -> 260 | J14: =IF(MROUND(IF($D$13="squat",'Max Calculator'!$E$8*H14,IF($D$13="bench",'Max Calculator'!$E$9*H14,IF($D$13="deadlift",'Max Calculator'!$E$10*H14,0))),5)=0," ",MROUND(IF($D$13="squat",'Max Calculator'!$E$8*H14,IF($D$13="bench",'Max Calculator'!$E$9*H14,IF($D$13="deadlift",'Max Calculator'!$E$10*H14,0))),5)) -> 275
B15: ='Max Calculator'!$E$12-133 -> 42945 | C15: A2 | D15: =HLOOKUP($I$9,INDIRECT($D$9),VLOOKUP(C15,'Phase Creator'!$B$8:$C$19,2,FALSE),FALSE) -> Low Bar w/ Chains | E15: 8 | F15: 2 | G15: 0.55 | H15: 0.65 | I15: =IF(MROUND(IF($D$13="squat",'Max Calculator'!$E$8*G15,IF($D$13="bench",'Max Calculator'!$E$9*G15,IF($D$13="deadlift",'Max Calculator'!$E$10*G15,0))),5)=0," ",MROUND(IF($D$13="squat",'Max Calculator'!$E$8*G15,IF($D$13="bench",'Max Calculator'!$E$9*G15,IF($D$13="deadlift",'Max Calculator'!$E$10*G15,0))),5)) -> 175 | J15: =IF(MROUND(IF($D$13="squat",'Max Calculator'!$E$8*H15,IF($D$13="bench",'Max Calculator'!$E$9*H15,IF($D$13="deadlift",'Max Calculator'!$E$10*H15,0))),5)=0," ",MROUND(IF($D$13="squat",'Max Calculator'!$E$8*H15,IF($D$13="bench",'Max Calculator'!$E$9*H15,IF($D$13="deadlift",'Max Calculator'!$E$10*H15,0))),5)) -> 205
B16: ='Max Calculator'!$E$12-42 -> 43036 | C16: A3 | D16: =HLOOKUP($I$9,INDIRECT($D$9),VLOOKUP(C16,'Phase Creator'!$B$8:$C$19,2,FALSE),FALSE) -> Low Bar w/ Chains | E16: 5/3 | F16: 3/2 | G16: 0.65 | H16: 0.8 | I16: =IF(MROUND(IF($D$13="squat",'Max Calculator'!$E$8*G16,IF($D$13="bench",'Max Calculator'!$E$9*G16,IF($D$13="deadlift",'Max Calculator'!$E$10*G16,0))),5)=0," ",MROUND(IF($D$13="squat",'Max Calculator'!$E$8*G16,IF($D$13="bench",'Max Calculator'!$E$9*G16,IF($D$13="deadlift",'Max Calculator'!$E$10*G16,0))),5)) -> 205 | J16: =IF(MROUND(IF($D$13="squat",'Max Calculator'!$E$8*H16,IF($D$13="bench",'Max Calculator'!$E$9*H16,IF($D$13="deadlift",'Max Calculator'!$E$10*H16,0))),5)=0," ",MROUND(IF($D$13="squat",'Max Calculator'!$E$8*H16,IF($D$13="bench",'Max Calculator'!$E$9*H16,IF($D$13="deadlift",'Max Calculator'!$E$10*H16,0))),5)) -> 250
B17: ='Max Calculator'!$E$12-35 -> 43043 | C17: A4 | D17: =HLOOKUP($I$9,INDIRECT($D$9),VLOOKUP(C17,'Phase Creator'!$B$8:$C$19,2,FALSE),FALSE) -> Competition Squat | E17: 1 | F17: * | H17: 0.93 | I17: =IF(MROUND(IF($D$13="squat",'Max Calculator'!$E$8*G17,IF($D$13="bench",'Max Calculator'!$E$9*G17,IF($D$13="deadlift",'Max Calculator'!$E$10*G17,0))),5)=0," ",MROUND(IF($D$13="squat",'Max Calculator'!$E$8*G17,IF($D$13="bench",'Max Calculator'!$E$9*G17,IF($D$13="deadlift",'Max Calculator'!$E$10*G17,0))),5)) | J17: =IF(MROUND(IF($D$13="squat",'Max Calculator'!$E$8*H17,IF($D$13="bench",'Max Calculator'!$E$9*H17,IF($D$13="deadlift",'Max Calculator'!$E$10*H17,0))),5)=0," ",MROUND(IF($D$13="squat",'Max Calculator'!$E$8*H17,IF($D$13="bench",'Max Calculator'!$E$9*H17,IF($D$13="deadlift",'Max Calculator'!$E$10*H17,0))),5)) -> 295
B19: Week | C19: B | D19: Squat | E19: Sets | F19: Reps | G19: Working Range | I19: Working Weights
B20: ='Max Calculator'!$E$12-140 -> 42938 | C20: B1 | D20: =HLOOKUP($I$9,INDIRECT($D$9),VLOOKUP(C20,'Phase Creator'!$B$8:$C$19,2,FALSE),FALSE) -> Low Bar 3ct Pause Squat | E20: 3 | F20: 6 | H20: 0.55 | I20: =IF(MROUND(IF($D$19="squat",'Max Calculator'!$E$8*G20,IF($D$19="bench",'Max Calculator'!$E$9*G20,IF($D$19="deadlift",'Max Calculator'!$E$10*G20,0))),5)=0," ",MROUND(IF($D$19="squat",'Max Calculator'!$E$8*G20,IF($D$19="bench",'Max Calculator'!$E$9*G20,IF($D$19="deadlift",'Max Calculator'!$E$10*G20,0))),5)) | J20: =IF(MROUND(IF($D$19="squat",'Max Calculator'!$E$8*H20,IF($D$19="bench",'Max Calculator'!$E$9*H20,IF($D$19="deadlift",'Max Calculator'!$E$10*H20,0))),5)=0," ",MROUND(IF($D$19="squat",'Max Calculator'!$E$8*H20,IF($D$19="bench",'Max Calculator'!$E$9*H20,IF($D$19="deadlift",'Max Calculator'!$E$10*H20,0))),5)) -> 175
B21: ='Max Calculator'!$E$12-133 -> 42945 | C21: B2 | D21: =HLOOKUP($I$9,INDIRECT($D$9),VLOOKUP(C21,'Phase Creator'!$B$8:$C$19,2,FALSE),FALSE) -> Low Bar 3ct Pause Squat | E21: 2 | F21: 8 | H21: 0.5 | I21: =IF(MROUND(IF($D$19="squat",'Max Calculator'!$E$8*G21,IF($D$19="bench",'Max Calculator'!$E$9*G21,IF($D$19="deadlift",'Max Calculator'!$E$10*G21,0))),5)=0," ",MROUND(IF($D$19="squat",'Max Calculator'!$E$8*G21,IF($D$19="bench",'Max Calculator'!$E$9*G21,IF($D$19="deadlift",'Max Calculator'!$E$10*G21,0))),5)) | J21: =IF(MROUND(IF($D$19="squat",'Max Calculator'!$E$8*H21,IF($D$19="bench",'Max Calculator'!$E$9*H21,IF($D$19="deadlift",'Max Calculator'!$E$10*H21,0))),5)=0," ",MROUND(IF($D$19="squat",'Max Calculator'!$E$8*H21,IF($D$19="bench",'Max Calculator'!$E$9*H21,IF($D$19="deadlift",'Max Calculator'!$E$10*H21,0))),5)) -> 160
B22: ='Max Calculator'!$E$12-42 -> 43036 | C22: B3 | D22: =HLOOKUP($I$9,INDIRECT($D$9),VLOOKUP(C22,'Phase Creator'!$B$8:$C$19,2,FALSE),FALSE) -> Low Bar 3ct Pause Squat | E22: 4 | F22: 5 | H22: 0.6 | I22: =IF(MROUND(IF($D$19="squat",'Max Calculator'!$E$8*G22,IF($D$19="bench",'Max Calculator'!$E$9*G22,IF($D$19="deadlift",'Max Calculator'!$E$10*G22,0))),5)=0," ",MROUND(IF($D$19="squat",'Max Calculator'!$E$8*G22,IF($D$19="bench",'Max Calculator'!$E$9*G22,IF($D$19="deadlift",'Max Calculator'!$E$10*G22,0))),5)) | J22: =IF(MROUND(IF($D$19="squat",'Max Calculator'!$E$8*H22,IF($D$19="bench",'Max Calculator'!$E$9*H22,IF($D$19="deadlift",'Max Calculator'!$E$10*H22,0))),5)=0," ",MROUND(IF($D$19="squat",'Max Calculator'!$E$8*H22,IF($D$19="bench",'Max Calculator'!$E$9*H22,IF($D$19="deadlift",'Max Calculator'!$E$10*H22,0))),5)) -> 190
B23: ='Max Calculator'!$E$12-35 -> 43043 | C23: B4 | D23: =HLOOKUP($I$9,INDIRECT($D$9),VLOOKUP(C23,'Phase Creator'!$B$8:$C$19,2,FALSE),FALSE) -> Low Bar 3ct Pause Squat | E23: 2 | F23: 5 | H23: 0.55 | I23: =IF(MROUND(IF($D$19="squat",'Max Calculator'!$E$8*G23,IF($D$19="bench",'Max Calculator'!$E$9*G23,IF($D$19="deadlift",'Max Calculator'!$E$10*G23,0))),5)=0," ",MROUND(IF($D$19="squat",'Max Calculator'!$E$8*G23,IF($D$19="bench",'Max Calculator'!$E$9*G23,IF($D$19="deadlift",'Max Calculator'!$E$10*G23,0))),5)) | J23: =IF(MROUND(IF($D$19="squat",'Max Calculator'!$E$8*H23,IF($D$19="bench",'Max Calculator'!$E$9*H23,IF($D$19="deadlift",'Max Calculator'!$E$10*H23,0))),5)=0," ",MROUND(IF($D$19="squat",'Max Calculator'!$E$8*H23,IF($D$19="bench",'Max Calculator'!$E$9*H23,IF($D$19="deadlift",'Max Calculator'!$E$10*H23,0))),5)) -> 175
B25: Week | C25: C | D25: Exercise | E25: Sets | F25: Reps | G25: Working Range | I25: Working Weights
B26: ='Max Calculator'!$E$12-140 -> 42938 | C26: C | D26: =HLOOKUP($I$9,INDIRECT($D$9),VLOOKUP(C26,'Phase Creator'!$B$8:$C$19,2,FALSE),FALSE) -> SB Pike | E26: 3 | F26: 6 | I26: =IF(MROUND(IF(D25="squat",'Max Calculator'!$E$8*G26,IF(D25="bench",'Max Calculator'!$E$9*G26,IF(D25="deadlift",'Max Calculator'!$E$10*G26,0))),5)=0," ",MROUND(IF(D25="squat",'Max Calculator'!$E$8*G26,IF(D25="bench",'Max Calculator'!$E$9*G26,IF(D25="deadlift",'Max Calculator'!$E$10*G26,0))),5)) | J26: =IF(MROUND(IF(D25="squat",'Max Calculator'!$E$8*H26,IF(D25="bench",'Max Calculator'!$E$9*H26,IF(D25="deadlift",'Max Calculator'!$E$10*H26,0))),5)=0," ",MROUND(IF(D25="squat",'Max Calculator'!$E$8*H26,IF(D25="bench",'Max Calculator'!$E$9*H26,IF(D25="deadlift",'Max Calculator'!$E$10*H26,0))),5))
B27: ='Max Calculator'!$E$12-133 -> 42945 | C27: C | D27: =HLOOKUP($I$9,INDIRECT($D$9),VLOOKUP(C27,'Phase Creator'!$B$8:$C$19,2,FALSE),FALSE) -> SB Pike | E27: 2 | F27: 8 | I27: =IF(MROUND(IF(D25="squat",'Max Calculator'!$E$8*G27,IF(D25="bench",'Max Calculator'!$E$9*G27,IF(D25="deadlift",'Max Calculator'!$E$10*G27,0))),5)=0," ",MROUND(IF(D25="squat",'Max Calculator'!$E$8*G27,IF(D25="bench",'Max Calculator'!$E$9*G27,IF(D25="deadlift",'Max Calculator'!$E$10*G27,0))),5)) | J27: =IF(MROUND(IF(D25="squat",'Max Calculator'!$E$8*H27,IF(D25="bench",'Max Calculator'!$E$9*H27,IF(D25="deadlift",'Max Calculator'!$E$10*H27,0))),5)=0," ",MROUND(IF(D25="squat",'Max Calculator'!$E$8*H27,IF(D25="bench",'Max Calculator'!$E$9*H27,IF(D25="deadlift",'Max Calculator'!$E$10*H27,0))),5))
B28: ='Max Calculator'!$E$12-42 -> 43036 | C28: C | D28: =HLOOKUP($I$9,INDIRECT($D$9),VLOOKUP(C28,'Phase Creator'!$B$8:$C$19,2,FALSE),FALSE) -> SB Pike | E28: 4 | F28: 5 | I28: =IF(MROUND(IF(D25="squat",'Max Calculator'!$E$8*G28,IF(D25="bench",'Max Calculator'!$E$9*G28,IF(D25="deadlift",'Max Calculator'!$E$10*G28,0))),5)=0," ",MROUND(IF(D25="squat",'Max Calculator'!$E$8*G28,IF(D25="bench",'Max Calculator'!$E$9*G28,IF(D25="deadlift",'Max Calculator'!$E$10*G28,0))),5)) | J28: =IF(MROUND(IF(D25="squat",'Max Calculator'!$E$8*H28,IF(D25="bench",'Max Calculator'!$E$9*H28,IF(D25="deadlift",'Max Calculator'!$E$10*H28,0))),5)=0," ",MROUND(IF(D25="squat",'Max Calculator'!$E$8*H28,IF(D25="bench",'Max Calculator'!$E$9*H28,IF(D25="deadlift",'Max Calculator'!$E$10*H28,0))),5))
B29: ='Max Calculator'!$E$12-35 -> 43043 | C29: C | D29: =HLOOKUP($I$9,INDIRECT($D$9),VLOOKUP(C29,'Phase Creator'!$B$8:$C$19,2,FALSE),FALSE) -> SB Pike | E29: 1 | F29: 10 | I29: =IF(MROUND(IF(D25="squat",'Max Calculator'!$E$8*G29,IF(D25="bench",'Max Calculator'!$E$9*G29,IF(D25="deadlift",'Max Calculator'!$E$10*G29,0))),5)=0," ",MROUND(IF(D25="squat",'Max Calculator'!$E$8*G29,IF(D25="bench",'Max Calculator'!$E$9*G29,IF(D25="deadlift",'Max Calculator'!$E$10*G29,0))),5)) | J29: =IF(MROUND(IF(D25="squat",'Max Calculator'!$E$8*H29,IF(D25="bench",'Max Calculator'!$E$9*H29,IF(D25="deadlift",'Max Calculator'!$E$10*H29,0))),5)=0," ",MROUND(IF(D25="squat",'Max Calculator'!$E$8*H29,IF(D25="bench",'Max Calculator'!$E$9*H29,IF(D25="deadlift",'Max Calculator'!$E$10*H29,0))),5))
B31: Week | C31: D | D31: Exercise | E31: Sets | F31: Reps | G31: Working Range | I31: Working Weights
B32: ='Max Calculator'!$E$12-140 -> 42938 | C32: D | D32: =HLOOKUP($I$9,INDIRECT($D$9),VLOOKUP(C32,'Phase Creator'!$B$8:$C$19,2,FALSE),FALSE) -> GHR or Back Extension | E32: 3 | F32: 15 | I32: =IF(MROUND(IF(D31="squat",'Max Calculator'!$E$8*G32,IF(D31="bench",'Max Calculator'!$E$9*G32,IF(D31="deadlift",'Max Calculator'!$E$10*G32,0))),5)=0," ",MROUND(IF(D31="squat",'Max Calculator'!$E$8*G32,IF(D31="bench",'Max Calculator'!$E$9*G32,IF(D31="deadlift",'Max Calculator'!$E$10*G32,0))),5)) | J32: =IF(MROUND(IF(D31="squat",'Max Calculator'!$E$8*H32,IF(D31="bench",'Max Calculator'!$E$9*H32,IF(D31="deadlift",'Max Calculator'!$E$10*H32,0))),5)=0," ",MROUND(IF(D31="squat",'Max Calculator'!$E$8*H32,IF(D31="bench",'Max Calculator'!$E$9*H32,IF(D31="deadlift",'Max Calculator'!$E$10*H32,0))),5))
B33: ='Max Calculator'!$E$12-133 -> 42945 | C33: D | D33: =HLOOKUP($I$9,INDIRECT($D$9),VLOOKUP(C33,'Phase Creator'!$B$8:$C$19,2,FALSE),FALSE) -> GHR or Back Extension | E33: 2 | F33: 20 | I33: =IF(MROUND(IF(D31="squat",'Max Calculator'!$E$8*G33,IF(D31="bench",'Max Calculator'!$E$9*G33,IF(D31="deadlift",'Max Calculator'!$E$10*G33,0))),5)=0," ",MROUND(IF(D31="squat",'Max Calculator'!$E$8*G33,IF(D31="bench",'Max Calculator'!$E$9*G33,IF(D31="deadlift",'Max Calculator'!$E$10*G33,0))),5)) | J33: =IF(MROUND(IF(D31="squat",'Max Calculator'!$E$8*H33,IF(D31="bench",'Max Calculator'!$E$9*H33,IF(D31="deadlift",'Max Calculator'!$E$10*H33,0))),5)=0," ",MROUND(IF(D31="squat",'Max Calculator'!$E$8*H33,IF(D31="bench",'Max Calculator'!$E$9*H33,IF(D31="deadlift",'Max Calculator'!$E$10*H33,0))),5))
B34: ='Max Calculator'!$E$12-42 -> 43036 | C34: D | D34: =HLOOKUP($I$9,INDIRECT($D$9),VLOOKUP(C34,'Phase Creator'!$B$8:$C$19,2,FALSE),FALSE) -> GHR or Back Extension | E34: 4 | F34: 12 | I34: =IF(MROUND(IF(D31="squat",'Max Calculator'!$E$8*G34,IF(D31="bench",'Max Calculator'!$E$9*G34,IF(D31="deadlift",'Max Calculator'!$E$10*G34,0))),5)=0," ",MROUND(IF(D31="squat",'Max Calculator'!$E$8*G34,IF(D31="bench",'Max Calculator'!$E$9*G34,IF(D31="deadlift",'Max Calculator'!$E$10*G34,0))),5)) | J34: =IF(MROUND(IF(D31="squat",'Max Calculator'!$E$8*H34,IF(D31="bench",'Max Calculator'!$E$9*H34,IF(D31="deadlift",'Max Calculator'!$E$10*H34,0))),5)=0," ",MROUND(IF(D31="squat",'Max Calculator'!$E$8*H34,IF(D31="bench",'Max Calculator'!$E$9*H34,IF(D31="deadlift",'Max Calculator'!$E$10*H34,0))),5))
B35: ='Max Calculator'!$E$12-35 -> 43043 | C35: D | D35: =HLOOKUP($I$9,INDIRECT($D$9),VLOOKUP(C35,'Phase Creator'!$B$8:$C$19,2,FALSE),FALSE) -> GHR or Back Extension | E35: 1 | F35: 20 | I35: =IF(MROUND(IF(D31="squat",'Max Calculator'!$E$8*G35,IF(D31="bench",'Max Calculator'!$E$9*G35,IF(D31="deadlift",'Max Calculator'!$E$10*G35,0))),5)=0," ",MROUND(IF(D31="squat",'Max Calculator'!$E$8*G35,IF(D31="bench",'Max Calculator'!$E$9*G35,IF(D31="deadlift",'Max Calculator'!$E$10*G35,0))),5)) | J35: =IF(MROUND(IF(D31="squat",'Max Calculator'!$E$8*H35,IF(D31="bench",'Max Calculator'!$E$9*H35,IF(D31="deadlift",'Max Calculator'!$E$10*H35,0))),5)=0," ",MROUND(IF(D31="squat",'Max Calculator'!$E$8*H35,IF(D31="bench",'Max Calculator'!$E$9*H35,IF(D31="deadlift",'Max Calculator'!$E$10*H35,0))),5))
B37: Week | C37: E | D37: Exercise | E37: Sets | F37: Reps | G37: Working Range | I37: Working Weights
B38: ='Max Calculator'!$E$12-140 -> 42938 | C38: E | D38: =HLOOKUP($I$9,INDIRECT($D$9),VLOOKUP(C38,'Phase Creator'!$B$8:$C$19,2,FALSE),FALSE) -> Slingshot Abduction/Hip Abduction | E38: 3 | F38: 8 | I38: =IF(MROUND(IF(D37="squat",'Max Calculator'!$E$8*G38,IF(D37="bench",'Max Calculator'!$E$9*G38,IF(D37="deadlift",'Max Calculator'!$E$10*G38,0))),5)=0," ",MROUND(IF(D37="squat",'Max Calculator'!$E$8*G38,IF(D37="bench",'Max Calculator'!$E$9*G38,IF(D37="deadlift",'Max Calculator'!$E$10*G38,0))),5)) | J38: =IF(MROUND(IF(D37="squat",'Max Calculator'!$E$8*H38,IF(D37="bench",'Max Calculator'!$E$9*H38,IF(D37="deadlift",'Max Calculator'!$E$10*H38,0))),5)=0," ",MROUND(IF(D37="squat",'Max Calculator'!$E$8*H38,IF(D37="bench",'Max Calculator'!$E$9*H38,IF(D37="deadlift",'Max Calculator'!$E$10*H38,0))),5))
B39: ='Max Calculator'!$E$12-133 -> 42945 | C39: E | D39: =HLOOKUP($I$9,INDIRECT($D$9),VLOOKUP(C39,'Phase Creator'!$B$8:$C$19,2,FALSE),FALSE) -> Slingshot Abduction/Hip Abduction | E39: 2 | F39: 12 | I39: =IF(MROUND(IF(D37="squat",'Max Calculator'!$E$8*G39,IF(D37="bench",'Max Calculator'!$E$9*G39,IF(D37="deadlift",'Max Calculator'!$E$10*G39,0))),5)=0," ",MROUND(IF(D37="squat",'Max Calculator'!$E$8*G39,IF(D37="bench",'Max Calculator'!$E$9*G39,IF(D37="deadlift",'Max Calculator'!$E$10*G39,0))),5)) | J39: =IF(MROUND(IF(D37="squat",'Max Calculator'!$E$8*H39,IF(D37="bench",'Max Calculator'!$E$9*H39,IF(D37="deadlift",'Max Calculator'!$E$10*H39,0))),5)=0," ",MROUND(IF(D37="squat",'Max Calculator'!$E$8*H39,IF(D37="bench",'Max Calculator'!$E$9*H39,IF(D37="deadlift",'Max Calculator'!$E$10*H39,0))),5))
B40: ='Max Calculator'!$E$12-42 -> 43036 | C40: E | D40: =HLOOKUP($I$9,INDIRECT($D$9),VLOOKUP(C40,'Phase Creator'!$B$8:$C$19,2,FALSE),FALSE) -> Slingshot Abduction/Hip Abduction | E40: 4 | F40: 10 | I40: =IF(MROUND(IF(D37="squat",'Max Calculator'!$E$8*G40,IF(D37="bench",'Max Calculator'!$E$9*G40,IF(D37="deadlift",'Max Calculator'!$E$10*G40,0))),5)=0," ",MROUND(IF(D37="squat",'Max Calculator'!$E$8*G40,IF(D37="bench",'Max Calculator'!$E$9*G40,IF(D37="deadlift",'Max Calculator'!$E$10*G40,0))),5)) | J40: =IF(MROUND(IF(D37="squat",'Max Calculator'!$E$8*H40,IF(D37="bench",'Max Calculator'!$E$9*H40,IF(D37="deadlift",'Max Calculator'!$E$10*H40,0))),5)=0," ",MROUND(IF(D37="squat",'Max Calculator'!$E$8*H40,IF(D37="bench",'Max Calculator'!$E$9*H40,IF(D37="deadlift",'Max Calculator'!$E$10*H40,0))),5))
B41: ='Max Calculator'!$E$12-35 -> 43043 | C41: E | D41: =HLOOKUP($I$9,INDIRECT($D$9),VLOOKUP(C41,'Phase Creator'!$B$8:$C$19,2,FALSE),FALSE) -> Slingshot Abduction/Hip Abduction | E41: 1 | F41: 15 | I41: =IF(MROUND(IF(D37="squat",'Max Calculator'!$E$8*G41,IF(D37="bench",'Max Calculator'!$E$9*G41,IF(D37="deadlift",'Max Calculator'!$E$10*G41,0))),5)=0," ",MROUND(IF(D37="squat",'Max Calculator'!$E$8*G41,IF(D37="bench",'Max Calculator'!$E$9*G41,IF(D37="deadlift",'Max Calculator'!$E$10*G41,0))),5)) | J41: =IF(MROUND(IF(D37="squat",'Max Calculator'!$E$8*H41,IF(D37="bench",'Max Calculator'!$E$9*H41,IF(D37="deadlift",'Max Calculator'!$E$10*H41,0))),5)=0," ",MROUND(IF(D37="squat",'Max Calculator'!$E$8*H41,IF(D37="bench",'Max Calculator'!$E$9*H41,IF(D37="deadlift",'Max Calculator'!$E$10*H41,0))),5))
B43: Week | C43: F | D43: Exercise | E43: Sets | F43: Reps | G43: Working Range | I43: Working Weights
B44: ='Max Calculator'!$E$12-140 -> 42938 | C44: F | D44: =HLOOKUP($I$9,INDIRECT($D$9),VLOOKUP(C44,'Phase Creator'!$B$8:$C$19,2,FALSE),FALSE) -> Cable/TRX Holds | E44: 3 | F44: 25 | I44: =IF(MROUND(IF(D43="squat",'Max Calculator'!$E$8*G44,IF(D43="bench",'Max Calculator'!$E$9*G44,IF(D43="deadlift",'Max Calculator'!$E$10*G44,0))),5)=0," ",MROUND(IF(D43="squat",'Max Calculator'!$E$8*G44,IF(D43="bench",'Max Calculator'!$E$9*G44,IF(D43="deadlift",'Max Calculator'!$E$10*G44,0))),5)) | J44: =IF(MROUND(IF(D43="squat",'Max Calculator'!$E$8*H44,IF(D43="bench",'Max Calculator'!$E$9*H44,IF(D43="deadlift",'Max Calculator'!$E$10*H44,0))),5)=0," ",MROUND(IF(D43="squat",'Max Calculator'!$E$8*H44,IF(D43="bench",'Max Calculator'!$E$9*H44,IF(D43="deadlift",'Max Calculator'!$E$10*H44,0))),5))
B45: ='Max Calculator'!$E$12-133 -> 42945 | C45: F | D45: =HLOOKUP($I$9,INDIRECT($D$9),VLOOKUP(C45,'Phase Creator'!$B$8:$C$19,2,FALSE),FALSE) -> Cable/TRX Holds | E45: 2 | F45: 30 | I45: =IF(MROUND(IF(D43="squat",'Max Calculator'!$E$8*G45,IF(D43="bench",'Max Calculator'!$E$9*G45,IF(D43="deadlift",'Max Calculator'!$E$10*G45,0))),5)=0," ",MROUND(IF(D43="squat",'Max Calculator'!$E$8*G45,IF(D43="bench",'Max Calculator'!$E$9*G45,IF(D43="deadlift",'Max Calculator'!$E$10*G45,0))),5)) | J45: =IF(MROUND(IF(D43="squat",'Max Calculator'!$E$8*H45,IF(D43="bench",'Max Calculator'!$E$9*H45,IF(D43="deadlift",'Max Calculator'!$E$10*H45,0))),5)=0," ",MROUND(IF(D43="squat",'Max Calculator'!$E$8*H45,IF(D43="bench",'Max Calculator'!$E$9*H45,IF(D43="deadlift",'Max Calculator'!$E$10*H45,0))),5))
B46: ='Max Calculator'!$E$12-42 -> 43036 | C46: F | D46: =HLOOKUP($I$9,INDIRECT($D$9),VLOOKUP(C46,'Phase Creator'!$B$8:$C$19,2,FALSE),FALSE) -> Cable/TRX Holds | E46: 4 | F46: 20 | I46: =IF(MROUND(IF(D43="squat",'Max Calculator'!$E$8*G46,IF(D43="bench",'Max Calculator'!$E$9*G46,IF(D43="deadlift",'Max Calculator'!$E$10*G46,0))),5)=0," ",MROUND(IF(D43="squat",'Max Calculator'!$E$8*G46,IF(D43="bench",'Max Calculator'!$E$9*G46,IF(D43="deadlift",'Max Calculator'!$E$10*G46,0))),5)) | J46: =IF(MROUND(IF(D43="squat",'Max Calculator'!$E$8*H46,IF(D43="bench",'Max Calculator'!$E$9*H46,IF(D43="deadlift",'Max Calculator'!$E$10*H46,0))),5)=0," ",MROUND(IF(D43="squat",'Max Calculator'!$E$8*H46,IF(D43="bench",'Max Calculator'!$E$9*H46,IF(D43="deadlift",'Max Calculator'!$E$10*H46,0))),5))
B47: ='Max Calculator'!$E$12-35 -> 43043 | C47: F | D47: =HLOOKUP($I$9,INDIRECT($D$9),VLOOKUP(C47,'Phase Creator'!$B$8:$C$19,2,FALSE),FALSE) -> Cable/TRX Holds | E47: 1 | F47: 35 | I47: =IF(MROUND(IF(D43="squat",'Max Calculator'!$E$8*G47,IF(D43="bench",'Max Calculator'!$E$9*G47,IF(D43="deadlift",'Max Calculator'!$E$10*G47,0))),5)=0," ",MROUND(IF(D43="squat",'Max Calculator'!$E$8*G47,IF(D43="bench",'Max Calculator'!$E$9*G47,IF(D43="deadlift",'Max Calculator'!$E$10*G47,0))),5)) | J47: =IF(MROUND(IF(D43="squat",'Max Calculator'!$E$8*H47,IF(D43="bench",'Max Calculator'!$E$9*H47,IF(D43="deadlift",'Max Calculator'!$E$10*H47,0))),5)=0," ",MROUND(IF(D43="squat",'Max Calculator'!$E$8*H47,IF(D43="bench",'Max Calculator'!$E$9*H47,IF(D43="deadlift",'Max Calculator'!$E$10*H47,0))),5))
D56: =D9 -> PrePeaking | H56: Day | I56: 2
B60: Week | C60: A | D60: Bench | E60: Sets | F60: Reps | G60: Working Range | I60: Working Weights
B61: ='Max Calculator'!$E$12-140 -> 42938 | C61: A1 | D61: =HLOOKUP($I$56,INDIRECT($D$9),VLOOKUP(C61,'Phase Creator'!$B$8:$C$19,2,FALSE),FALSE) -> Bench Press 3ct Pause | E61: 5 | F61: 3 | G61: 0.82 | H61: 0.87 | I61: =IF(MROUND(IF(D60="squat",'Max Calculator'!$E$8*G61,IF(D60="bench",'Max Calculator'!$E$9*G61,IF(D60="deadlift",'Max Calculator'!$E$10*G61,0))),5)=0," ",MROUND(IF(D60="squat",'Max Calculator'!$E$8*G61,IF(D60="bench",'Max Calculator'!$E$9*G61,IF(D60="deadlift",'Max Calculator'!$E$10*G61,0))),5)) -> 185 | J61: =IF(MROUND(IF(D60="squat",'Max Calculator'!$E$8*H61,IF(D60="bench",'Max Calculator'!$E$9*H61,IF(D60="deadlift",'Max Calculator'!$E$10*H61,0))),5)=0," ",MROUND(IF(D60="squat",'Max Calculator'!$E$8*H61,IF(D60="bench",'Max Calculator'!$E$9*H61,IF(D60="deadlift",'Max Calculator'!$E$10*H61,0))),5)) -> 195
B62: ='Max Calculator'!$E$12-133 -> 42945 | C62: A2 | D62: =HLOOKUP($I$56,INDIRECT($D$9),VLOOKUP(C62,'Phase Creator'!$B$8:$C$19,2,FALSE),FALSE) -> Bench w/ Chains | E62: 8 | F62: 3 | G62: 0.55 | H62: 0.6 | I62: =IF(MROUND(IF(D60="squat",'Max Calculator'!$E$8*G62,IF(D60="bench",'Max Calculator'!$E$9*G62,IF(D60="deadlift",'Max Calculator'!$E$10*G62,0))),5)=0," ",MROUND(IF(D60="squat",'Max Calculator'!$E$8*G62,IF(D60="bench",'Max Calculator'!$E$9*G62,IF(D60="deadlift",'Max Calculator'!$E$10*G62,0))),5)) -> 125 | J62: =IF(MROUND(IF(D60="squat",'Max Calculator'!$E$8*H62,IF(D60="bench",'Max Calculator'!$E$9*H62,IF(D60="deadlift",'Max Calculator'!$E$10*H62,0))),5)=0," ",MROUND(IF(D60="squat",'Max Calculator'!$E$8*H62,IF(D60="bench",'Max Calculator'!$E$9*H62,IF(D60="deadlift",'Max Calculator'!$E$10*H62,0))),5)) -> 135
B63: ='Max Calculator'!$E$12-42 -> 43036 | C63: A3 | D63: =HLOOKUP($I$56,INDIRECT($D$9),VLOOKUP(C63,'Phase Creator'!$B$8:$C$19,2,FALSE),FALSE) -> Bench w/ Chains | E63: 5/3 | F63: 3/2 | G63: 0.65 | H63: 0.8 | I63: =IF(MROUND(IF(D60="squat",'Max Calculator'!$E$8*G63,IF(D60="bench",'Max Calculator'!$E$9*G63,IF(D60="deadlift",'Max Calculator'!$E$10*G63,0))),5)=0," ",MROUND(IF(D60="squat",'Max Calculator'!$E$8*G63,IF(D60="bench",'Max Calculator'!$E$9*G63,IF(D60="deadlift",'Max Calculator'!$E$10*G63,0))),5)) -> 145 | J63: =IF(MROUND(IF(D60="squat",'Max Calculator'!$E$8*H63,IF(D60="bench",'Max Calculator'!$E$9*H63,IF(D60="deadlift",'Max Calculator'!$E$10*H63,0))),5)=0," ",MROUND(IF(D60="squat",'Max Calculator'!$E$8*H63,IF(D60="bench",'Max Calculator'!$E$9*H63,IF(D60="deadlift",'Max Calculator'!$E$10*H63,0))),5)) -> 180
B64: ='Max Calculator'!$E$12-35 -> 43043 | C64: A4 | D64: =HLOOKUP($I$56,INDIRECT($D$9),VLOOKUP(C64,'Phase Creator'!$B$8:$C$19,2,FALSE),FALSE) -> Competition Bench Press | E64: 1 | F64: * | H64: 0.93 | I64: =IF(MROUND(IF(D60="squat",'Max Calculator'!$E$8*G64,IF(D60="bench",'Max Calculator'!$E$9*G64,IF(D60="deadlift",'Max Calculator'!$E$10*G64,0))),5)=0," ",MROUND(IF(D60="squat",'Max Calculator'!$E$8*G64,IF(D60="bench",'Max Calculator'!$E$9*G64,IF(D60="deadlift",'Max Calculator'!$E$10*G64,0))),5)) | J64: =IF(MROUND(IF(D60="squat",'Max Calculator'!$E$8*H64,IF(D60="bench",'Max Calculator'!$E$9*H64,IF(D60="deadlift",'Max Calculator'!$E$10*H64,0))),5)=0," ",MROUND(IF(D60="squat",'Max Calculator'!$E$8*H64,IF(D60="bench",'Max Calculator'!$E$9*H64,IF(D60="deadlift",'Max Calculator'!$E$10*H64,0))),5)) -> 210
B66: Week | C66: B | D66: Bench | E66: Sets | F66: Reps | G66: Working Range | I66: Working Weights
B67: ='Max Calculator'!$E$12-140 -> 42938 | C67: B1 | D67: =HLOOKUP($I$56,INDIRECT($D$9),VLOOKUP(C67,'Phase Creator'!$B$8:$C$19,2,FALSE),FALSE) -> 3ct Pause Close Grip Bench | E67: 3 | F67: 6 | H67: 0.55 | I67: =IF(MROUND(IF(D66="squat",'Max Calculator'!$E$8*G67,IF(D66="bench",'Max Calculator'!$E$9*G67,IF(D66="deadlift",'Max Calculator'!$E$10*G67,0))),5)=0," ",MROUND(IF(D66="squat",'Max Calculator'!$E$8*G67,IF(D66="bench",'Max Calculator'!$E$9*G67,IF(D66="deadlift",'Max Calculator'!$E$10*G67,0))),5)) | J67: =IF(MROUND(IF(D66="squat",'Max Calculator'!$E$8*H67,IF(D66="bench",'Max Calculator'!$E$9*H67,IF(D66="deadlift",'Max Calculator'!$E$10*H67,0))),5)=0," ",MROUND(IF(D66="squat",'Max Calculator'!$E$8*H67,IF(D66="bench",'Max Calculator'!$E$9*H67,IF(D66="deadlift",'Max Calculator'!$E$10*H67,0))),5)) -> 125
B68: ='Max Calculator'!$E$12-133 -> 42945 | C68: B2 | D68: =HLOOKUP($I$56,INDIRECT($D$9),VLOOKUP(C68,'Phase Creator'!$B$8:$C$19,2,FALSE),FALSE) -> 3ct Pause Close Grip Bench | E68: 2 | F68: 8 | H68: 0.6 | I68: =IF(MROUND(IF(D66="squat",'Max Calculator'!$E$8*G68,IF(D66="bench",'Max Calculator'!$E$9*G68,IF(D66="deadlift",'Max Calculator'!$E$10*G68,0))),5)=0," ",MROUND(IF(D66="squat",'Max Calculator'!$E$8*G68,IF(D66="bench",'Max Calculator'!$E$9*G68,IF(D66="deadlift",'Max Calculator'!$E$10*G68,0))),5)) | J68: =IF(MROUND(IF(D66="squat",'Max Calculator'!$E$8*H68,IF(D66="bench",'Max Calculator'!$E$9*H68,IF(D66="deadlift",'Max Calculator'!$E$10*H68,0))),5)=0," ",MROUND(IF(D66="squat",'Max Calculator'!$E$8*H68,IF(D66="bench",'Max Calculator'!$E$9*H68,IF(D66="deadlift",'Max Calculator'!$E$10*H68,0))),5)) -> 135
B69: ='Max Calculator'!$E$12-42 -> 43036 | C69: B3 | D69: =HLOOKUP($I$56,INDIRECT($D$9),VLOOKUP(C69,'Phase Creator'!$B$8:$C$19,2,FALSE),FALSE) -> 3ct Pause Close Grip Bench | E69: 4 | F69: 5 | G69: 0.6 | H69: 0.65 | I69: =IF(MROUND(IF(D66="squat",'Max Calculator'!$E$8*G69,IF(D66="bench",'Max Calculator'!$E$9*G69,IF(D66="deadlift",'Max Calculator'!$E$10*G69,0))),5)=0," ",MROUND(IF(D66="squat",'Max Calculator'!$E$8*G69,IF(D66="bench",'Max Calculator'!$E$9*G69,IF(D66="deadlift",'Max Calculator'!$E$10*G69,0))),5)) -> 135 | J69: =IF(MROUND(IF(D66="squat",'Max Calculator'!$E$8*H69,IF(D66="bench",'Max Calculator'!$E$9*H69,IF(D66="deadlift",'Max Calculator'!$E$10*H69,0))),5)=0," ",MROUND(IF(D66="squat",'Max Calculator'!$E$8*H69,IF(D66="bench",'Max Calculator'!$E$9*H69,IF(D66="deadlift",'Max Calculator'!$E$10*H69,0))),5)) -> 145
B70: ='Max Calculator'!$E$12-35 -> 43043 | C70: B4 | D70: =HLOOKUP($I$56,INDIRECT($D$9),VLOOKUP(C70,'Phase Creator'!$B$8:$C$19,2,FALSE),FALSE) -> 3ct Pause Close Grip Bench | E70: 2 | F70: 8 | H70: 0.55 | I70: =IF(MROUND(IF(D66="squat",'Max Calculator'!$E$8*G70,IF(D66="bench",'Max Calculator'!$E$9*G70,IF(D66="deadlift",'Max Calculator'!$E$10*G70,0))),5)=0," ",MROUND(IF(D66="squat",'Max Calculator'!$E$8*G70,IF(D66="bench",'Max Calculator'!$E$9*G70,IF(D66="deadlift",'Max Calculator'!$E$10*G70,0))),5)) | J70: =IF(MROUND(IF(D66="squat",'Max Calculator'!$E$8*H70,IF(D66="bench",'Max Calculator'!$E$9*H70,IF(D66="deadlift",'Max Calculator'!$E$10*H70,0))),5)=0," ",MROUND(IF(D66="squat",'Max Calculator'!$E$8*H70,IF(D66="bench",'Max Calculator'!$E$9*H70,IF(D66="deadlift",'Max Calculator'!$E$10*H70,0))),5)) -> 125
B72: Week | C72: C | D72: Exercise | E72: Sets | F72: Reps | G72: Working Range | I72: Working Weights
B73: ='Max Calculator'!$E$12-140 -> 42938 | C73: C | D73: =HLOOKUP($I$56,INDIRECT($D$9),VLOOKUP(C73,'Phase Creator'!$B$8:$C$19,2,FALSE),FALSE) -> Chest Supported Row | E73: 3 | F73: 6 | I73: =IF(MROUND(IF(D72="squat",'Max Calculator'!$E$8*G73,IF(D72="bench",'Max Calculator'!$E$9*G73,IF(D72="deadlift",'Max Calculator'!$E$10*G73,0))),5)=0," ",MROUND(IF(D72="squat",'Max Calculator'!$E$8*G73,IF(D72="bench",'Max Calculator'!$E$9*G73,IF(D72="deadlift",'Max Calculator'!$E$10*G73,0))),5)) | J73: =IF(MROUND(IF(D72="squat",'Max Calculator'!$E$8*H73,IF(D72="bench",'Max Calculator'!$E$9*H73,IF(D72="deadlift",'Max Calculator'!$E$10*H73,0))),5)=0," ",MROUND(IF(D72="squat",'Max Calculator'!$E$8*H73,IF(D72="bench",'Max Calculator'!$E$9*H73,IF(D72="deadlift",'Max Calculator'!$E$10*H73,0))),5))
B74: ='Max Calculator'!$E$12-133 -> 42945 | C74: C | D74: =HLOOKUP($I$56,INDIRECT($D$9),VLOOKUP(C74,'Phase Creator'!$B$8:$C$19,2,FALSE),FALSE) -> Chest Supported Row | E74: 2 | F74: 8 | I74: =IF(MROUND(IF(D72="squat",'Max Calculator'!$E$8*G74,IF(D72="bench",'Max Calculator'!$E$9*G74,IF(D72="deadlift",'Max Calculator'!$E$10*G74,0))),5)=0," ",MROUND(IF(D72="squat",'Max Calculator'!$E$8*G74,IF(D72="bench",'Max Calculator'!$E$9*G74,IF(D72="deadlift",'Max Calculator'!$E$10*G74,0))),5)) | J74: =IF(MROUND(IF(D72="squat",'Max Calculator'!$E$8*H74,IF(D72="bench",'Max Calculator'!$E$9*H74,IF(D72="deadlift",'Max Calculator'!$E$10*H74,0))),5)=0," ",MROUND(IF(D72="squat",'Max Calculator'!$E$8*H74,IF(D72="bench",'Max Calculator'!$E$9*H74,IF(D72="deadlift",'Max Calculator'!$E$10*H74,0))),5))
B75: ='Max Calculator'!$E$12-42 -> 43036 | C75: C | D75: =HLOOKUP($I$56,INDIRECT($D$9),VLOOKUP(C75,'Phase Creator'!$B$8:$C$19,2,FALSE),FALSE) -> Chest Supported Row | E75: 4 | F75: 5 | I75: =IF(MROUND(IF(D72="squat",'Max Calculator'!$E$8*G75,IF(D72="bench",'Max Calculator'!$E$9*G75,IF(D72="deadlift",'Max Calculator'!$E$10*G75,0))),5)=0," ",MROUND(IF(D72="squat",'Max Calculator'!$E$8*G75,IF(D72="bench",'Max Calculator'!$E$9*G75,IF(D72="deadlift",'Max Calculator'!$E$10*G75,0))),5)) | J75: =IF(MROUND(IF(D72="squat",'Max Calculator'!$E$8*H75,IF(D72="bench",'Max Calculator'!$E$9*H75,IF(D72="deadlift",'Max Calculator'!$E$10*H75,0))),5)=0," ",MROUND(IF(D72="squat",'Max Calculator'!$E$8*H75,IF(D72="bench",'Max Calculator'!$E$9*H75,IF(D72="deadlift",'Max Calculator'!$E$10*H75,0))),5))
B76: ='Max Calculator'!$E$12-35 -> 43043 | C76: C | D76: =HLOOKUP($I$56,INDIRECT($D$9),VLOOKUP(C76,'Phase Creator'!$B$8:$C$19,2,FALSE),FALSE) -> Chest Supported Row | E76: 1 | F76: 20 | I76: =IF(MROUND(IF(D72="squat",'Max Calculator'!$E$8*G76,IF(D72="bench",'Max Calculator'!$E$9*G76,IF(D72="deadlift",'Max Calculator'!$E$10*G76,0))),5)=0," ",MROUND(IF(D72="squat",'Max Calculator'!$E$8*G76,IF(D72="bench",'Max Calculator'!$E$9*G76,IF(D72="deadlift",'Max Calculator'!$E$10*G76,0))),5)) | J76: =IF(MROUND(IF(D72="squat",'Max Calculator'!$E$8*H76,IF(D72="bench",'Max Calculator'!$E$9*H76,IF(D72="deadlift",'Max Calculator'!$E$10*H76,0))),5)=0," ",MROUND(IF(D72="squat",'Max Calculator'!$E$8*H76,IF(D72="bench",'Max Calculator'!$E$9*H76,IF(D72="deadlift",'Max Calculator'!$E$10*H76,0))),5))
B78: Week | C78: D | D78: Exercise | E78: Sets | F78: Reps | G78: Working Range | I78: Working Weights
B79: ='Max Calculator'!$E$12-140 -> 42938 | C79: D | D79: =HLOOKUP($I$56,INDIRECT($D$9),VLOOKUP(C79,'Phase Creator'!$B$8:$C$19,2,FALSE),FALSE) -> DB Overhead Press | E79: 3 | F79: 8 | I79: =IF(MROUND(IF(D78="squat",'Max Calculator'!$E$8*G79,IF(D78="bench",'Max Calculator'!$E$9*G79,IF(D78="deadlift",'Max Calculator'!$E$10*G79,0))),5)=0," ",MROUND(IF(D78="squat",'Max Calculator'!$E$8*G79,IF(D78="bench",'Max Calculator'!$E$9*G79,IF(D78="deadlift",'Max Calculator'!$E$10*G79,0))),5)) | J79: =IF(MROUND(IF(D78="squat",'Max Calculator'!$E$8*H79,IF(D78="bench",'Max Calculator'!$E$9*H79,IF(D78="deadlift",'Max Calculator'!$E$10*H79,0))),5)=0," ",MROUND(IF(D78="squat",'Max Calculator'!$E$8*H79,IF(D78="bench",'Max Calculator'!$E$9*H79,IF(D78="deadlift",'Max Calculator'!$E$10*H79,0))),5))
B80: ='Max Calculator'!$E$12-133 -> 42945 | C80: D | D80: =HLOOKUP($I$56,INDIRECT($D$9),VLOOKUP(C80,'Phase Creator'!$B$8:$C$19,2,FALSE),FALSE) -> DB Overhead Press | E80: 2 | F80: 10 | I80: =IF(MROUND(IF(D78="squat",'Max Calculator'!$E$8*G80,IF(D78="bench",'Max Calculator'!$E$9*G80,IF(D78="deadlift",'Max Calculator'!$E$10*G80,0))),5)=0," ",MROUND(IF(D78="squat",'Max Calculator'!$E$8*G80,IF(D78="bench",'Max Calculator'!$E$9*G80,IF(D78="deadlift",'Max Calculator'!$E$10*G80,0))),5)) | J80: =IF(MROUND(IF(D78="squat",'Max Calculator'!$E$8*H80,IF(D78="bench",'Max Calculator'!$E$9*H80,IF(D78="deadlift",'Max Calculator'!$E$10*H80,0))),5)=0," ",MROUND(IF(D78="squat",'Max Calculator'!$E$8*H80,IF(D78="bench",'Max Calculator'!$E$9*H80,IF(D78="deadlift",'Max Calculator'!$E$10*H80,0))),5))
B81: ='Max Calculator'!$E$12-42 -> 43036 | C81: D | D81: =HLOOKUP($I$56,INDIRECT($D$9),VLOOKUP(C81,'Phase Creator'!$B$8:$C$19,2,FALSE),FALSE) -> DB Overhead Press | E81: 4 | F81: 8 | I81: =IF(MROUND(IF(D78="squat",'Max Calculator'!$E$8*G81,IF(D78="bench",'Max Calculator'!$E$9*G81,IF(D78="deadlift",'Max Calculator'!$E$10*G81,0))),5)=0," ",MROUND(IF(D78="squat",'Max Calculator'!$E$8*G81,IF(D78="bench",'Max Calculator'!$E$9*G81,IF(D78="deadlift",'Max Calculator'!$E$10*G81,0))),5)) | J81: =IF(MROUND(IF(D78="squat",'Max Calculator'!$E$8*H81,IF(D78="bench",'Max Calculator'!$E$9*H81,IF(D78="deadlift",'Max Calculator'!$E$10*H81,0))),5)=0," ",MROUND(IF(D78="squat",'Max Calculator'!$E$8*H81,IF(D78="bench",'Max Calculator'!$E$9*H81,IF(D78="deadlift",'Max Calculator'!$E$10*H81,0))),5))
B82: ='Max Calculator'!$E$12-35 -> 43043 | C82: D | D82: =HLOOKUP($I$56,INDIRECT($D$9),VLOOKUP(C82,'Phase Creator'!$B$8:$C$19,2,FALSE),FALSE) -> DB Overhead Press | E82: 1 | F82: 12 | I82: =IF(MROUND(IF(D78="squat",'Max Calculator'!$E$8*G82,IF(D78="bench",'Max Calculator'!$E$9*G82,IF(D78="deadlift",'Max Calculator'!$E$10*G82,0))),5)=0," ",MROUND(IF(D78="squat",'Max Calculator'!$E$8*G82,IF(D78="bench",'Max Calculator'!$E$9*G82,IF(D78="deadlift",'Max Calculator'!$E$10*G82,0))),5)) | J82: =IF(MROUND(IF(D78="squat",'Max Calculator'!$E$8*H82,IF(D78="bench",'Max Calculator'!$E$9*H82,IF(D78="deadlift",'Max Calculator'!$E$10*H82,0))),5)=0," ",MROUND(IF(D78="squat",'Max Calculator'!$E$8*H82,IF(D78="bench",'Max Calculator'!$E$9*H82,IF(D78="deadlift",'Max Calculator'!$E$10*H82,0))),5))
B84: Week | C84: E | D84: Exercise | E84: Sets | F84: Reps | G84: Working Range | I84: Working Weights
B85: ='Max Calculator'!$E$12-140 -> 42938 | C85: E | D85: =HLOOKUP($I$56,INDIRECT($D$9),VLOOKUP(C85,'Phase Creator'!$B$8:$C$19,2,FALSE),FALSE) -> Seated Bicep Curls Slow Eccentric | E85: 3 | F85: 12 | I85: =IF(MROUND(IF(D84="squat",'Max Calculator'!$E$8*G85,IF(D84="bench",'Max Calculator'!$E$9*G85,IF(D84="deadlift",'Max Calculator'!$E$10*G85,0))),5)=0," ",MROUND(IF(D84="squat",'Max Calculator'!$E$8*G85,IF(D84="bench",'Max Calculator'!$E$9*G85,IF(D84="deadlift",'Max Calculator'!$E$10*G85,0))),5)) | J85: =IF(MROUND(IF(D84="squat",'Max Calculator'!$E$8*H85,IF(D84="bench",'Max Calculator'!$E$9*H85,IF(D84="deadlift",'Max Calculator'!$E$10*H85,0))),5)=0," ",MROUND(IF(D84="squat",'Max Calculator'!$E$8*H85,IF(D84="bench",'Max Calculator'!$E$9*H85,IF(D84="deadlift",'Max Calculator'!$E$10*H85,0))),5))
B86: ='Max Calculator'!$E$12-133 -> 42945 | C86: E | D86: =HLOOKUP($I$56,INDIRECT($D$9),VLOOKUP(C86,'Phase Creator'!$B$8:$C$19,2,FALSE),FALSE) -> Seated Bicep Curls Slow Eccentric | E86: 2 | F86: 15 | I86: =IF(MROUND(IF(D84="squat",'Max Calculator'!$E$8*G86,IF(D84="bench",'Max Calculator'!$E$9*G86,IF(D84="deadlift",'Max Calculator'!$E$10*G86,0))),5)=0," ",MROUND(IF(D84="squat",'Max Calculator'!$E$8*G86,IF(D84="bench",'Max Calculator'!$E$9*G86,IF(D84="deadlift",'Max Calculator'!$E$10*G86,0))),5)) | J86: =IF(MROUND(IF(D84="squat",'Max Calculator'!$E$8*H86,IF(D84="bench",'Max Calculator'!$E$9*H86,IF(D84="deadlift",'Max Calculator'!$E$10*H86,0))),5)=0," ",MROUND(IF(D84="squat",'Max Calculator'!$E$8*H86,IF(D84="bench",'Max Calculator'!$E$9*H86,IF(D84="deadlift",'Max Calculator'!$E$10*H86,0))),5))
B87: ='Max Calculator'!$E$12-42 -> 43036 | C87: E | D87: =HLOOKUP($I$56,INDIRECT($D$9),VLOOKUP(C87,'Phase Creator'!$B$8:$C$19,2,FALSE),FALSE) -> Seated Bicep Curls Slow Eccentric | E87: 4 | F87: 10 | I87: =IF(MROUND(IF(D84="squat",'Max Calculator'!$E$8*G87,IF(D84="bench",'Max Calculator'!$E$9*G87,IF(D84="deadlift",'Max Calculator'!$E$10*G87,0))),5)=0," ",MROUND(IF(D84="squat",'Max Calculator'!$E$8*G87,IF(D84="bench",'Max Calculator'!$E$9*G87,IF(D84="deadlift",'Max Calculator'!$E$10*G87,0))),5)) | J87: =IF(MROUND(IF(D84="squat",'Max Calculator'!$E$8*H87,IF(D84="bench",'Max Calculator'!$E$9*H87,IF(D84="deadlift",'Max Calculator'!$E$10*H87,0))),5)=0," ",MROUND(IF(D84="squat",'Max Calculator'!$E$8*H87,IF(D84="bench",'Max Calculator'!$E$9*H87,IF(D84="deadlift",'Max Calculator'!$E$10*H87,0))),5))
B88: ='Max Calculator'!$E$12-35 -> 43043 | C88: E | D88: =HLOOKUP($I$56,INDIRECT($D$9),VLOOKUP(C88,'Phase Creator'!$B$8:$C$19,2,FALSE),FALSE) -> Seated Bicep Curls Slow Eccentric | E88: 1 | F88: 20 | I88: =IF(MROUND(IF(D84="squat",'Max Calculator'!$E$8*G88,IF(D84="bench",'Max Calculator'!$E$9*G88,IF(D84="deadlift",'Max Calculator'!$E$10*G88,0))),5)=0," ",MROUND(IF(D84="squat",'Max Calculator'!$E$8*G88,IF(D84="bench",'Max Calculator'!$E$9*G88,IF(D84="deadlift",'Max Calculator'!$E$10*G88,0))),5)) | J88: =IF(MROUND(IF(D84="squat",'Max Calculator'!$E$8*H88,IF(D84="bench",'Max Calculator'!$E$9*H88,IF(D84="deadlift",'Max Calculator'!$E$10*H88,0))),5)=0," ",MROUND(IF(D84="squat",'Max Calculator'!$E$8*H88,IF(D84="bench",'Max Calculator'!$E$9*H88,IF(D84="deadlift",'Max Calculator'!$E$10*H88,0))),5))
B90: Week | C90: F | D90: Exercise | E90: Sets | F90: Reps | G90: Working Range | I90: Working Weights
B91: ='Max Calculator'!$E$12-140 -> 42938 | C91: F | D91: =HLOOKUP($I$56,INDIRECT($D$9),VLOOKUP(C91,'Phase Creator'!$B$8:$C$19,2,FALSE),FALSE) -> DB Deadstop triceps | E91: 3 | F91: 12 | I91: =IF(MROUND(IF(D90="squat",'Max Calculator'!$E$8*G91,IF(D90="bench",'Max Calculator'!$E$9*G91,IF(D90="deadlift",'Max Calculator'!$E$10*G91,0))),5)=0," ",MROUND(IF(D90="squat",'Max Calculator'!$E$8*G91,IF(D90="bench",'Max Calculator'!$E$9*G91,IF(D90="deadlift",'Max Calculator'!$E$10*G91,0))),5)) | J91: =IF(MROUND(IF(D90="squat",'Max Calculator'!$E$8*H91,IF(D90="bench",'Max Calculator'!$E$9*H91,IF(D90="deadlift",'Max Calculator'!$E$10*H91,0))),5)=0," ",MROUND(IF(D90="squat",'Max Calculator'!$E$8*H91,IF(D90="bench",'Max Calculator'!$E$9*H91,IF(D90="deadlift",'Max Calculator'!$E$10*H91,0))),5))
B92: ='Max Calculator'!$E$12-133 -> 42945 | C92: F | D92: =HLOOKUP($I$56,INDIRECT($D$9),VLOOKUP(C92,'Phase Creator'!$B$8:$C$19,2,FALSE),FALSE) -> DB Deadstop triceps | E92: 2 | F92: 15 | I92: =IF(MROUND(IF(D90="squat",'Max Calculator'!$E$8*G92,IF(D90="bench",'Max Calculator'!$E$9*G92,IF(D90="deadlift",'Max Calculator'!$E$10*G92,0))),5)=0," ",MROUND(IF(D90="squat",'Max Calculator'!$E$8*G92,IF(D90="bench",'Max Calculator'!$E$9*G92,IF(D90="deadlift",'Max Calculator'!$E$10*G92,0))),5)) | J92: =IF(MROUND(IF(D90="squat",'Max Calculator'!$E$8*H92,IF(D90="bench",'Max Calculator'!$E$9*H92,IF(D90="deadlift",'Max Calculator'!$E$10*H92,0))),5)=0," ",MROUND(IF(D90="squat",'Max Calculator'!$E$8*H92,IF(D90="bench",'Max Calculator'!$E$9*H92,IF(D90="deadlift",'Max Calculator'!$E$10*H92,0))),5))
B93: ='Max Calculator'!$E$12-42 -> 43036 | C93: F | D93: =HLOOKUP($I$56,INDIRECT($D$9),VLOOKUP(C93,'Phase Creator'!$B$8:$C$19,2,FALSE),FALSE) -> DB Deadstop triceps | E93: 4 | F93: 10 | I93: =IF(MROUND(IF(D90="squat",'Max Calculator'!$E$8*G93,IF(D90="bench",'Max Calculator'!$E$9*G93,IF(D90="deadlift",'Max Calculator'!$E$10*G93,0))),5)=0," ",MROUND(IF(D90="squat",'Max Calculator'!$E$8*G93,IF(D90="bench",'Max Calculator'!$E$9*G93,IF(D90="deadlift",'Max Calculator'!$E$10*G93,0))),5)) | J93: =IF(MROUND(IF(D90="squat",'Max Calculator'!$E$8*H93,IF(D90="bench",'Max Calculator'!$E$9*H93,IF(D90="deadlift",'Max Calculator'!$E$10*H93,0))),5)=0," ",MROUND(IF(D90="squat",'Max Calculator'!$E$8*H93,IF(D90="bench",'Max Calculator'!$E$9*H93,IF(D90="deadlift",'Max Calculator'!$E$10*H93,0))),5))
B94: ='Max Calculator'!$E$12-35 -> 43043 | C94: F | D94: =HLOOKUP($I$56,INDIRECT($D$9),VLOOKUP(C94,'Phase Creator'!$B$8:$C$19,2,FALSE),FALSE) -> DB Deadstop triceps | E94: 1 | F94: 25 | I94: =IF(MROUND(IF(D90="squat",'Max Calculator'!$E$8*G94,IF(D90="bench",'Max Calculator'!$E$9*G94,IF(D90="deadlift",'Max Calculator'!$E$10*G94,0))),5)=0," ",MROUND(IF(D90="squat",'Max Calculator'!$E$8*G94,IF(D90="bench",'Max Calculator'!$E$9*G94,IF(D90="deadlift",'Max Calculator'!$E$10*G94,0))),5)) | J94: =IF(MROUND(IF(D90="squat",'Max Calculator'!$E$8*H94,IF(D90="bench",'Max Calculator'!$E$9*H94,IF(D90="deadlift",'Max Calculator'!$E$10*H94,0))),5)=0," ",MROUND(IF(D90="squat",'Max Calculator'!$E$8*H94,IF(D90="bench",'Max Calculator'!$E$9*H94,IF(D90="deadlift",'Max Calculator'!$E$10*H94,0))),5))
D103: =D56 -> PrePeaking | H103: Day | I103: 3
B107: Week | C107: A | D107: Deadlift | E107: Sets | F107: Reps | G107: Working Range | I107: Working Weights
B108: ='Max Calculator'!$E$12-140 -> 42938 | C108: A1 | D108: =HLOOKUP($I$103,INDIRECT($D$9),VLOOKUP(C108,'Phase Creator'!$B$8:$C$19,2,FALSE),FALSE) -> Deadlift | E108: 3 | F108: 3 | G108: 0.82 | H108: 0.87 | I108: =IF(MROUND(IF(D107="squat",'Max Calculator'!$E$8*G108,IF(D107="bench",'Max Calculator'!$E$9*G108,IF(D107="deadlift",'Max Calculator'!$E$10*G108,0))),5)=0," ",MROUND(IF(D107="squat",'Max Calculator'!$E$8*G108,IF(D107="bench",'Max Calculator'!$E$9*G108,IF(D107="deadlift",'Max Calculator'!$E$10*G108,0))),5)) -> 330 | J108: =IF(MROUND(IF(D107="squat",'Max Calculator'!$E$8*H108,IF(D107="bench",'Max Calculator'!$E$9*H108,IF(D107="deadlift",'Max Calculator'!$E$10*H108,0))),5)=0," ",MROUND(IF(D107="squat",'Max Calculator'!$E$8*H108,IF(D107="bench",'Max Calculator'!$E$9*H108,IF(D107="deadlift",'Max Calculator'!$E$10*H108,0))),5)) -> 350
B109: ='Max Calculator'!$E$12-133 -> 42945 | C109: A2 | D109: =HLOOKUP($I$103,INDIRECT($D$9),VLOOKUP(C109,'Phase Creator'!$B$8:$C$19,2,FALSE),FALSE) -> DL w/ Chains | E109: 5/3 | F109: 3/2 | G109: 0.6 | H109: 0.7 | I109: =IF(MROUND(IF(D107="squat",'Max Calculator'!$E$8*G109,IF(D107="bench",'Max Calculator'!$E$9*G109,IF(D107="deadlift",'Max Calculator'!$E$10*G109,0))),5)=0," ",MROUND(IF(D107="squat",'Max Calculator'!$E$8*G109,IF(D107="bench",'Max Calculator'!$E$9*G109,IF(D107="deadlift",'Max Calculator'!$E$10*G109,0))),5)) -> 245 | J109: =IF(MROUND(IF(D107="squat",'Max Calculator'!$E$8*H109,IF(D107="bench",'Max Calculator'!$E$9*H109,IF(D107="deadlift",'Max Calculator'!$E$10*H109,0))),5)=0," ",MROUND(IF(D107="squat",'Max Calculator'!$E$8*H109,IF(D107="bench",'Max Calculator'!$E$9*H109,IF(D107="deadlift",'Max Calculator'!$E$10*H109,0))),5)) -> 285
B110: ='Max Calculator'!$E$12-42 -> 43036 | C110: A3 | D110: =HLOOKUP($I$103,INDIRECT($D$9),VLOOKUP(C110,'Phase Creator'!$B$8:$C$19,2,FALSE),FALSE) -> Competition Deadlift | E110: 1 | F110: * | H110: 0.93 | I110: =IF(MROUND(IF(D107="squat",'Max Calculator'!$E$8*G110,IF(D107="bench",'Max Calculator'!$E$9*G110,IF(D107="deadlift",'Max Calculator'!$E$10*G110,0))),5)=0," ",MROUND(IF(D107="squat",'Max Calculator'!$E$8*G110,IF(D107="bench",'Max Calculator'!$E$9*G110,IF(D107="deadlift",'Max Calculator'!$E$10*G110,0))),5)) | J110: =IF(MROUND(IF(D107="squat",'Max Calculator'!$E$8*H110,IF(D107="bench",'Max Calculator'!$E$9*H110,IF(D107="deadlift",'Max Calculator'!$E$10*H110,0))),5)=0," ",MROUND(IF(D107="squat",'Max Calculator'!$E$8*H110,IF(D107="bench",'Max Calculator'!$E$9*H110,IF(D107="deadlift",'Max Calculator'!$E$10*H110,0))),5)) -> 375
B111: ='Max Calculator'!$E$12-35 -> 43043 | C111: A4 | D111: =HLOOKUP($I$103,INDIRECT($D$9),VLOOKUP(C111,'Phase Creator'!$B$8:$C$19,2,FALSE),FALSE) -> DL w/ Chains | E111: 6/2 | F111: 2/1 | G111: 0.65 | H111: 0.75 | I111: =IF(MROUND(IF(D107="squat",'Max Calculator'!$E$8*G111,IF(D107="bench",'Max Calculator'!$E$9*G111,IF(D107="deadlift",'Max Calculator'!$E$10*G111,0))),5)=0," ",MROUND(IF(D107="squat",'Max Calculator'!$E$8*G111,IF(D107="bench",'Max Calculator'!$E$9*G111,IF(D107="deadlift",'Max Calculator'!$E$10*G111,0))),5)) -> 265 | J111: =IF(MROUND(IF(D107="squat",'Max Calculator'!$E$8*H111,IF(D107="bench",'Max Calculator'!$E$9*H111,IF(D107="deadlift",'Max Calculator'!$E$10*H111,0))),5)=0," ",MROUND(IF(D107="squat",'Max Calculator'!$E$8*H111,IF(D107="bench",'Max Calculator'!$E$9*H111,IF(D107="deadlift",'Max Calculator'!$E$10*H111,0))),5)) -> 305
B113: Week | C113: B | D113: Deadlift | E113: Sets | F113: Reps | G113: Working Range | I113: Working Weights
B114: ='Max Calculator'!$E$12-140 -> 42938 | C114: B1 | D114: =HLOOKUP($I$103,INDIRECT($D$9),VLOOKUP(C114,'Phase Creator'!$B$8:$C$19,2,FALSE),FALSE) -> Block Pulls | E114: 3 | F114: 6 | H114: 0.65 | I114: =IF(MROUND(IF(D113="squat",'Max Calculator'!$E$8*G114,IF(D113="bench",'Max Calculator'!$E$9*G114,IF(D113="deadlift",'Max Calculator'!$E$10*G114,0))),5)=0," ",MROUND(IF(D113="squat",'Max Calculator'!$E$8*G114,IF(D113="bench",'Max Calculator'!$E$9*G114,IF(D113="deadlift",'Max Calculator'!$E$10*G114,0))),5)) | J114: =IF(MROUND(IF(D113="squat",'Max Calculator'!$E$8*H114,IF(D113="bench",'Max Calculator'!$E$9*H114,IF(D113="deadlift",'Max Calculator'!$E$10*H114,0))),5)=0," ",MROUND(IF(D113="squat",'Max Calculator'!$E$8*H114,IF(D113="bench",'Max Calculator'!$E$9*H114,IF(D113="deadlift",'Max Calculator'!$E$10*H114,0))),5)) -> 265
B115: ='Max Calculator'!$E$12-133 -> 42945 | C115: B2 | D115: =HLOOKUP($I$103,INDIRECT($D$9),VLOOKUP(C115,'Phase Creator'!$B$8:$C$19,2,FALSE),FALSE) -> Block Pulls | E115: 2 | F115: 8 | H115: 0.6 | I115: =IF(MROUND(IF(D113="squat",'Max Calculator'!$E$8*G115,IF(D113="bench",'Max Calculator'!$E$9*G115,IF(D113="deadlift",'Max Calculator'!$E$10*G115,0))),5)=0," ",MROUND(IF(D113="squat",'Max Calculator'!$E$8*G115,IF(D113="bench",'Max Calculator'!$E$9*G115,IF(D113="deadlift",'Max Calculator'!$E$10*G115,0))),5)) | J115: =IF(MROUND(IF(D113="squat",'Max Calculator'!$E$8*H115,IF(D113="bench",'Max Calculator'!$E$9*H115,IF(D113="deadlift",'Max Calculator'!$E$10*H115,0))),5)=0," ",MROUND(IF(D113="squat",'Max Calculator'!$E$8*H115,IF(D113="bench",'Max Calculator'!$E$9*H115,IF(D113="deadlift",'Max Calculator'!$E$10*H115,0))),5)) -> 245
B116: ='Max Calculator'!$E$12-42 -> 43036 | C116: B3 | D116: =HLOOKUP($I$103,INDIRECT($D$9),VLOOKUP(C116,'Phase Creator'!$B$8:$C$19,2,FALSE),FALSE) -> Block Pulls | E116: 4 | F116: 5 | G116: 0.6 | H116: 0.7 | I116: =IF(MROUND(IF(D113="squat",'Max Calculator'!$E$8*G116,IF(D113="bench",'Max Calculator'!$E$9*G116,IF(D113="deadlift",'Max Calculator'!$E$10*G116,0))),5)=0," ",MROUND(IF(D113="squat",'Max Calculator'!$E$8*G116,IF(D113="bench",'Max Calculator'!$E$9*G116,IF(D113="deadlift",'Max Calculator'!$E$10*G116,0))),5)) -> 245 | J116: =IF(MROUND(IF(D113="squat",'Max Calculator'!$E$8*H116,IF(D113="bench",'Max Calculator'!$E$9*H116,IF(D113="deadlift",'Max Calculator'!$E$10*H116,0))),5)=0," ",MROUND(IF(D113="squat",'Max Calculator'!$E$8*H116,IF(D113="bench",'Max Calculator'!$E$9*H116,IF(D113="deadlift",'Max Calculator'!$E$10*H116,0))),5)) -> 285
B117: ='Max Calculator'!$E$12-35 -> 43043 | C117: B4 | D117: =HLOOKUP($I$103,INDIRECT($D$9),VLOOKUP(C117,'Phase Creator'!$B$8:$C$19,2,FALSE),FALSE) -> Block Pulls | E117: 2 | F117: 5 | G117: 0.5 | H117: 0.6 | I117: =IF(MROUND(IF(D113="squat",'Max Calculator'!$E$8*G117,IF(D113="bench",'Max Calculator'!$E$9*G117,IF(D113="deadlift",'Max Calculator'!$E$10*G117,0))),5)=0," ",MROUND(IF(D113="squat",'Max Calculator'!$E$8*G117,IF(D113="bench",'Max Calculator'!$E$9*G117,IF(D113="deadlift",'Max Calculator'!$E$10*G117,0))),5)) -> 205 | J117: =IF(MROUND(IF(D113="squat",'Max Calculator'!$E$8*H117,IF(D113="bench",'Max Calculator'!$E$9*H117,IF(D113="deadlift",'Max Calculator'!$E$10*H117,0))),5)=0," ",MROUND(IF(D113="squat",'Max Calculator'!$E$8*H117,IF(D113="bench",'Max Calculator'!$E$9*H117,IF(D113="deadlift",'Max Calculator'!$E$10*H117,0))),5)) -> 245
B119: Week | C119: C | D119: Bench | E119: Sets | F119: Reps | G119: Working Range | I119: Working Weights
B120: ='Max Calculator'!$E$12-140 -> 42938 | C120: C | D120: =HLOOKUP($I$103,INDIRECT($D$9),VLOOKUP(C120,'Phase Creator'!$B$8:$C$19,2,FALSE),FALSE) -> Spotto Press | E120: 3 | F120: 8 | H120: 0.6 | I120: =IF(MROUND(IF(D119="squat",'Max Calculator'!$E$8*G120,IF(D119="bench",'Max Calculator'!$E$9*G120,IF(D119="deadlift",'Max Calculator'!$E$10*G120,0))),5)=0," ",MROUND(IF(D119="squat",'Max Calculator'!$E$8*G120,IF(D119="bench",'Max Calculator'!$E$9*G120,IF(D119="deadlift",'Max Calculator'!$E$10*G120,0))),5)) | J120: =IF(MROUND(IF(D119="squat",'Max Calculator'!$E$8*H120,IF(D119="bench",'Max Calculator'!$E$9*H120,IF(D119="deadlift",'Max Calculator'!$E$10*H120,0))),5)=0," ",MROUND(IF(D119="squat",'Max Calculator'!$E$8*H120,IF(D119="bench",'Max Calculator'!$E$9*H120,IF(D119="deadlift",'Max Calculator'!$E$10*H120,0))),5)) -> 135
B121: ='Max Calculator'!$E$12-133 -> 42945 | C121: C | D121: =HLOOKUP($I$103,INDIRECT($D$9),VLOOKUP(C121,'Phase Creator'!$B$8:$C$19,2,FALSE),FALSE) -> Spotto Press | E121: 2 | F121: 12 | H121: 0.5 | I121: =IF(MROUND(IF(D119="squat",'Max Calculator'!$E$8*G121,IF(D119="bench",'Max Calculator'!$E$9*G121,IF(D119="deadlift",'Max Calculator'!$E$10*G121,0))),5)=0," ",MROUND(IF(D119="squat",'Max Calculator'!$E$8*G121,IF(D119="bench",'Max Calculator'!$E$9*G121,IF(D119="deadlift",'Max Calculator'!$E$10*G121,0))),5)) | J121: =IF(MROUND(IF(D119="squat",'Max Calculator'!$E$8*H121,IF(D119="bench",'Max Calculator'!$E$9*H121,IF(D119="deadlift",'Max Calculator'!$E$10*H121,0))),5)=0," ",MROUND(IF(D119="squat",'Max Calculator'!$E$8*H121,IF(D119="bench",'Max Calculator'!$E$9*H121,IF(D119="deadlift",'Max Calculator'!$E$10*H121,0))),5)) -> 115
B122: ='Max Calculator'!$E$12-42 -> 43036 | C122: C | D122: =HLOOKUP($I$103,INDIRECT($D$9),VLOOKUP(C122,'Phase Creator'!$B$8:$C$19,2,FALSE),FALSE) -> Spotto Press | E122: 4 | F122: 10 | H122: 0.6 | I122: =IF(MROUND(IF(D119="squat",'Max Calculator'!$E$8*G122,IF(D119="bench",'Max Calculator'!$E$9*G122,IF(D119="deadlift",'Max Calculator'!$E$10*G122,0))),5)=0," ",MROUND(IF(D119="squat",'Max Calculator'!$E$8*G122,IF(D119="bench",'Max Calculator'!$E$9*G122,IF(D119="deadlift",'Max Calculator'!$E$10*G122,0))),5)) | J122: =IF(MROUND(IF(D119="squat",'Max Calculator'!$E$8*H122,IF(D119="bench",'Max Calculator'!$E$9*H122,IF(D119="deadlift",'Max Calculator'!$E$10*H122,0))),5)=0," ",MROUND(IF(D119="squat",'Max Calculator'!$E$8*H122,IF(D119="bench",'Max Calculator'!$E$9*H122,IF(D119="deadlift",'Max Calculator'!$E$10*H122,0))),5)) -> 135
B123: ='Max Calculator'!$E$12-35 -> 43043 | C123: C | D123: =HLOOKUP($I$103,INDIRECT($D$9),VLOOKUP(C123,'Phase Creator'!$B$8:$C$19,2,FALSE),FALSE) -> Spotto Press | E123: 1 | F123: 12 | H123: 0.5 | I123: =IF(MROUND(IF(D119="squat",'Max Calculator'!$E$8*G123,IF(D119="bench",'Max Calculator'!$E$9*G123,IF(D119="deadlift",'Max Calculator'!$E$10*G123,0))),5)=0," ",MROUND(IF(D119="squat",'Max Calculator'!$E$8*G123,IF(D119="bench",'Max Calculator'!$E$9*G123,IF(D119="deadlift",'Max Calculator'!$E$10*G123,0))),5)) | J123: =IF(MROUND(IF(D119="squat",'Max Calculator'!$E$8*H123,IF(D119="bench",'Max Calculator'!$E$9*H123,IF(D119="deadlift",'Max Calculator'!$E$10*H123,0))),5)=0," ",MROUND(IF(D119="squat",'Max Calculator'!$E$8*H123,IF(D119="bench",'Max Calculator'!$E$9*H123,IF(D119="deadlift",'Max Calculator'!$E$10*H123,0))),5)) -> 115
B125: Week | C125: D | D125: Exercise | E125: Sets | F125: Reps | G125: Working Range | I125: Working Weights
B126: ='Max Calculator'!$E$12-140 -> 42938 | C126: D | D126: =HLOOKUP($I$103,INDIRECT($D$9),VLOOKUP(C126,'Phase Creator'!$B$8:$C$19,2,FALSE),FALSE) -> One arm DB Row w Pause | E126: 3 | F126: 8 | I126: =IF(MROUND(IF(D125="squat",'Max Calculator'!$E$8*G126,IF(D125="bench",'Max Calculator'!$E$9*G126,IF(D125="deadlift",'Max Calculator'!$E$10*G126,0))),5)=0," ",MROUND(IF(D125="squat",'Max Calculator'!$E$8*G126,IF(D125="bench",'Max Calculator'!$E$9*G126,IF(D125="deadlift",'Max Calculator'!$E$10*G126,0))),5)) | J126: =IF(MROUND(IF(D125="squat",'Max Calculator'!$E$8*H126,IF(D125="bench",'Max Calculator'!$E$9*H126,IF(D125="deadlift",'Max Calculator'!$E$10*H126,0))),5)=0," ",MROUND(IF(D125="squat",'Max Calculator'!$E$8*H126,IF(D125="bench",'Max Calculator'!$E$9*H126,IF(D125="deadlift",'Max Calculator'!$E$10*H126,0))),5))
B127: ='Max Calculator'!$E$12-133 -> 42945 | C127: D | D127: =HLOOKUP($I$103,INDIRECT($D$9),VLOOKUP(C127,'Phase Creator'!$B$8:$C$19,2,FALSE),FALSE) -> One arm DB Row w Pause | E127: 2 | F127: 10 | I127: =IF(MROUND(IF(D125="squat",'Max Calculator'!$E$8*G127,IF(D125="bench",'Max Calculator'!$E$9*G127,IF(D125="deadlift",'Max Calculator'!$E$10*G127,0))),5)=0," ",MROUND(IF(D125="squat",'Max Calculator'!$E$8*G127,IF(D125="bench",'Max Calculator'!$E$9*G127,IF(D125="deadlift",'Max Calculator'!$E$10*G127,0))),5)) | J127: =IF(MROUND(IF(D125="squat",'Max Calculator'!$E$8*H127,IF(D125="bench",'Max Calculator'!$E$9*H127,IF(D125="deadlift",'Max Calculator'!$E$10*H127,0))),5)=0," ",MROUND(IF(D125="squat",'Max Calculator'!$E$8*H127,IF(D125="bench",'Max Calculator'!$E$9*H127,IF(D125="deadlift",'Max Calculator'!$E$10*H127,0))),5))
B128: ='Max Calculator'!$E$12-42 -> 43036 | C128: D | D128: =HLOOKUP($I$103,INDIRECT($D$9),VLOOKUP(C128,'Phase Creator'!$B$8:$C$19,2,FALSE),FALSE) -> One arm DB Row w Pause | E128: 4 | F128: 6 | I128: =IF(MROUND(IF(D125="squat",'Max Calculator'!$E$8*G128,IF(D125="bench",'Max Calculator'!$E$9*G128,IF(D125="deadlift",'Max Calculator'!$E$10*G128,0))),5)=0," ",MROUND(IF(D125="squat",'Max Calculator'!$E$8*G128,IF(D125="bench",'Max Calculator'!$E$9*G128,IF(D125="deadlift",'Max Calculator'!$E$10*G128,0))),5)) | J128: =IF(MROUND(IF(D125="squat",'Max Calculator'!$E$8*H128,IF(D125="bench",'Max Calculator'!$E$9*H128,IF(D125="deadlift",'Max Calculator'!$E$10*H128,0))),5)=0," ",MROUND(IF(D125="squat",'Max Calculator'!$E$8*H128,IF(D125="bench",'Max Calculator'!$E$9*H128,IF(D125="deadlift",'Max Calculator'!$E$10*H128,0))),5))
B129: ='Max Calculator'!$E$12-35 -> 43043 | C129: D | D129: =HLOOKUP($I$103,INDIRECT($D$9),VLOOKUP(C129,'Phase Creator'!$B$8:$C$19,2,FALSE),FALSE) -> One arm DB Row w Pause | E129: 2 | F129: 15 | I129: =IF(MROUND(IF(D125="squat",'Max Calculator'!$E$8*G129,IF(D125="bench",'Max Calculator'!$E$9*G129,IF(D125="deadlift",'Max Calculator'!$E$10*G129,0))),5)=0," ",MROUND(IF(D125="squat",'Max Calculator'!$E$8*G129,IF(D125="bench",'Max Calculator'!$E$9*G129,IF(D125="deadlift",'Max Calculator'!$E$10*G129,0))),5)) | J129: =IF(MROUND(IF(D125="squat",'Max Calculator'!$E$8*H129,IF(D125="bench",'Max Calculator'!$E$9*H129,IF(D125="deadlift",'Max Calculator'!$E$10*H129,0))),5)=0," ",MROUND(IF(D125="squat",'Max Calculator'!$E$8*H129,IF(D125="bench",'Max Calculator'!$E$9*H129,IF(D125="deadlift",'Max Calculator'!$E$10*H129,0))),5))
B131: Week | C131: E | D131: Exercise | E131: Sets | F131: Reps | G131: Working Range | I131: Working Weights
B132: ='Max Calculator'!$E$12-140 -> 42938 | C132: E | D132: =HLOOKUP($I$103,INDIRECT($D$9),VLOOKUP(C132,'Phase Creator'!$B$8:$C$19,2,FALSE),FALSE) -> suit case holds | E132: 3 | F132: 15 | I132: =IF(MROUND(IF(D131="squat",'Max Calculator'!$E$8*G132,IF(D131="bench",'Max Calculator'!$E$9*G132,IF(D131="deadlift",'Max Calculator'!$E$10*G132,0))),5)=0," ",MROUND(IF(D131="squat",'Max Calculator'!$E$8*G132,IF(D131="bench",'Max Calculator'!$E$9*G132,IF(D131="deadlift",'Max Calculator'!$E$10*G132,0))),5)) | J132: =IF(MROUND(IF(D131="squat",'Max Calculator'!$E$8*H132,IF(D131="bench",'Max Calculator'!$E$9*H132,IF(D131="deadlift",'Max Calculator'!$E$10*H132,0))),5)=0," ",MROUND(IF(D131="squat",'Max Calculator'!$E$8*H132,IF(D131="bench",'Max Calculator'!$E$9*H132,IF(D131="deadlift",'Max Calculator'!$E$10*H132,0))),5))
B133: ='Max Calculator'!$E$12-133 -> 42945 | C133: E | D133: =HLOOKUP($I$103,INDIRECT($D$9),VLOOKUP(C133,'Phase Creator'!$B$8:$C$19,2,FALSE),FALSE) -> suit case holds | E133: 2 | F133: 20 | I133: =IF(MROUND(IF(D131="squat",'Max Calculator'!$E$8*G133,IF(D131="bench",'Max Calculator'!$E$9*G133,IF(D131="deadlift",'Max Calculator'!$E$10*G133,0))),5)=0," ",MROUND(IF(D131="squat",'Max Calculator'!$E$8*G133,IF(D131="bench",'Max Calculator'!$E$9*G133,IF(D131="deadlift",'Max Calculator'!$E$10*G133,0))),5)) | J133: =IF(MROUND(IF(D131="squat",'Max Calculator'!$E$8*H133,IF(D131="bench",'Max Calculator'!$E$9*H133,IF(D131="deadlift",'Max Calculator'!$E$10*H133,0))),5)=0," ",MROUND(IF(D131="squat",'Max Calculator'!$E$8*H133,IF(D131="bench",'Max Calculator'!$E$9*H133,IF(D131="deadlift",'Max Calculator'!$E$10*H133,0))),5))
B134: ='Max Calculator'!$E$12-42 -> 43036 | C134: E | D134: =HLOOKUP($I$103,INDIRECT($D$9),VLOOKUP(C134,'Phase Creator'!$B$8:$C$19,2,FALSE),FALSE) -> suit case holds | E134: 3 | F134: 20 | I134: =IF(MROUND(IF(D131="squat",'Max Calculator'!$E$8*G134,IF(D131="bench",'Max Calculator'!$E$9*G134,IF(D131="deadlift",'Max Calculator'!$E$10*G134,0))),5)=0," ",MROUND(IF(D131="squat",'Max Calculator'!$E$8*G134,IF(D131="bench",'Max Calculator'!$E$9*G134,IF(D131="deadlift",'Max Calculator'!$E$10*G134,0))),5)) | J134: =IF(MROUND(IF(D131="squat",'Max Calculator'!$E$8*H134,IF(D131="bench",'Max Calculator'!$E$9*H134,IF(D131="deadlift",'Max Calculator'!$E$10*H134,0))),5)=0," ",MROUND(IF(D131="squat",'Max Calculator'!$E$8*H134,IF(D131="bench",'Max Calculator'!$E$9*H134,IF(D131="deadlift",'Max Calculator'!$E$10*H134,0))),5))
B135: ='Max Calculator'!$E$12-35 -> 43043 | C135: E | D135: =HLOOKUP($I$103,INDIRECT($D$9),VLOOKUP(C135,'Phase Creator'!$B$8:$C$19,2,FALSE),FALSE) -> suit case holds | E135: 2 | F135: 25 | I135: =IF(MROUND(IF(D131="squat",'Max Calculator'!$E$8*G135,IF(D131="bench",'Max Calculator'!$E$9*G135,IF(D131="deadlift",'Max Calculator'!$E$10*G135,0))),5)=0," ",MROUND(IF(D131="squat",'Max Calculator'!$E$8*G135,IF(D131="bench",'Max Calculator'!$E$9*G135,IF(D131="deadlift",'Max Calculator'!$E$10*G135,0))),5)) | J135: =IF(MROUND(IF(D131="squat",'Max Calculator'!$E$8*H135,IF(D131="bench",'Max Calculator'!$E$9*H135,IF(D131="deadlift",'Max Calculator'!$E$10*H135,0))),5)=0," ",MROUND(IF(D131="squat",'Max Calculator'!$E$8*H135,IF(D131="bench",'Max Calculator'!$E$9*H135,IF(D131="deadlift",'Max Calculator'!$E$10*H135,0))),5))
B137: Week | C137: F | D137: Exercise | E137: Sets | F137: Reps | G137: Working Range | I137: Working Weights
B138: ='Max Calculator'!$E$12-140 -> 42938 | C138: F | D138: =HLOOKUP($I$103,INDIRECT($D$9),VLOOKUP(C138,'Phase Creator'!$B$8:$C$19,2,FALSE),FALSE) -> Single Leg Glute Bridge | E138: 3 | F138: 8 | I138: =IF(MROUND(IF(D137="squat",'Max Calculator'!$E$8*G138,IF(D137="bench",'Max Calculator'!$E$9*G138,IF(D137="deadlift",'Max Calculator'!$E$10*G138,0))),5)=0," ",MROUND(IF(D137="squat",'Max Calculator'!$E$8*G138,IF(D137="bench",'Max Calculator'!$E$9*G138,IF(D137="deadlift",'Max Calculator'!$E$10*G138,0))),5)) | J138: =IF(MROUND(IF(D137="squat",'Max Calculator'!$E$8*H138,IF(D137="bench",'Max Calculator'!$E$9*H138,IF(D137="deadlift",'Max Calculator'!$E$10*H138,0))),5)=0," ",MROUND(IF(D137="squat",'Max Calculator'!$E$8*H138,IF(D137="bench",'Max Calculator'!$E$9*H138,IF(D137="deadlift",'Max Calculator'!$E$10*H138,0))),5))
B139: ='Max Calculator'!$E$12-133 -> 42945 | C139: F | D139: =HLOOKUP($I$103,INDIRECT($D$9),VLOOKUP(C139,'Phase Creator'!$B$8:$C$19,2,FALSE),FALSE) -> Single Leg Glute Bridge | E139: 2 | F139: 12 | I139: =IF(MROUND(IF(D137="squat",'Max Calculator'!$E$8*G139,IF(D137="bench",'Max Calculator'!$E$9*G139,IF(D137="deadlift",'Max Calculator'!$E$10*G139,0))),5)=0," ",MROUND(IF(D137="squat",'Max Calculator'!$E$8*G139,IF(D137="bench",'Max Calculator'!$E$9*G139,IF(D137="deadlift",'Max Calculator'!$E$10*G139,0))),5)) | J139: =IF(MROUND(IF(D137="squat",'Max Calculator'!$E$8*H139,IF(D137="bench",'Max Calculator'!$E$9*H139,IF(D137="deadlift",'Max Calculator'!$E$10*H139,0))),5)=0," ",MROUND(IF(D137="squat",'Max Calculator'!$E$8*H139,IF(D137="bench",'Max Calculator'!$E$9*H139,IF(D137="deadlift",'Max Calculator'!$E$10*H139,0))),5))
B140: ='Max Calculator'!$E$12-42 -> 43036 | C140: F | D140: =HLOOKUP($I$103,INDIRECT($D$9),VLOOKUP(C140,'Phase Creator'!$B$8:$C$19,2,FALSE),FALSE) -> Single Leg Glute Bridge | E140: 4 | F140: 10 | I140: =IF(MROUND(IF(D137="squat",'Max Calculator'!$E$8*G140,IF(D137="bench",'Max Calculator'!$E$9*G140,IF(D137="deadlift",'Max Calculator'!$E$10*G140,0))),5)=0," ",MROUND(IF(D137="squat",'Max Calculator'!$E$8*G140,IF(D137="bench",'Max Calculator'!$E$9*G140,IF(D137="deadlift",'Max Calculator'!$E$10*G140,0))),5)) | J140: =IF(MROUND(IF(D137="squat",'Max Calculator'!$E$8*H140,IF(D137="bench",'Max Calculator'!$E$9*H140,IF(D137="deadlift",'Max Calculator'!$E$10*H140,0))),5)=0," ",MROUND(IF(D137="squat",'Max Calculator'!$E$8*H140,IF(D137="bench",'Max Calculator'!$E$9*H140,IF(D137="deadlift",'Max Calculator'!$E$10*H140,0))),5))
B141: ='Max Calculator'!$E$12-35 -> 43043 | C141: F | D141: =HLOOKUP($I$103,INDIRECT($D$9),VLOOKUP(C141,'Phase Creator'!$B$8:$C$19,2,FALSE),FALSE) -> Single Leg Glute Bridge | E141: 2 | F141: 15 | I141: =IF(MROUND(IF(D137="squat",'Max Calculator'!$E$8*G141,IF(D137="bench",'Max Calculator'!$E$9*G141,IF(D137="deadlift",'Max Calculator'!$E$10*G141,0))),5)=0," ",MROUND(IF(D137="squat",'Max Calculator'!$E$8*G141,IF(D137="bench",'Max Calculator'!$E$9*G141,IF(D137="deadlift",'Max Calculator'!$E$10*G141,0))),5)) | J141: =IF(MROUND(IF(D137="squat",'Max Calculator'!$E$8*H141,IF(D137="bench",'Max Calculator'!$E$9*H141,IF(D137="deadlift",'Max Calculator'!$E$10*H141,0))),5)=0," ",MROUND(IF(D137="squat",'Max Calculator'!$E$8*H141,IF(D137="bench",'Max Calculator'!$E$9*H141,IF(D137="deadlift",'Max Calculator'!$E$10*H141,0))),5))
D150: Phase1 | H150: Day | I150: 4
B154: Week | C154: A | D154: Bench | E154: Sets | F154: Reps | G154: Working Range | I154: Working Weights
B155: ='Max Calculator'!$E$12-140 -> 42938 | C155: A1 | D155: =HLOOKUP($I$150,INDIRECT($D$9),VLOOKUP(C155,'Phase Creator'!$B$8:$C$19,2,FALSE),FALSE) | E155: 4 | F155: 5 | G155: 0.65 | H155: 0.675 | I155: =IF(MROUND(IF(D154="squat",'Max Calculator'!$E$8*G155,IF(D154="bench",'Max Calculator'!$E$9*G155,IF(D154="deadlift",'Max Calculator'!$E$10*G155,0))),5)=0," ",MROUND(IF(D154="squat",'Max Calculator'!$E$8*G155,IF(D154="bench",'Max Calculator'!$E$9*G155,IF(D154="deadlift",'Max Calculator'!$E$10*G155,0))),5)) -> 145 | J155: =IF(MROUND(IF(D154="squat",'Max Calculator'!$E$8*H155,IF(D154="bench",'Max Calculator'!$E$9*H155,IF(D154="deadlift",'Max Calculator'!$E$10*H155,0))),5)=0," ",MROUND(IF(D154="squat",'Max Calculator'!$E$8*H155,IF(D154="bench",'Max Calculator'!$E$9*H155,IF(D154="deadlift",'Max Calculator'!$E$10*H155,0))),5)) -> 150
B156: ='Max Calculator'!$E$12-133 -> 42945 | C156: A2 | D156: =HLOOKUP($I$150,INDIRECT($D$9),VLOOKUP(C156,'Phase Creator'!$B$8:$C$19,2,FALSE),FALSE) | E156: 3 | F156: 5 | G156: 0.675 | H156: 0.725 | I156: =IF(MROUND(IF(D154="squat",'Max Calculator'!$E$8*G156,IF(D154="bench",'Max Calculator'!$E$9*G156,IF(D154="deadlift",'Max Calculator'!$E$10*G156,0))),5)=0," ",MROUND(IF(D154="squat",'Max Calculator'!$E$8*G156,IF(D154="bench",'Max Calculator'!$E$9*G156,IF(D154="deadlift",'Max Calculator'!$E$10*G156,0))),5)) -> 150 | J156: =IF(MROUND(IF(D154="squat",'Max Calculator'!$E$8*H156,IF(D154="bench",'Max Calculator'!$E$9*H156,IF(D154="deadlift",'Max Calculator'!$E$10*H156,0))),5)=0," ",MROUND(IF(D154="squat",'Max Calculator'!$E$8*H156,IF(D154="bench",'Max Calculator'!$E$9*H156,IF(D154="deadlift",'Max Calculator'!$E$10*H156,0))),5)) -> 165
B157: ='Max Calculator'!$E$12-126 -> 42952 | C157: A3 | D157: =HLOOKUP($I$150,INDIRECT($D$9),VLOOKUP(C157,'Phase Creator'!$B$8:$C$19,2,FALSE),FALSE) | E157: 5 | F157: 5 | G157: 0.7 | H157: 0.75 | I157: =IF(MROUND(IF(D154="squat",'Max Calculator'!$E$8*G157,IF(D154="bench",'Max Calculator'!$E$9*G157,IF(D154="deadlift",'Max Calculator'!$E$10*G157,0))),5)=0," ",MROUND(IF(D154="squat",'Max Calculator'!$E$8*G157,IF(D154="bench",'Max Calculator'!$E$9*G157,IF(D154="deadlift",'Max Calculator'!$E$10*G157,0))),5)) -> 160 | J157: =IF(MROUND(IF(D154="squat",'Max Calculator'!$E$8*H157,IF(D154="bench",'Max Calculator'!$E$9*H157,IF(D154="deadlift",'Max Calculator'!$E$10*H157,0))),5)=0," ",MROUND(IF(D154="squat",'Max Calculator'!$E$8*H157,IF(D154="bench",'Max Calculator'!$E$9*H157,IF(D154="deadlift",'Max Calculator'!$E$10*H157,0))),5)) -> 170
B158: ='Max Calculator'!$E$12-119 -> 42959 | C158: A4 | D158: =HLOOKUP($I$150,INDIRECT($D$9),VLOOKUP(C158,'Phase Creator'!$B$8:$C$19,2,FALSE),FALSE) | E158: 2 | F158: 8 | G158: 0.6 | H158: 0.65 | I158: =IF(MROUND(IF(D154="squat",'Max Calculator'!$E$8*G158,IF(D154="bench",'Max Calculator'!$E$9*G158,IF(D154="deadlift",'Max Calculator'!$E$10*G158,0))),5)=0," ",MROUND(IF(D154="squat",'Max Calculator'!$E$8*G158,IF(D154="bench",'Max Calculator'!$E$9*G158,IF(D154="deadlift",'Max Calculator'!$E$10*G158,0))),5)) -> 135 | J158: =IF(MROUND(IF(D154="squat",'Max Calculator'!$E$8*H158,IF(D154="bench",'Max Calculator'!$E$9*H158,IF(D154="deadlift",'Max Calculator'!$E$10*H158,0))),5)=0," ",MROUND(IF(D154="squat",'Max Calculator'!$E$8*H158,IF(D154="bench",'Max Calculator'!$E$9*H158,IF(D154="deadlift",'Max Calculator'!$E$10*H158,0))),5)) -> 145
B160: Week | C160: B | D160: Bench | E160: Sets | F160: Reps | G160: Working Range | I160: Working Weights
...

Sheet Peaking Phase
D9: Peaking | H9: Day | I9: 1
B13: Week | C13: A | D13: Squat | E13: Sets | F13: Reps | G13: Working Range | I13: Working Weights
B14: ='Max Calculator'!$E$12-28 -> 43050 | C14: A1 | D14: =HLOOKUP($I$9,INDIRECT($D$9),VLOOKUP(C14,'Phase Creator'!$B$8:$C$19,2,FALSE),FALSE) -> Squat w/ Bands | E14: 6 | F14: 2 | G14: 0.5 | H14: 0.7 | I14: =IF(MROUND(IF($D$13="squat",'Max Calculator'!$E$8*G14,IF($D$13="bench",'Max Calculator'!$E$9*G14,IF($D$13="deadlift",'Max Calculator'!$E$10*G14,0))),5)=0," ",MROUND(IF($D$13="squat",'Max Calculator'!$E$8*G14,IF($D$13="bench",'Max Calculator'!$E$9*G14,IF($D$13="deadlift",'Max Calculator'!$E$10*G14,0))),5)) -> 160 | J14: =IF(MROUND(IF($D$13="squat",'Max Calculator'!$E$8*H14,IF($D$13="bench",'Max Calculator'!$E$9*H14,IF($D$13="deadlift",'Max Calculator'!$E$10*H14,0))),5)=0," ",MROUND(IF($D$13="squat",'Max Calculator'!$E$8*H14,IF($D$13="bench",'Max Calculator'!$E$9*H14,IF($D$13="deadlift",'Max Calculator'!$E$10*H14,0))),5)) -> 220
B15: ='Max Calculator'!$E$12-21 -> 43057 | C15: A2 | D15: =HLOOKUP($I$9,INDIRECT($D$9),VLOOKUP(C15,'Phase Creator'!$B$8:$C$19,2,FALSE),FALSE) -> Reverse Bands Squat | E15: 1 | F15: 3 | H15: 1 | I15: =IF(MROUND(IF($D$13="squat",'Max Calculator'!$E$8*G15,IF($D$13="bench",'Max Calculator'!$E$9*G15,IF($D$13="deadlift",'Max Calculator'!$E$10*G15,0))),5)=0," ",MROUND(IF($D$13="squat",'Max Calculator'!$E$8*G15,IF($D$13="bench",'Max Calculator'!$E$9*G15,IF($D$13="deadlift",'Max Calculator'!$E$10*G15,0))),5)) | J15: =IF(MROUND(IF($D$13="squat",'Max Calculator'!$E$8*H15,IF($D$13="bench",'Max Calculator'!$E$9*H15,IF($D$13="deadlift",'Max Calculator'!$E$10*H15,0))),5)=0," ",MROUND(IF($D$13="squat",'Max Calculator'!$E$8*H15,IF($D$13="bench",'Max Calculator'!$E$9*H15,IF($D$13="deadlift",'Max Calculator'!$E$10*H15,0))),5)) -> 315
B16: ='Max Calculator'!$E$12-14 -> 43064 | C16: A3 | D16: =HLOOKUP($I$9,INDIRECT($D$9),VLOOKUP(C16,'Phase Creator'!$B$8:$C$19,2,FALSE),FALSE) -> Competition Squat | E16: 1 | F16: 1 | H16: 1 | I16: =IF(MROUND(IF($D$13="squat",'Max Calculator'!$E$8*G16,IF($D$13="bench",'Max Calculator'!$E$9*G16,IF($D$13="deadlift",'Max Calculator'!$E$10*G16,0))),5)=0," ",MROUND(IF($D$13="squat",'Max Calculator'!$E$8*G16,IF($D$13="bench",'Max Calculator'!$E$9*G16,IF($D$13="deadlift",'Max Calculator'!$E$10*G16,0))),5)) | J16: =IF(MROUND(IF($D$13="squat",'Max Calculator'!$E$8*H16,IF($D$13="bench",'Max Calculator'!$E$9*H16,IF($D$13="deadlift",'Max Calculator'!$E$10*H16,0))),5)=0," ",MROUND(IF($D$13="squat",'Max Calculator'!$E$8*H16,IF($D$13="bench",'Max Calculator'!$E$9*H16,IF($D$13="deadlift",'Max Calculator'!$E$10*H16,0))),5)) -> 315
B17: ='Max Calculator'!$E$12-7 -> 43071 | C17: A4 | D17: =HLOOKUP($I$9,INDIRECT($D$9),VLOOKUP(C17,'Phase Creator'!$B$8:$C$19,2,FALSE),FALSE) -> Competition Squat | E17: 1 | F17: 1 | H17: 0.9 | I17: =IF(MROUND(IF($D$13="squat",'Max Calculator'!$E$8*G17,IF($D$13="bench",'Max Calculator'!$E$9*G17,IF($D$13="deadlift",'Max Calculator'!$E$10*G17,0))),5)=0," ",MROUND(IF($D$13="squat",'Max Calculator'!$E$8*G17,IF($D$13="bench",'Max Calculator'!$E$9*G17,IF($D$13="deadlift",'Max Calculator'!$E$10*G17,0))),5)) | J17: =IF(MROUND(IF($D$13="squat",'Max Calculator'!$E$8*H17,IF($D$13="bench",'Max Calculator'!$E$9*H17,IF($D$13="deadlift",'Max Calculator'!$E$10*H17,0))),5)=0," ",MROUND(IF($D$13="squat",'Max Calculator'!$E$8*H17,IF($D$13="bench",'Max Calculator'!$E$9*H17,IF($D$13="deadlift",'Max Calculator'!$E$10*H17,0))),5)) -> 285
B19: Week | C19: B | D19: Squat | E19: Sets | F19: Reps | G19: Working Range | I19: Working Weights
B20: ='Max Calculator'!$E$12-28 -> 43050 | C20: B1 | D20: =HLOOKUP($I$9,INDIRECT($D$9),VLOOKUP(C20,'Phase Creator'!$B$8:$C$19,2,FALSE),FALSE) -> 1ct Pause Squat | E20: 3 | F20: 6 | H20: 0.55 | I20: =IF(MROUND(IF($D$19="squat",'Max Calculator'!$E$8*G20,IF($D$19="bench",'Max Calculator'!$E$9*G20,IF($D$19="deadlift",'Max Calculator'!$E$10*G20,0))),5)=0," ",MROUND(IF($D$19="squat",'Max Calculator'!$E$8*G20,IF($D$19="bench",'Max Calculator'!$E$9*G20,IF($D$19="deadlift",'Max Calculator'!$E$10*G20,0))),5)) | J20: =IF(MROUND(IF($D$19="squat",'Max Calculator'!$E$8*H20,IF($D$19="bench",'Max Calculator'!$E$9*H20,IF($D$19="deadlift",'Max Calculator'!$E$10*H20,0))),5)=0," ",MROUND(IF($D$19="squat",'Max Calculator'!$E$8*H20,IF($D$19="bench",'Max Calculator'!$E$9*H20,IF($D$19="deadlift",'Max Calculator'!$E$10*H20,0))),5)) -> 175
B21: ='Max Calculator'!$E$12-21 -> 43057 | C21: B2 | D21: =HLOOKUP($I$9,INDIRECT($D$9),VLOOKUP(C21,'Phase Creator'!$B$8:$C$19,2,FALSE),FALSE) -> 1ct Pause Squat | E21: 2 | F21: 5 | H21: 0.65 | I21: =IF(MROUND(IF($D$19="squat",'Max Calculator'!$E$8*G21,IF($D$19="bench",'Max Calculator'!$E$9*G21,IF($D$19="deadlift",'Max Calculator'!$E$10*G21,0))),5)=0," ",MROUND(IF($D$19="squat",'Max Calculator'!$E$8*G21,IF($D$19="bench",'Max Calculator'!$E$9*G21,IF($D$19="deadlift",'Max Calculator'!$E$10*G21,0))),5)) | J21: =IF(MROUND(IF($D$19="squat",'Max Calculator'!$E$8*H21,IF($D$19="bench",'Max Calculator'!$E$9*H21,IF($D$19="deadlift",'Max Calculator'!$E$10*H21,0))),5)=0," ",MROUND(IF($D$19="squat",'Max Calculator'!$E$8*H21,IF($D$19="bench",'Max Calculator'!$E$9*H21,IF($D$19="deadlift",'Max Calculator'!$E$10*H21,0))),5)) -> 205
B22: ='Max Calculator'!$E$12-14 -> 43064 | C22: B3 | D22: =HLOOKUP($I$9,INDIRECT($D$9),VLOOKUP(C22,'Phase Creator'!$B$8:$C$19,2,FALSE),FALSE) -> 1ct Pause Squat | E22: 2 | F22: 5 | H22: 0.6 | I22: =IF(MROUND(IF($D$19="squat",'Max Calculator'!$E$8*G22,IF($D$19="bench",'Max Calculator'!$E$9*G22,IF($D$19="deadlift",'Max Calculator'!$E$10*G22,0))),5)=0," ",MROUND(IF($D$19="squat",'Max Calculator'!$E$8*G22,IF($D$19="bench",'Max Calculator'!$E$9*G22,IF($D$19="deadlift",'Max Calculator'!$E$10*G22,0))),5)) | J22: =IF(MROUND(IF($D$19="squat",'Max Calculator'!$E$8*H22,IF($D$19="bench",'Max Calculator'!$E$9*H22,IF($D$19="deadlift",'Max Calculator'!$E$10*H22,0))),5)=0," ",MROUND(IF($D$19="squat",'Max Calculator'!$E$8*H22,IF($D$19="bench",'Max Calculator'!$E$9*H22,IF($D$19="deadlift",'Max Calculator'!$E$10*H22,0))),5)) -> 190
B23: ='Max Calculator'!$E$12-7 -> 43071 | C23: B4 | D23: =HLOOKUP($I$9,INDIRECT($D$9),VLOOKUP(C23,'Phase Creator'!$B$8:$C$19,2,FALSE),FALSE) -> 1ct Pause Squat | E23: 1 | F23: 5 | H23: 0.5 | I23: =IF(MROUND(IF($D$19="squat",'Max Calculator'!$E$8*G23,IF($D$19="bench",'Max Calculator'!$E$9*G23,IF($D$19="deadlift",'Max Calculator'!$E$10*G23,0))),5)=0," ",MROUND(IF($D$19="squat",'Max Calculator'!$E$8*G23,IF($D$19="bench",'Max Calculator'!$E$9*G23,IF($D$19="deadlift",'Max Calculator'!$E$10*G23,0))),5)) | J23: =IF(MROUND(IF($D$19="squat",'Max Calculator'!$E$8*H23,IF($D$19="bench",'Max Calculator'!$E$9*H23,IF($D$19="deadlift",'Max Calculator'!$E$10*H23,0))),5)=0," ",MROUND(IF($D$19="squat",'Max Calculator'!$E$8*H23,IF($D$19="bench",'Max Calculator'!$E$9*H23,IF($D$19="deadlift",'Max Calculator'!$E$10*H23,0))),5)) -> 160
B25: Week | C25: C | D25: Exercise | E25: Sets | F25: Reps | G25: Working Range | I25: Working Weights
B26: ='Max Calculator'!$E$12-28 -> 43050 | C26: C | D26: =HLOOKUP($I$9,INDIRECT($D$9),VLOOKUP(C26,'Phase Creator'!$B$8:$C$19,2,FALSE),FALSE) -> Plank | E26: 3 | F26: 20 | I26: =IF(MROUND(IF(D25="squat",'Max Calculator'!$E$8*G26,IF(D25="bench",'Max Calculator'!$E$9*G26,IF(D25="deadlift",'Max Calculator'!$E$10*G26,0))),5)=0," ",MROUND(IF(D25="squat",'Max Calculator'!$E$8*G26,IF(D25="bench",'Max Calculator'!$E$9*G26,IF(D25="deadlift",'Max Calculator'!$E$10*G26,0))),5)) | J26: =IF(MROUND(IF(D25="squat",'Max Calculator'!$E$8*H26,IF(D25="bench",'Max Calculator'!$E$9*H26,IF(D25="deadlift",'Max Calculator'!$E$10*H26,0))),5)=0," ",MROUND(IF(D25="squat",'Max Calculator'!$E$8*H26,IF(D25="bench",'Max Calculator'!$E$9*H26,IF(D25="deadlift",'Max Calculator'!$E$10*H26,0))),5))
B27: ='Max Calculator'!$E$12-21 -> 43057 | C27: C | D27: =HLOOKUP($I$9,INDIRECT($D$9),VLOOKUP(C27,'Phase Creator'!$B$8:$C$19,2,FALSE),FALSE) -> Plank | E27: 2 | F27: 30 | I27: =IF(MROUND(IF(D25="squat",'Max Calculator'!$E$8*G27,IF(D25="bench",'Max Calculator'!$E$9*G27,IF(D25="deadlift",'Max Calculator'!$E$10*G27,0))),5)=0," ",MROUND(IF(D25="squat",'Max Calculator'!$E$8*G27,IF(D25="bench",'Max Calculator'!$E$9*G27,IF(D25="deadlift",'Max Calculator'!$E$10*G27,0))),5)) | J27: =IF(MROUND(IF(D25="squat",'Max Calculator'!$E$8*H27,IF(D25="bench",'Max Calculator'!$E$9*H27,IF(D25="deadlift",'Max Calculator'!$E$10*H27,0))),5)=0," ",MROUND(IF(D25="squat",'Max Calculator'!$E$8*H27,IF(D25="bench",'Max Calculator'!$E$9*H27,IF(D25="deadlift",'Max Calculator'!$E$10*H27,0))),5))
B28: ='Max Calculator'!$E$12-14 -> 43064 | C28: C | D28: =HLOOKUP($I$9,INDIRECT($D$9),VLOOKUP(C28,'Phase Creator'!$B$8:$C$19,2,FALSE),FALSE) -> Plank | E28: 2 | F28: 30 | I28: =IF(MROUND(IF(D25="squat",'Max Calculator'!$E$8*G28,IF(D25="bench",'Max Calculator'!$E$9*G28,IF(D25="deadlift",'Max Calculator'!$E$10*G28,0))),5)=0," ",MROUND(IF(D25="squat",'Max Calculator'!$E$8*G28,IF(D25="bench",'Max Calculator'!$E$9*G28,IF(D25="deadlift",'Max Calculator'!$E$10*G28,0))),5)) | J28: =IF(MROUND(IF(D25="squat",'Max Calculator'!$E$8*H28,IF(D25="bench",'Max Calculator'!$E$9*H28,IF(D25="deadlift",'Max Calculator'!$E$10*H28,0))),5)=0," ",MROUND(IF(D25="squat",'Max Calculator'!$E$8*H28,IF(D25="bench",'Max Calculator'!$E$9*H28,IF(D25="deadlift",'Max Calculator'!$E$10*H28,0))),5))
B29: ='Max Calculator'!$E$12-7 -> 43071 | C29: C | D29: =HLOOKUP($I$9,INDIRECT($D$9),VLOOKUP(C29,'Phase Creator'!$B$8:$C$19,2,FALSE),FALSE) -> Plank | E29: 1 | F29: 30 | I29: =IF(MROUND(IF(D25="squat",'Max Calculator'!$E$8*G29,IF(D25="bench",'Max Calculator'!$E$9*G29,IF(D25="deadlift",'Max Calculator'!$E$10*G29,0))),5)=0," ",MROUND(IF(D25="squat",'Max Calculator'!$E$8*G29,IF(D25="bench",'Max Calculator'!$E$9*G29,IF(D25="deadlift",'Max Calculator'!$E$10*G29,0))),5)) | J29: =IF(MROUND(IF(D25="squat",'Max Calculator'!$E$8*H29,IF(D25="bench",'Max Calculator'!$E$9*H29,IF(D25="deadlift",'Max Calculator'!$E$10*H29,0))),5)=0," ",MROUND(IF(D25="squat",'Max Calculator'!$E$8*H29,IF(D25="bench",'Max Calculator'!$E$9*H29,IF(D25="deadlift",'Max Calculator'!$E$10*H29,0))),5))
B31: Week | C31: D | D31: Exercise | E31: Sets | F31: Reps | G31: Working Range | I31: Working Weights
B32: ='Max Calculator'!$E$12-28 -> 43050 | C32: D | D32: =HLOOKUP($I$9,INDIRECT($D$9),VLOOKUP(C32,'Phase Creator'!$B$8:$C$19,2,FALSE),FALSE) -> GHR or Back Extension | E32: 3 | F32: 15 | I32: =IF(MROUND(IF(D31="squat",'Max Calculator'!$E$8*G32,IF(D31="bench",'Max Calculator'!$E$9*G32,IF(D31="deadlift",'Max Calculator'!$E$10*G32,0))),5)=0," ",MROUND(IF(D31="squat",'Max Calculator'!$E$8*G32,IF(D31="bench",'Max Calculator'!$E$9*G32,IF(D31="deadlift",'Max Calculator'!$E$10*G32,0))),5)) | J32: =IF(MROUND(IF(D31="squat",'Max Calculator'!$E$8*H32,IF(D31="bench",'Max Calculator'!$E$9*H32,IF(D31="deadlift",'Max Calculator'!$E$10*H32,0))),5)=0," ",MROUND(IF(D31="squat",'Max Calculator'!$E$8*H32,IF(D31="bench",'Max Calculator'!$E$9*H32,IF(D31="deadlift",'Max Calculator'!$E$10*H32,0))),5))
B33: ='Max Calculator'!$E$12-21 -> 43057 | C33: D | D33: =HLOOKUP($I$9,INDIRECT($D$9),VLOOKUP(C33,'Phase Creator'!$B$8:$C$19,2,FALSE),FALSE) -> GHR or Back Extension | E33: 2 | F33: 12 | I33: =IF(MROUND(IF(D31="squat",'Max Calculator'!$E$8*G33,IF(D31="bench",'Max Calculator'!$E$9*G33,IF(D31="deadlift",'Max Calculator'!$E$10*G33,0))),5)=0," ",MROUND(IF(D31="squat",'Max Calculator'!$E$8*G33,IF(D31="bench",'Max Calculator'!$E$9*G33,IF(D31="deadlift",'Max Calculator'!$E$10*G33,0))),5)) | J33: =IF(MROUND(IF(D31="squat",'Max Calculator'!$E$8*H33,IF(D31="bench",'Max Calculator'!$E$9*H33,IF(D31="deadlift",'Max Calculator'!$E$10*H33,0))),5)=0," ",MROUND(IF(D31="squat",'Max Calculator'!$E$8*H33,IF(D31="bench",'Max Calculator'!$E$9*H33,IF(D31="deadlift",'Max Calculator'!$E$10*H33,0))),5))
B34: ='Max Calculator'!$E$12-14 -> 43064 | C34: D | D34: =HLOOKUP($I$9,INDIRECT($D$9),VLOOKUP(C34,'Phase Creator'!$B$8:$C$19,2,FALSE),FALSE) -> GHR or Back Extension | E34: 2 | F34: 8 | I34: =IF(MROUND(IF(D31="squat",'Max Calculator'!$E$8*G34,IF(D31="bench",'Max Calculator'!$E$9*G34,IF(D31="deadlift",'Max Calculator'!$E$10*G34,0))),5)=0," ",MROUND(IF(D31="squat",'Max Calculator'!$E$8*G34,IF(D31="bench",'Max Calculator'!$E$9*G34,IF(D31="deadlift",'Max Calculator'!$E$10*G34,0))),5)) | J34: =IF(MROUND(IF(D31="squat",'Max Calculator'!$E$8*H34,IF(D31="bench",'Max Calculator'!$E$9*H34,IF(D31="deadlift",'Max Calculator'!$E$10*H34,0))),5)=0," ",MROUND(IF(D31="squat",'Max Calculator'!$E$8*H34,IF(D31="bench",'Max Calculator'!$E$9*H34,IF(D31="deadlift",'Max Calculator'!$E$10*H34,0))),5))
B35: ='Max Calculator'!$E$12-7 -> 43071 | C35: D | D35: =HLOOKUP($I$9,INDIRECT($D$9),VLOOKUP(C35,'Phase Creator'!$B$8:$C$19,2,FALSE),FALSE) -> GHR or Back Extension | E35: 1 | F35: 10 | I35: =IF(MROUND(IF(D31="squat",'Max Calculator'!$E$8*G35,IF(D31="bench",'Max Calculator'!$E$9*G35,IF(D31="deadlift",'Max Calculator'!$E$10*G35,0))),5)=0," ",MROUND(IF(D31="squat",'Max Calculator'!$E$8*G35,IF(D31="bench",'Max Calculator'!$E$9*G35,IF(D31="deadlift",'Max Calculator'!$E$10*G35,0))),5)) | J35: =IF(MROUND(IF(D31="squat",'Max Calculator'!$E$8*H35,IF(D31="bench",'Max Calculator'!$E$9*H35,IF(D31="deadlift",'Max Calculator'!$E$10*H35,0))),5)=0," ",MROUND(IF(D31="squat",'Max Calculator'!$E$8*H35,IF(D31="bench",'Max Calculator'!$E$9*H35,IF(D31="deadlift",'Max Calculator'!$E$10*H35,0))),5))
B37: Week | C37: E | D37: Exercise | E37: Sets | F37: Reps | G37: Working Range | I37: Working Weights
B38: ='Max Calculator'!$E$12-28 -> 43050 | C38: E | D38: =HLOOKUP($I$9,INDIRECT($D$9),VLOOKUP(C38,'Phase Creator'!$B$8:$C$19,2,FALSE),FALSE) -> Hip Circle wall squat 3ct Pause | E38: 3 | F38: 8 | I38: =IF(MROUND(IF(D37="squat",'Max Calculator'!$E$8*G38,IF(D37="bench",'Max Calculator'!$E$9*G38,IF(D37="deadlift",'Max Calculator'!$E$10*G38,0))),5)=0," ",MROUND(IF(D37="squat",'Max Calculator'!$E$8*G38,IF(D37="bench",'Max Calculator'!$E$9*G38,IF(D37="deadlift",'Max Calculator'!$E$10*G38,0))),5)) | J38: =IF(MROUND(IF(D37="squat",'Max Calculator'!$E$8*H38,IF(D37="bench",'Max Calculator'!$E$9*H38,IF(D37="deadlift",'Max Calculator'!$E$10*H38,0))),5)=0," ",MROUND(IF(D37="squat",'Max Calculator'!$E$8*H38,IF(D37="bench",'Max Calculator'!$E$9*H38,IF(D37="deadlift",'Max Calculator'!$E$10*H38,0))),5))
B39: ='Max Calculator'!$E$12-21 -> 43057 | C39: E | D39: =HLOOKUP($I$9,INDIRECT($D$9),VLOOKUP(C39,'Phase Creator'!$B$8:$C$19,2,FALSE),FALSE) -> Hip Circle wall squat 3ct Pause | E39: 2 | F39: 10 | I39: =IF(MROUND(IF(D37="squat",'Max Calculator'!$E$8*G39,IF(D37="bench",'Max Calculator'!$E$9*G39,IF(D37="deadlift",'Max Calculator'!$E$10*G39,0))),5)=0," ",MROUND(IF(D37="squat",'Max Calculator'!$E$8*G39,IF(D37="bench",'Max Calculator'!$E$9*G39,IF(D37="deadlift",'Max Calculator'!$E$10*G39,0))),5)) | J39: =IF(MROUND(IF(D37="squat",'Max Calculator'!$E$8*H39,IF(D37="bench",'Max Calculator'!$E$9*H39,IF(D37="deadlift",'Max Calculator'!$E$10*H39,0))),5)=0," ",MROUND(IF(D37="squat",'Max Calculator'!$E$8*H39,IF(D37="bench",'Max Calculator'!$E$9*H39,IF(D37="deadlift",'Max Calculator'!$E$10*H39,0))),5))
B40: ='Max Calculator'!$E$12-14 -> 43064 | C40: E | D40: =HLOOKUP($I$9,INDIRECT($D$9),VLOOKUP(C40,'Phase Creator'!$B$8:$C$19,2,FALSE),FALSE) -> Hip Circle wall squat 3ct Pause | E40: 2 | F40: 8 | I40: =IF(MROUND(IF(D37="squat",'Max Calculator'!$E$8*G40,IF(D37="bench",'Max Calculator'!$E$9*G40,IF(D37="deadlift",'Max Calculator'!$E$10*G40,0))),5)=0," ",MROUND(IF(D37="squat",'Max Calculator'!$E$8*G40,IF(D37="bench",'Max Calculator'!$E$9*G40,IF(D37="deadlift",'Max Calculator'!$E$10*G40,0))),5)) | J40: =IF(MROUND(IF(D37="squat",'Max Calculator'!$E$8*H40,IF(D37="bench",'Max Calculator'!$E$9*H40,IF(D37="deadlift",'Max Calculator'!$E$10*H40,0))),5)=0," ",MROUND(IF(D37="squat",'Max Calculator'!$E$8*H40,IF(D37="bench",'Max Calculator'!$E$9*H40,IF(D37="deadlift",'Max Calculator'!$E$10*H40,0))),5))
B41: ='Max Calculator'!$E$12-7 -> 43071 | C41: E | D41: =HLOOKUP($I$9,INDIRECT($D$9),VLOOKUP(C41,'Phase Creator'!$B$8:$C$19,2,FALSE),FALSE) -> Hip Circle wall squat 3ct Pause | E41: 1 | F41: 12 | I41: =IF(MROUND(IF(D37="squat",'Max Calculator'!$E$8*G41,IF(D37="bench",'Max Calculator'!$E$9*G41,IF(D37="deadlift",'Max Calculator'!$E$10*G41,0))),5)=0," ",MROUND(IF(D37="squat",'Max Calculator'!$E$8*G41,IF(D37="bench",'Max Calculator'!$E$9*G41,IF(D37="deadlift",'Max Calculator'!$E$10*G41,0))),5)) | J41: =IF(MROUND(IF(D37="squat",'Max Calculator'!$E$8*H41,IF(D37="bench",'Max Calculator'!$E$9*H41,IF(D37="deadlift",'Max Calculator'!$E$10*H41,0))),5)=0," ",MROUND(IF(D37="squat",'Max Calculator'!$E$8*H41,IF(D37="bench",'Max Calculator'!$E$9*H41,IF(D37="deadlift",'Max Calculator'!$E$10*H41,0))),5))
B43: Week | C43: F | D43: Exercise | E43: Sets | F43: Reps | G43: Working Range | I43: Working Weights
B44: ='Max Calculator'!$E$12-140 -> 42938 | C44: F | D44: =HLOOKUP($I$9,INDIRECT($D$9),VLOOKUP(C44,'Phase Creator'!$B$8:$C$19,2,FALSE),FALSE) | I44: =IF(MROUND(IF(D43="squat",'Max Calculator'!$E$8*G44,IF(D43="bench",'Max Calculator'!$E$9*G44,IF(D43="deadlift",'Max Calculator'!$E$10*G44,0))),5)=0," ",MROUND(IF(D43="squat",'Max Calculator'!$E$8*G44,IF(D43="bench",'Max Calculator'!$E$9*G44,IF(D43="deadlift",'Max Calculator'!$E$10*G44,0))),5)) | J44: =IF(MROUND(IF(D43="squat",'Max Calculator'!$E$8*H44,IF(D43="bench",'Max Calculator'!$E$9*H44,IF(D43="deadlift",'Max Calculator'!$E$10*H44,0))),5)=0," ",MROUND(IF(D43="squat",'Max Calculator'!$E$8*H44,IF(D43="bench",'Max Calculator'!$E$9*H44,IF(D43="deadlift",'Max Calculator'!$E$10*H44,0))),5))
B45: ='Max Calculator'!$E$12-133 -> 42945 | C45: F | D45: =HLOOKUP($I$9,INDIRECT($D$9),VLOOKUP(C45,'Phase Creator'!$B$8:$C$19,2,FALSE),FALSE) | I45: =IF(MROUND(IF(D43="squat",'Max Calculator'!$E$8*G45,IF(D43="bench",'Max Calculator'!$E$9*G45,IF(D43="deadlift",'Max Calculator'!$E$10*G45,0))),5)=0," ",MROUND(IF(D43="squat",'Max Calculator'!$E$8*G45,IF(D43="bench",'Max Calculator'!$E$9*G45,IF(D43="deadlift",'Max Calculator'!$E$10*G45,0))),5)) | J45: =IF(MROUND(IF(D43="squat",'Max Calculator'!$E$8*H45,IF(D43="bench",'Max Calculator'!$E$9*H45,IF(D43="deadlift",'Max Calculator'!$E$10*H45,0))),5)=0," ",MROUND(IF(D43="squat",'Max Calculator'!$E$8*H45,IF(D43="bench",'Max Calculator'!$E$9*H45,IF(D43="deadlift",'Max Calculator'!$E$10*H45,0))),5))
B46: ='Max Calculator'!$E$12-126 -> 42952 | C46: F | D46: =HLOOKUP($I$9,INDIRECT($D$9),VLOOKUP(C46,'Phase Creator'!$B$8:$C$19,2,FALSE),FALSE) | I46: =IF(MROUND(IF(D43="squat",'Max Calculator'!$E$8*G46,IF(D43="bench",'Max Calculator'!$E$9*G46,IF(D43="deadlift",'Max Calculator'!$E$10*G46,0))),5)=0," ",MROUND(IF(D43="squat",'Max Calculator'!$E$8*G46,IF(D43="bench",'Max Calculator'!$E$9*G46,IF(D43="deadlift",'Max Calculator'!$E$10*G46,0))),5)) | J46: =IF(MROUND(IF(D43="squat",'Max Calculator'!$E$8*H46,IF(D43="bench",'Max Calculator'!$E$9*H46,IF(D43="deadlift",'Max Calculator'!$E$10*H46,0))),5)=0," ",MROUND(IF(D43="squat",'Max Calculator'!$E$8*H46,IF(D43="bench",'Max Calculator'!$E$9*H46,IF(D43="deadlift",'Max Calculator'!$E$10*H46,0))),5))
B47: ='Max Calculator'!$E$12-119 -> 42959 | C47: F | D47: =HLOOKUP($I$9,INDIRECT($D$9),VLOOKUP(C47,'Phase Creator'!$B$8:$C$19,2,FALSE),FALSE) | I47: =IF(MROUND(IF(D43="squat",'Max Calculator'!$E$8*G47,IF(D43="bench",'Max Calculator'!$E$9*G47,IF(D43="deadlift",'Max Calculator'!$E$10*G47,0))),5)=0," ",MROUND(IF(D43="squat",'Max Calculator'!$E$8*G47,IF(D43="bench",'Max Calculator'!$E$9*G47,IF(D43="deadlift",'Max Calculator'!$E$10*G47,0))),5)) | J47: =IF(MROUND(IF(D43="squat",'Max Calculator'!$E$8*H47,IF(D43="bench",'Max Calculator'!$E$9*H47,IF(D43="deadlift",'Max Calculator'!$E$10*H47,0))),5)=0," ",MROUND(IF(D43="squat",'Max Calculator'!$E$8*H47,IF(D43="bench",'Max Calculator'!$E$9*H47,IF(D43="deadlift",'Max Calculator'!$E$10*H47,0))),5))
D56: =D9 -> Peaking | H56: Day | I56: 2
B60: Week | C60: A | D60: Bench | E60: Sets | F60: Reps | G60: Working Range | I60: Working Weights
B61: ='Max Calculator'!$E$12-28 -> 43050 | C61: A1 | D61: =HLOOKUP($I$56,INDIRECT($D$9),VLOOKUP(C61,'Phase Creator'!$B$8:$C$19,2,FALSE),FALSE) -> Bench w/ Bands | E61: 6 | F61: 2 | G61: 0.5 | H61: 0.7 | I61: =IF(MROUND(IF(D60="squat",'Max Calculator'!$E$8*G61,IF(D60="bench",'Max Calculator'!$E$9*G61,IF(D60="deadlift",'Max Calculator'!$E$10*G61,0))),5)=0," ",MROUND(IF(D60="squat",'Max Calculator'!$E$8*G61,IF(D60="bench",'Max Calculator'!$E$9*G61,IF(D60="deadlift",'Max Calculator'!$E$10*G61,0))),5)) -> 115 | J61: =IF(MROUND(IF(D60="squat",'Max Calculator'!$E$8*H61,IF(D60="bench",'Max Calculator'!$E$9*H61,IF(D60="deadlift",'Max Calculator'!$E$10*H61,0))),5)=0," ",MROUND(IF(D60="squat",'Max Calculator'!$E$8*H61,IF(D60="bench",'Max Calculator'!$E$9*H61,IF(D60="deadlift",'Max Calculator'!$E$10*H61,0))),5)) -> 160
B62: ='Max Calculator'!$E$12-21 -> 43057 | C62: A2 | D62: =HLOOKUP($I$56,INDIRECT($D$9),VLOOKUP(C62,'Phase Creator'!$B$8:$C$19,2,FALSE),FALSE) -> SlingShot Bench | E62: 1 | F62: 3 | H62: 1 | I62: =IF(MROUND(IF(D60="squat",'Max Calculator'!$E$8*G62,IF(D60="bench",'Max Calculator'!$E$9*G62,IF(D60="deadlift",'Max Calculator'!$E$10*G62,0))),5)=0," ",MROUND(IF(D60="squat",'Max Calculator'!$E$8*G62,IF(D60="bench",'Max Calculator'!$E$9*G62,IF(D60="deadlift",'Max Calculator'!$E$10*G62,0))),5)) | J62: =IF(MROUND(IF(D60="squat",'Max Calculator'!$E$8*H62,IF(D60="bench",'Max Calculator'!$E$9*H62,IF(D60="deadlift",'Max Calculator'!$E$10*H62,0))),5)=0," ",MROUND(IF(D60="squat",'Max Calculator'!$E$8*H62,IF(D60="bench",'Max Calculator'!$E$9*H62,IF(D60="deadlift",'Max Calculator'!$E$10*H62,0))),5)) -> 225
B63: ='Max Calculator'!$E$12-14 -> 43064 | C63: A3 | D63: =HLOOKUP($I$56,INDIRECT($D$9),VLOOKUP(C63,'Phase Creator'!$B$8:$C$19,2,FALSE),FALSE) -> Competition Bench Press | E63: 1 | F63: 1 | H63: 1 | I63: =IF(MROUND(IF(D60="squat",'Max Calculator'!$E$8*G63,IF(D60="bench",'Max Calculator'!$E$9*G63,IF(D60="deadlift",'Max Calculator'!$E$10*G63,0))),5)=0," ",MROUND(IF(D60="squat",'Max Calculator'!$E$8*G63,IF(D60="bench",'Max Calculator'!$E$9*G63,IF(D60="deadlift",'Max Calculator'!$E$10*G63,0))),5)) | J63: =IF(MROUND(IF(D60="squat",'Max Calculator'!$E$8*H63,IF(D60="bench",'Max Calculator'!$E$9*H63,IF(D60="deadlift",'Max Calculator'!$E$10*H63,0))),5)=0," ",MROUND(IF(D60="squat",'Max Calculator'!$E$8*H63,IF(D60="bench",'Max Calculator'!$E$9*H63,IF(D60="deadlift",'Max Calculator'!$E$10*H63,0))),5)) -> 225
B64: ='Max Calculator'!$E$12-7 -> 43071 | C64: A4 | D64: =HLOOKUP($I$56,INDIRECT($D$9),VLOOKUP(C64,'Phase Creator'!$B$8:$C$19,2,FALSE),FALSE) -> Competition Bench Press | E64: 1 | F64: 1 | H64: 0.9 | I64: =IF(MROUND(IF(D60="squat",'Max Calculator'!$E$8*G64,IF(D60="bench",'Max Calculator'!$E$9*G64,IF(D60="deadlift",'Max Calculator'!$E$10*G64,0))),5)=0," ",MROUND(IF(D60="squat",'Max Calculator'!$E$8*G64,IF(D60="bench",'Max Calculator'!$E$9*G64,IF(D60="deadlift",'Max Calculator'!$E$10*G64,0))),5)) | J64: =IF(MROUND(IF(D60="squat",'Max Calculator'!$E$8*H64,IF(D60="bench",'Max Calculator'!$E$9*H64,IF(D60="deadlift",'Max Calculator'!$E$10*H64,0))),5)=0," ",MROUND(IF(D60="squat",'Max Calculator'!$E$8*H64,IF(D60="bench",'Max Calculator'!$E$9*H64,IF(D60="deadlift",'Max Calculator'!$E$10*H64,0))),5)) -> 205
B66: Week | C66: B | D66: Bench | E66: Sets | F66: Reps | G66: Working Range | I66: Working Weights
B67: ='Max Calculator'!$E$12-28 -> 43050 | C67: B1 | D67: =HLOOKUP($I$56,INDIRECT($D$9),VLOOKUP(C67,'Phase Creator'!$B$8:$C$19,2,FALSE),FALSE) -> 3ct Spotto Press | E67: 2 | F67: 8 | H67: 0.7 | I67: =IF(MROUND(IF(D66="squat",'Max Calculator'!$E$8*G67,IF(D66="bench",'Max Calculator'!$E$9*G67,IF(D66="deadlift",'Max Calculator'!$E$10*G67,0))),5)=0," ",MROUND(IF(D66="squat",'Max Calculator'!$E$8*G67,IF(D66="bench",'Max Calculator'!$E$9*G67,IF(D66="deadlift",'Max Calculator'!$E$10*G67,0))),5)) | J67: =IF(MROUND(IF(D66="squat",'Max Calculator'!$E$8*H67,IF(D66="bench",'Max Calculator'!$E$9*H67,IF(D66="deadlift",'Max Calculator'!$E$10*H67,0))),5)=0," ",MROUND(IF(D66="squat",'Max Calculator'!$E$8*H67,IF(D66="bench",'Max Calculator'!$E$9*H67,IF(D66="deadlift",'Max Calculator'!$E$10*H67,0))),5)) -> 160
B68: ='Max Calculator'!$E$12-21 -> 43057 | C68: B2 | D68: =HLOOKUP($I$56,INDIRECT($D$9),VLOOKUP(C68,'Phase Creator'!$B$8:$C$19,2,FALSE),FALSE) -> 3ct Spotto Press | E68: 3 | F68: 6 | H68: 0.75 | I68: =IF(MROUND(IF(D66="squat",'Max Calculator'!$E$8*G68,IF(D66="bench",'Max Calculator'!$E$9*G68,IF(D66="deadlift",'Max Calculator'!$E$10*G68,0))),5)=0," ",MROUND(IF(D66="squat",'Max Calculator'!$E$8*G68,IF(D66="bench",'Max Calculator'!$E$9*G68,IF(D66="deadlift",'Max Calculator'!$E$10*G68,0))),5)) | J68: =IF(MROUND(IF(D66="squat",'Max Calculator'!$E$8*H68,IF(D66="bench",'Max Calculator'!$E$9*H68,IF(D66="deadlift",'Max Calculator'!$E$10*H68,0))),5)=0," ",MROUND(IF(D66="squat",'Max Calculator'!$E$8*H68,IF(D66="bench",'Max Calculator'!$E$9*H68,IF(D66="deadlift",'Max Calculator'!$E$10*H68,0))),5)) -> 170
B69: ='Max Calculator'!$E$12-14 -> 43064 | C69: B3 | D69: =HLOOKUP($I$56,INDIRECT($D$9),VLOOKUP(C69,'Phase Creator'!$B$8:$C$19,2,FALSE),FALSE) -> 3ct Spotto Press | E69: 2 | F69: 5 | H69: 0.7 | I69: =IF(MROUND(IF(D66="squat",'Max Calculator'!$E$8*G69,IF(D66="bench",'Max Calculator'!$E$9*G69,IF(D66="deadlift",'Max Calculator'!$E$10*G69,0))),5)=0," ",MROUND(IF(D66="squat",'Max Calculator'!$E$8*G69,IF(D66="bench",'Max Calculator'!$E$9*G69,IF(D66="deadlift",'Max Calculator'!$E$10*G69,0))),5)) | J69: =IF(MROUND(IF(D66="squat",'Max Calculator'!$E$8*H69,IF(D66="bench",'Max Calculator'!$E$9*H69,IF(D66="deadlift",'Max Calculator'!$E$10*H69,0))),5)=0," ",MROUND(IF(D66="squat",'Max Calculator'!$E$8*H69,IF(D66="bench",'Max Calculator'!$E$9*H69,IF(D66="deadlift",'Max Calculator'!$E$10*H69,0))),5)) -> 160
B70: ='Max Calculator'!$E$12-7 -> 43071 | C70: B4 | D70: =HLOOKUP($I$56,INDIRECT($D$9),VLOOKUP(C70,'Phase Creator'!$B$8:$C$19,2,FALSE),FALSE) -> 3ct Spotto Press | E70: 1 | F70: 8 | H70: 0.5 | I70: =IF(MROUND(IF(D66="squat",'Max Calculator'!$E$8*G70,IF(D66="bench",'Max Calculator'!$E$9*G70,IF(D66="deadlift",'Max Calculator'!$E$10*G70,0))),5)=0," ",MROUND(IF(D66="squat",'Max Calculator'!$E$8*G70,IF(D66="bench",'Max Calculator'!$E$9*G70,IF(D66="deadlift",'Max Calculator'!$E$10*G70,0))),5)) | J70: =IF(MROUND(IF(D66="squat",'Max Calculator'!$E$8*H70,IF(D66="bench",'Max Calculator'!$E$9*H70,IF(D66="deadlift",'Max Calculator'!$E$10*H70,0))),5)=0," ",MROUND(IF(D66="squat",'Max Calculator'!$E$8*H70,IF(D66="bench",'Max Calculator'!$E$9*H70,IF(D66="deadlift",'Max Calculator'!$E$10*H70,0))),5)) -> 115
B72: Week | C72: C | D72: Exercise | E72: Sets | F72: Reps | G72: Working Range | I72: Working Weights
B73: ='Max Calculator'!$E$12-28 -> 43050 | C73: C | D73: =HLOOKUP($I$56,INDIRECT($D$9),VLOOKUP(C73,'Phase Creator'!$B$8:$C$19,2,FALSE),FALSE) -> Chest Supported Row | E73: 2 | F73: 8 | I73: =IF(MROUND(IF(D72="squat",'Max Calculator'!$E$8*G73,IF(D72="bench",'Max Calculator'!$E$9*G73,IF(D72="deadlift",'Max Calculator'!$E$10*G73,0))),5)=0," ",MROUND(IF(D72="squat",'Max Calculator'!$E$8*G73,IF(D72="bench",'Max Calculator'!$E$9*G73,IF(D72="deadlift",'Max Calculator'!$E$10*G73,0))),5)) | J73: =IF(MROUND(IF(D72="squat",'Max Calculator'!$E$8*H73,IF(D72="bench",'Max Calculator'!$E$9*H73,IF(D72="deadlift",'Max Calculator'!$E$10*H73,0))),5)=0," ",MROUND(IF(D72="squat",'Max Calculator'!$E$8*H73,IF(D72="bench",'Max Calculator'!$E$9*H73,IF(D72="deadlift",'Max Calculator'!$E$10*H73,0))),5))
B74: ='Max Calculator'!$E$12-21 -> 43057 | C74: C | D74: =HLOOKUP($I$56,INDIRECT($D$9),VLOOKUP(C74,'Phase Creator'!$B$8:$C$19,2,FALSE),FALSE) -> Chest Supported Row | E74: 3 | F74: 12 | I74: =IF(MROUND(IF(D72="squat",'Max Calculator'!$E$8*G74,IF(D72="bench",'Max Calculator'!$E$9*G74,IF(D72="deadlift",'Max Calculator'!$E$10*G74,0))),5)=0," ",MROUND(IF(D72="squat",'Max Calculator'!$E$8*G74,IF(D72="bench",'Max Calculator'!$E$9*G74,IF(D72="deadlift",'Max Calculator'!$E$10*G74,0))),5)) | J74: =IF(MROUND(IF(D72="squat",'Max Calculator'!$E$8*H74,IF(D72="bench",'Max Calculator'!$E$9*H74,IF(D72="deadlift",'Max Calculator'!$E$10*H74,0))),5)=0," ",MROUND(IF(D72="squat",'Max Calculator'!$E$8*H74,IF(D72="bench",'Max Calculator'!$E$9*H74,IF(D72="deadlift",'Max Calculator'!$E$10*H74,0))),5))
B75: ='Max Calculator'!$E$12-14 -> 43064 | C75: C | D75: =HLOOKUP($I$56,INDIRECT($D$9),VLOOKUP(C75,'Phase Creator'!$B$8:$C$19,2,FALSE),FALSE) -> Chest Supported Row | E75: 2 | F75: 10 | I75: =IF(MROUND(IF(D72="squat",'Max Calculator'!$E$8*G75,IF(D72="bench",'Max Calculator'!$E$9*G75,IF(D72="deadlift",'Max Calculator'!$E$10*G75,0))),5)=0," ",MROUND(IF(D72="squat",'Max Calculator'!$E$8*G75,IF(D72="bench",'Max Calculator'!$E$9*G75,IF(D72="deadlift",'Max Calculator'!$E$10*G75,0))),5)) | J75: =IF(MROUND(IF(D72="squat",'Max Calculator'!$E$8*H75,IF(D72="bench",'Max Calculator'!$E$9*H75,IF(D72="deadlift",'Max Calculator'!$E$10*H75,0))),5)=0," ",MROUND(IF(D72="squat",'Max Calculator'!$E$8*H75,IF(D72="bench",'Max Calculator'!$E$9*H75,IF(D72="deadlift",'Max Calculator'!$E$10*H75,0))),5))
B76: ='Max Calculator'!$E$12-7 -> 43071 | C76: C | D76: =HLOOKUP($I$56,INDIRECT($D$9),VLOOKUP(C76,'Phase Creator'!$B$8:$C$19,2,FALSE),FALSE) -> Chest Supported Row | E76: 1 | F76: 10 | I76: =IF(MROUND(IF(D72="squat",'Max Calculator'!$E$8*G76,IF(D72="bench",'Max Calculator'!$E$9*G76,IF(D72="deadlift",'Max Calculator'!$E$10*G76,0))),5)=0," ",MROUND(IF(D72="squat",'Max Calculator'!$E$8*G76,IF(D72="bench",'Max Calculator'!$E$9*G76,IF(D72="deadlift",'Max Calculator'!$E$10*G76,0))),5)) | J76: =IF(MROUND(IF(D72="squat",'Max Calculator'!$E$8*H76,IF(D72="bench",'Max Calculator'!$E$9*H76,IF(D72="deadlift",'Max Calculator'!$E$10*H76,0))),5)=0," ",MROUND(IF(D72="squat",'Max Calculator'!$E$8*H76,IF(D72="bench",'Max Calculator'!$E$9*H76,IF(D72="deadlift",'Max Calculator'!$E$10*H76,0))),5))
B78: Week | C78: D | D78: Exercise | E78: Sets | F78: Reps | G78: Working Range | I78: Working Weights
B79: ='Max Calculator'!$E$12-28 -> 43050 | C79: D | D79: =HLOOKUP($I$56,INDIRECT($D$9),VLOOKUP(C79,'Phase Creator'!$B$8:$C$19,2,FALSE),FALSE) -> DB bench 5ct eccentric | E79: 3 | F79: 8 | I79: =IF(MROUND(IF(D78="squat",'Max Calculator'!$E$8*G79,IF(D78="bench",'Max Calculator'!$E$9*G79,IF(D78="deadlift",'Max Calculator'!$E$10*G79,0))),5)=0," ",MROUND(IF(D78="squat",'Max Calculator'!$E$8*G79,IF(D78="bench",'Max Calculator'!$E$9*G79,IF(D78="deadlift",'Max Calculator'!$E$10*G79,0))),5)) | J79: =IF(MROUND(IF(D78="squat",'Max Calculator'!$E$8*H79,IF(D78="bench",'Max Calculator'!$E$9*H79,IF(D78="deadlift",'Max Calculator'!$E$10*H79,0))),5)=0," ",MROUND(IF(D78="squat",'Max Calculator'!$E$8*H79,IF(D78="bench",'Max Calculator'!$E$9*H79,IF(D78="deadlift",'Max Calculator'!$E$10*H79,0))),5))
B80: ='Max Calculator'!$E$12-21 -> 43057 | C80: D | D80: =HLOOKUP($I$56,INDIRECT($D$9),VLOOKUP(C80,'Phase Creator'!$B$8:$C$19,2,FALSE),FALSE) -> DB bench 5ct eccentric | E80: 3 | F80: 12 | I80: =IF(MROUND(IF(D78="squat",'Max Calculator'!$E$8*G80,IF(D78="bench",'Max Calculator'!$E$9*G80,IF(D78="deadlift",'Max Calculator'!$E$10*G80,0))),5)=0," ",MROUND(IF(D78="squat",'Max Calculator'!$E$8*G80,IF(D78="bench",'Max Calculator'!$E$9*G80,IF(D78="deadlift",'Max Calculator'!$E$10*G80,0))),5)) | J80: =IF(MROUND(IF(D78="squat",'Max Calculator'!$E$8*H80,IF(D78="bench",'Max Calculator'!$E$9*H80,IF(D78="deadlift",'Max Calculator'!$E$10*H80,0))),5)=0," ",MROUND(IF(D78="squat",'Max Calculator'!$E$8*H80,IF(D78="bench",'Max Calculator'!$E$9*H80,IF(D78="deadlift",'Max Calculator'!$E$10*H80,0))),5))
B81: ='Max Calculator'!$E$12-14 -> 43064 | C81: D | D81: =HLOOKUP($I$56,INDIRECT($D$9),VLOOKUP(C81,'Phase Creator'!$B$8:$C$19,2,FALSE),FALSE) -> DB bench 5ct eccentric | E81: 2 | F81: 6 | I81: =IF(MROUND(IF(D78="squat",'Max Calculator'!$E$8*G81,IF(D78="bench",'Max Calculator'!$E$9*G81,IF(D78="deadlift",'Max Calculator'!$E$10*G81,0))),5)=0," ",MROUND(IF(D78="squat",'Max Calculator'!$E$8*G81,IF(D78="bench",'Max Calculator'!$E$9*G81,IF(D78="deadlift",'Max Calculator'!$E$10*G81,0))),5)) | J81: =IF(MROUND(IF(D78="squat",'Max Calculator'!$E$8*H81,IF(D78="bench",'Max Calculator'!$E$9*H81,IF(D78="deadlift",'Max Calculator'!$E$10*H81,0))),5)=0," ",MROUND(IF(D78="squat",'Max Calculator'!$E$8*H81,IF(D78="bench",'Max Calculator'!$E$9*H81,IF(D78="deadlift",'Max Calculator'!$E$10*H81,0))),5))
B82: ='Max Calculator'!$E$12-7 -> 43071 | C82: D | D82: =HLOOKUP($I$56,INDIRECT($D$9),VLOOKUP(C82,'Phase Creator'!$B$8:$C$19,2,FALSE),FALSE) -> DB bench 5ct eccentric | E82: 1 | F82: 10 | I82: =IF(MROUND(IF(D78="squat",'Max Calculator'!$E$8*G82,IF(D78="bench",'Max Calculator'!$E$9*G82,IF(D78="deadlift",'Max Calculator'!$E$10*G82,0))),5)=0," ",MROUND(IF(D78="squat",'Max Calculator'!$E$8*G82,IF(D78="bench",'Max Calculator'!$E$9*G82,IF(D78="deadlift",'Max Calculator'!$E$10*G82,0))),5)) | J82: =IF(MROUND(IF(D78="squat",'Max Calculator'!$E$8*H82,IF(D78="bench",'Max Calculator'!$E$9*H82,IF(D78="deadlift",'Max Calculator'!$E$10*H82,0))),5)=0," ",MROUND(IF(D78="squat",'Max Calculator'!$E$8*H82,IF(D78="bench",'Max Calculator'!$E$9*H82,IF(D78="deadlift",'Max Calculator'!$E$10*H82,0))),5))
B84: Week | C84: E | D84: Exercise | E84: Sets | F84: Reps | G84: Working Range | I84: Working Weights
B85: ='Max Calculator'!$E$12-28 -> 43050 | C85: E | D85: =HLOOKUP($I$56,INDIRECT($D$9),VLOOKUP(C85,'Phase Creator'!$B$8:$C$19,2,FALSE),FALSE) -> Band/Cable Triceps 3ct Pause | E85: 3 | F85: 15 | I85: =IF(MROUND(IF(D84="squat",'Max Calculator'!$E$8*G85,IF(D84="bench",'Max Calculator'!$E$9*G85,IF(D84="deadlift",'Max Calculator'!$E$10*G85,0))),5)=0," ",MROUND(IF(D84="squat",'Max Calculator'!$E$8*G85,IF(D84="bench",'Max Calculator'!$E$9*G85,IF(D84="deadlift",'Max Calculator'!$E$10*G85,0))),5)) | J85: =IF(MROUND(IF(D84="squat",'Max Calculator'!$E$8*H85,IF(D84="bench",'Max Calculator'!$E$9*H85,IF(D84="deadlift",'Max Calculator'!$E$10*H85,0))),5)=0," ",MROUND(IF(D84="squat",'Max Calculator'!$E$8*H85,IF(D84="bench",'Max Calculator'!$E$9*H85,IF(D84="deadlift",'Max Calculator'!$E$10*H85,0))),5))
B86: ='Max Calculator'!$E$12-21 -> 43057 | C86: E | D86: =HLOOKUP($I$56,INDIRECT($D$9),VLOOKUP(C86,'Phase Creator'!$B$8:$C$19,2,FALSE),FALSE) -> Band/Cable Triceps 3ct Pause | E86: 3 | F86: 12 | I86: =IF(MROUND(IF(D84="squat",'Max Calculator'!$E$8*G86,IF(D84="bench",'Max Calculator'!$E$9*G86,IF(D84="deadlift",'Max Calculator'!$E$10*G86,0))),5)=0," ",MROUND(IF(D84="squat",'Max Calculator'!$E$8*G86,IF(D84="bench",'Max Calculator'!$E$9*G86,IF(D84="deadlift",'Max Calculator'!$E$10*G86,0))),5)) | J86: =IF(MROUND(IF(D84="squat",'Max Calculator'!$E$8*H86,IF(D84="bench",'Max Calculator'!$E$9*H86,IF(D84="deadlift",'Max Calculator'!$E$10*H86,0))),5)=0," ",MROUND(IF(D84="squat",'Max Calculator'!$E$8*H86,IF(D84="bench",'Max Calculator'!$E$9*H86,IF(D84="deadlift",'Max Calculator'!$E$10*H86,0))),5))
B87: ='Max Calculator'!$E$12-14 -> 43064 | C87: E | D87: =HLOOKUP($I$56,INDIRECT($D$9),VLOOKUP(C87,'Phase Creator'!$B$8:$C$19,2,FALSE),FALSE) -> Band/Cable Triceps 3ct Pause | E87: 2 | F87: 10 | I87: =IF(MROUND(IF(D84="squat",'Max Calculator'!$E$8*G87,IF(D84="bench",'Max Calculator'!$E$9*G87,IF(D84="deadlift",'Max Calculator'!$E$10*G87,0))),5)=0," ",MROUND(IF(D84="squat",'Max Calculator'!$E$8*G87,IF(D84="bench",'Max Calculator'!$E$9*G87,IF(D84="deadlift",'Max Calculator'!$E$10*G87,0))),5)) | J87: =IF(MROUND(IF(D84="squat",'Max Calculator'!$E$8*H87,IF(D84="bench",'Max Calculator'!$E$9*H87,IF(D84="deadlift",'Max Calculator'!$E$10*H87,0))),5)=0," ",MROUND(IF(D84="squat",'Max Calculator'!$E$8*H87,IF(D84="bench",'Max Calculator'!$E$9*H87,IF(D84="deadlift",'Max Calculator'!$E$10*H87,0))),5))
B88: ='Max Calculator'!$E$12-7 -> 43071 | C88: E | D88: =HLOOKUP($I$56,INDIRECT($D$9),VLOOKUP(C88,'Phase Creator'!$B$8:$C$19,2,FALSE),FALSE) -> Band/Cable Triceps 3ct Pause | E88: 1 | F88: 20 | I88: =IF(MROUND(IF(D84="squat",'Max Calculator'!$E$8*G88,IF(D84="bench",'Max Calculator'!$E$9*G88,IF(D84="deadlift",'Max Calculator'!$E$10*G88,0))),5)=0," ",MROUND(IF(D84="squat",'Max Calculator'!$E$8*G88,IF(D84="bench",'Max Calculator'!$E$9*G88,IF(D84="deadlift",'Max Calculator'!$E$10*G88,0))),5)) | J88: =IF(MROUND(IF(D84="squat",'Max Calculator'!$E$8*H88,IF(D84="bench",'Max Calculator'!$E$9*H88,IF(D84="deadlift",'Max Calculator'!$E$10*H88,0))),5)=0," ",MROUND(IF(D84="squat",'Max Calculator'!$E$8*H88,IF(D84="bench",'Max Calculator'!$E$9*H88,IF(D84="deadlift",'Max Calculator'!$E$10*H88,0))),5))
B90: Week | C90: F | D90: Exercise | E90: Sets | F90: Reps | G90: Working Range | I90: Working Weights
B91: ='Max Calculator'!$E$12-140 -> 42938 | C91: F | D91: =HLOOKUP($I$56,INDIRECT($D$9),VLOOKUP(C91,'Phase Creator'!$B$8:$C$19,2,FALSE),FALSE) | I91: =IF(MROUND(IF(D90="squat",'Max Calculator'!$E$8*G91,IF(D90="bench",'Max Calculator'!$E$9*G91,IF(D90="deadlift",'Max Calculator'!$E$10*G91,0))),5)=0," ",MROUND(IF(D90="squat",'Max Calculator'!$E$8*G91,IF(D90="bench",'Max Calculator'!$E$9*G91,IF(D90="deadlift",'Max Calculator'!$E$10*G91,0))),5)) | J91: =IF(MROUND(IF(D90="squat",'Max Calculator'!$E$8*H91,IF(D90="bench",'Max Calculator'!$E$9*H91,IF(D90="deadlift",'Max Calculator'!$E$10*H91,0))),5)=0," ",MROUND(IF(D90="squat",'Max Calculator'!$E$8*H91,IF(D90="bench",'Max Calculator'!$E$9*H91,IF(D90="deadlift",'Max Calculator'!$E$10*H91,0))),5))
B92: ='Max Calculator'!$E$12-133 -> 42945 | C92: F | D92: =HLOOKUP($I$56,INDIRECT($D$9),VLOOKUP(C92,'Phase Creator'!$B$8:$C$19,2,FALSE),FALSE) | I92: =IF(MROUND(IF(D90="squat",'Max Calculator'!$E$8*G92,IF(D90="bench",'Max Calculator'!$E$9*G92,IF(D90="deadlift",'Max Calculator'!$E$10*G92,0))),5)=0," ",MROUND(IF(D90="squat",'Max Calculator'!$E$8*G92,IF(D90="bench",'Max Calculator'!$E$9*G92,IF(D90="deadlift",'Max Calculator'!$E$10*G92,0))),5)) | J92: =IF(MROUND(IF(D90="squat",'Max Calculator'!$E$8*H92,IF(D90="bench",'Max Calculator'!$E$9*H92,IF(D90="deadlift",'Max Calculator'!$E$10*H92,0))),5)=0," ",MROUND(IF(D90="squat",'Max Calculator'!$E$8*H92,IF(D90="bench",'Max Calculator'!$E$9*H92,IF(D90="deadlift",'Max Calculator'!$E$10*H92,0))),5))
B93: ='Max Calculator'!$E$12-126 -> 42952 | C93: F | D93: =HLOOKUP($I$56,INDIRECT($D$9),VLOOKUP(C93,'Phase Creator'!$B$8:$C$19,2,FALSE),FALSE) | I93: =IF(MROUND(IF(D90="squat",'Max Calculator'!$E$8*G93,IF(D90="bench",'Max Calculator'!$E$9*G93,IF(D90="deadlift",'Max Calculator'!$E$10*G93,0))),5)=0," ",MROUND(IF(D90="squat",'Max Calculator'!$E$8*G93,IF(D90="bench",'Max Calculator'!$E$9*G93,IF(D90="deadlift",'Max Calculator'!$E$10*G93,0))),5)) | J93: =IF(MROUND(IF(D90="squat",'Max Calculator'!$E$8*H93,IF(D90="bench",'Max Calculator'!$E$9*H93,IF(D90="deadlift",'Max Calculator'!$E$10*H93,0))),5)=0," ",MROUND(IF(D90="squat",'Max Calculator'!$E$8*H93,IF(D90="bench",'Max Calculator'!$E$9*H93,IF(D90="deadlift",'Max Calculator'!$E$10*H93,0))),5))
B94: ='Max Calculator'!$E$12-119 -> 42959 | C94: F | D94: =HLOOKUP($I$56,INDIRECT($D$9),VLOOKUP(C94,'Phase Creator'!$B$8:$C$19,2,FALSE),FALSE) | I94: =IF(MROUND(IF(D90="squat",'Max Calculator'!$E$8*G94,IF(D90="bench",'Max Calculator'!$E$9*G94,IF(D90="deadlift",'Max Calculator'!$E$10*G94,0))),5)=0," ",MROUND(IF(D90="squat",'Max Calculator'!$E$8*G94,IF(D90="bench",'Max Calculator'!$E$9*G94,IF(D90="deadlift",'Max Calculator'!$E$10*G94,0))),5)) | J94: =IF(MROUND(IF(D90="squat",'Max Calculator'!$E$8*H94,IF(D90="bench",'Max Calculator'!$E$9*H94,IF(D90="deadlift",'Max Calculator'!$E$10*H94,0))),5)=0," ",MROUND(IF(D90="squat",'Max Calculator'!$E$8*H94,IF(D90="bench",'Max Calculator'!$E$9*H94,IF(D90="deadlift",'Max Calculator'!$E$10*H94,0))),5))
D103: =D56 -> Peaking | H103: Day | I103: 3
B107: Week | C107: A | D107: Deadlift | E107: Sets | F107: Reps | G107: Working Range | I107: Working Weights
B108: ='Max Calculator'!$E$12-28 -> 43050 | C108: A1 | D108: =HLOOKUP($I$103,INDIRECT($D$9),VLOOKUP(C108,'Phase Creator'!$B$8:$C$19,2,FALSE),FALSE) -> Reverse Band Comp Deads | E108: 1 | F108: 3 | H108: 1 | I108: =IF(MROUND(IF(D107="squat",'Max Calculator'!$E$8*G108,IF(D107="bench",'Max Calculator'!$E$9*G108,IF(D107="deadlift",'Max Calculator'!$E$10*G108,0))),5)=0," ",MROUND(IF(D107="squat",'Max Calculator'!$E$8*G108,IF(D107="bench",'Max Calculator'!$E$9*G108,IF(D107="deadlift",'Max Calculator'!$E$10*G108,0))),5)) | J108: =IF(MROUND(IF(D107="squat",'Max Calculator'!$E$8*H108,IF(D107="bench",'Max Calculator'!$E$9*H108,IF(D107="deadlift",'Max Calculator'!$E$10*H108,0))),5)=0," ",MROUND(IF(D107="squat",'Max Calculator'!$E$8*H108,IF(D107="bench",'Max Calculator'!$E$9*H108,IF(D107="deadlift",'Max Calculator'!$E$10*H108,0))),5)) -> 405
B109: ='Max Calculator'!$E$12-21 -> 43057 | C109: A2 | D109: =HLOOKUP($I$103,INDIRECT($D$9),VLOOKUP(C109,'Phase Creator'!$B$8:$C$19,2,FALSE),FALSE) -> Competition Deadlift | E109: 1 | F109: 1 | H109: 1 | I109: =IF(MROUND(IF(D107="squat",'Max Calculator'!$E$8*G109,IF(D107="bench",'Max Calculator'!$E$9*G109,IF(D107="deadlift",'Max Calculator'!$E$10*G109,0))),5)=0," ",MROUND(IF(D107="squat",'Max Calculator'!$E$8*G109,IF(D107="bench",'Max Calculator'!$E$9*G109,IF(D107="deadlift",'Max Calculator'!$E$10*G109,0))),5)) | J109: =IF(MROUND(IF(D107="squat",'Max Calculator'!$E$8*H109,IF(D107="bench",'Max Calculator'!$E$9*H109,IF(D107="deadlift",'Max Calculator'!$E$10*H109,0))),5)=0," ",MROUND(IF(D107="squat",'Max Calculator'!$E$8*H109,IF(D107="bench",'Max Calculator'!$E$9*H109,IF(D107="deadlift",'Max Calculator'!$E$10*H109,0))),5)) -> 405
B110: ='Max Calculator'!$E$12-14 -> 43064 | C110: A3 | D110: =HLOOKUP($I$103,INDIRECT($D$9),VLOOKUP(C110,'Phase Creator'!$B$8:$C$19,2,FALSE),FALSE) -> Competition Deadlift | E110: 1 | F110: 1 | H110: 0.85 | I110: =IF(MROUND(IF(D107="squat",'Max Calculator'!$E$8*G110,IF(D107="bench",'Max Calculator'!$E$9*G110,IF(D107="deadlift",'Max Calculator'!$E$10*G110,0))),5)=0," ",MROUND(IF(D107="squat",'Max Calculator'!$E$8*G110,IF(D107="bench",'Max Calculator'!$E$9*G110,IF(D107="deadlift",'Max Calculator'!$E$10*G110,0))),5)) | J110: =IF(MROUND(IF(D107="squat",'Max Calculator'!$E$8*H110,IF(D107="bench",'Max Calculator'!$E$9*H110,IF(D107="deadlift",'Max Calculator'!$E$10*H110,0))),5)=0," ",MROUND(IF(D107="squat",'Max Calculator'!$E$8*H110,IF(D107="bench",'Max Calculator'!$E$9*H110,IF(D107="deadlift",'Max Calculator'!$E$10*H110,0))),5)) -> 345
B111: ='Max Calculator'!$E$12-7 -> 43071 | C111: A4 | D111: =HLOOKUP($I$103,INDIRECT($D$9),VLOOKUP(C111,'Phase Creator'!$B$8:$C$19,2,FALSE),FALSE) -> Speed DL | E111: 6 | F111: 1 | H111: 0.5 | I111: =IF(MROUND(IF(D107="squat",'Max Calculator'!$E$8*G111,IF(D107="bench",'Max Calculator'!$E$9*G111,IF(D107="deadlift",'Max Calculator'!$E$10*G111,0))),5)=0," ",MROUND(IF(D107="squat",'Max Calculator'!$E$8*G111,IF(D107="bench",'Max Calculator'!$E$9*G111,IF(D107="deadlift",'Max Calculator'!$E$10*G111,0))),5)) | J111: =IF(MROUND(IF(D107="squat",'Max Calculator'!$E$8*H111,IF(D107="bench",'Max Calculator'!$E$9*H111,IF(D107="deadlift",'Max Calculator'!$E$10*H111,0))),5)=0," ",MROUND(IF(D107="squat",'Max Calculator'!$E$8*H111,IF(D107="bench",'Max Calculator'!$E$9*H111,IF(D107="deadlift",'Max Calculator'!$E$10*H111,0))),5)) -> 205
B113: Week | C113: B | D113: Deadlift | E113: Sets | F113: Reps | G113: Working Range | I113: Working Weights
B114: ='Max Calculator'!$E$12-28 -> 43050 | C114: B1 | D114: =HLOOKUP($I$103,INDIRECT($D$9),VLOOKUP(C114,'Phase Creator'!$B$8:$C$19,2,FALSE),FALSE) -> 3ct Pause Deadlift | E114: 3 | F114: 6 | H114: 0.65 | I114: =IF(MROUND(IF(D113="squat",'Max Calculator'!$E$8*G114,IF(D113="bench",'Max Calculator'!$E$9*G114,IF(D113="deadlift",'Max Calculator'!$E$10*G114,0))),5)=0," ",MROUND(IF(D113="squat",'Max Calculator'!$E$8*G114,IF(D113="bench",'Max Calculator'!$E$9*G114,IF(D113="deadlift",'Max Calculator'!$E$10*G114,0))),5)) | J114: =IF(MROUND(IF(D113="squat",'Max Calculator'!$E$8*H114,IF(D113="bench",'Max Calculator'!$E$9*H114,IF(D113="deadlift",'Max Calculator'!$E$10*H114,0))),5)=0," ",MROUND(IF(D113="squat",'Max Calculator'!$E$8*H114,IF(D113="bench",'Max Calculator'!$E$9*H114,IF(D113="deadlift",'Max Calculator'!$E$10*H114,0))),5)) -> 265
B115: ='Max Calculator'!$E$12-21 -> 43057 | C115: B2 | D115: =HLOOKUP($I$103,INDIRECT($D$9),VLOOKUP(C115,'Phase Creator'!$B$8:$C$19,2,FALSE),FALSE) -> 3ct Pause Deadlift | E115: 2 | F115: 5 | H115: 0.55 | I115: =IF(MROUND(IF(D113="squat",'Max Calculator'!$E$8*G115,IF(D113="bench",'Max Calculator'!$E$9*G115,IF(D113="deadlift",'Max Calculator'!$E$10*G115,0))),5)=0," ",MROUND(IF(D113="squat",'Max Calculator'!$E$8*G115,IF(D113="bench",'Max Calculator'!$E$9*G115,IF(D113="deadlift",'Max Calculator'!$E$10*G115,0))),5)) | J115: =IF(MROUND(IF(D113="squat",'Max Calculator'!$E$8*H115,IF(D113="bench",'Max Calculator'!$E$9*H115,IF(D113="deadlift",'Max Calculator'!$E$10*H115,0))),5)=0," ",MROUND(IF(D113="squat",'Max Calculator'!$E$8*H115,IF(D113="bench",'Max Calculator'!$E$9*H115,IF(D113="deadlift",'Max Calculator'!$E$10*H115,0))),5)) -> 225
B116: ='Max Calculator'!$E$12-14 -> 43064 | C116: B3 | D116: =HLOOKUP($I$103,INDIRECT($D$9),VLOOKUP(C116,'Phase Creator'!$B$8:$C$19,2,FALSE),FALSE) -> 3ct Pause Deadlift | E116: 2 | F116: 5 | H116: 0.5 | I116: =IF(MROUND(IF(D113="squat",'Max Calculator'!$E$8*G116,IF(D113="bench",'Max Calculator'!$E$9*G116,IF(D113="deadlift",'Max Calculator'!$E$10*G116,0))),5)=0," ",MROUND(IF(D113="squat",'Max Calculator'!$E$8*G116,IF(D113="bench",'Max Calculator'!$E$9*G116,IF(D113="deadlift",'Max Calculator'!$E$10*G116,0))),5)) | J116: =IF(MROUND(IF(D113="squat",'Max Calculator'!$E$8*H116,IF(D113="bench",'Max Calculator'!$E$9*H116,IF(D113="deadlift",'Max Calculator'!$E$10*H116,0))),5)=0," ",MROUND(IF(D113="squat",'Max Calculator'!$E$8*H116,IF(D113="bench",'Max Calculator'!$E$9*H116,IF(D113="deadlift",'Max Calculator'!$E$10*H116,0))),5)) -> 205
B117: ='Max Calculator'!$E$12-7 -> 43071 | C117: B4 | D117: =HLOOKUP($I$103,INDIRECT($D$9),VLOOKUP(C117,'Phase Creator'!$B$8:$C$19,2,FALSE),FALSE) -> 3ct Pause Deadlift | E117: 1 | F117: 5 | H117: 0.4 | I117: =IF(MROUND(IF(D113="squat",'Max Calculator'!$E$8*G117,IF(D113="bench",'Max Calculator'!$E$9*G117,IF(D113="deadlift",'Max Calculator'!$E$10*G117,0))),5)=0," ",MROUND(IF(D113="squat",'Max Calculator'!$E$8*G117,IF(D113="bench",'Max Calculator'!$E$9*G117,IF(D113="deadlift",'Max Calculator'!$E$10*G117,0))),5)) | J117: =IF(MROUND(IF(D113="squat",'Max Calculator'!$E$8*H117,IF(D113="bench",'Max Calculator'!$E$9*H117,IF(D113="deadlift",'Max Calculator'!$E$10*H117,0))),5)=0," ",MROUND(IF(D113="squat",'Max Calculator'!$E$8*H117,IF(D113="bench",'Max Calculator'!$E$9*H117,IF(D113="deadlift",'Max Calculator'!$E$10*H117,0))),5)) -> 160
B119: Week | C119: C | D119: Bench | E119: Sets | F119: Reps | G119: Working Range | I119: Working Weights
B120: ='Max Calculator'!$E$12-28 -> 43050 | C120: C | D120: =HLOOKUP($I$103,INDIRECT($D$9),VLOOKUP(C120,'Phase Creator'!$B$8:$C$19,2,FALSE),FALSE) -> Close Grip 3ct Pause Feet Up Bench | E120: 3 | F120: 8 | H120: 0.4 | I120: =IF(MROUND(IF(D119="squat",'Max Calculator'!$E$8*G120,IF(D119="bench",'Max Calculator'!$E$9*G120,IF(D119="deadlift",'Max Calculator'!$E$10*G120,0))),5)=0," ",MROUND(IF(D119="squat",'Max Calculator'!$E$8*G120,IF(D119="bench",'Max Calculator'!$E$9*G120,IF(D119="deadlift",'Max Calculator'!$E$10*G120,0))),5)) | J120: =IF(MROUND(IF(D119="squat",'Max Calculator'!$E$8*H120,IF(D119="bench",'Max Calculator'!$E$9*H120,IF(D119="deadlift",'Max Calculator'!$E$10*H120,0))),5)=0," ",MROUND(IF(D119="squat",'Max Calculator'!$E$8*H120,IF(D119="bench",'Max Calculator'!$E$9*H120,IF(D119="deadlift",'Max Calculator'!$E$10*H120,0))),5)) -> 90
B121: ='Max Calculator'!$E$12-21 -> 43057 | C121: C | D121: =HLOOKUP($I$103,INDIRECT($D$9),VLOOKUP(C121,'Phase Creator'!$B$8:$C$19,2,FALSE),FALSE) -> Close Grip 3ct Pause Feet Up Bench | E121: 2 | F121: 12 | H121: 0.3 | I121: =IF(MROUND(IF(D119="squat",'Max Calculator'!$E$8*G121,IF(D119="bench",'Max Calculator'!$E$9*G121,IF(D119="deadlift",'Max Calculator'!$E$10*G121,0))),5)=0," ",MROUND(IF(D119="squat",'Max Calculator'!$E$8*G121,IF(D119="bench",'Max Calculator'!$E$9*G121,IF(D119="deadlift",'Max Calculator'!$E$10*G121,0))),5)) | J121: =IF(MROUND(IF(D119="squat",'Max Calculator'!$E$8*H121,IF(D119="bench",'Max Calculator'!$E$9*H121,IF(D119="deadlift",'Max Calculator'!$E$10*H121,0))),5)=0," ",MROUND(IF(D119="squat",'Max Calculator'!$E$8*H121,IF(D119="bench",'Max Calculator'!$E$9*H121,IF(D119="deadlift",'Max Calculator'!$E$10*H121,0))),5)) -> 70
B122: ='Max Calculator'!$E$12-14 -> 43064 | C122: C | D122: =HLOOKUP($I$103,INDIRECT($D$9),VLOOKUP(C122,'Phase Creator'!$B$8:$C$19,2,FALSE),FALSE) -> Close Grip 3ct Pause Feet Up Bench | E122: 2 | F122: 10 | H122: 0.35 | I122: =IF(MROUND(IF(D119="squat",'Max Calculator'!$E$8*G122,IF(D119="bench",'Max Calculator'!$E$9*G122,IF(D119="deadlift",'Max Calculator'!$E$10*G122,0))),5)=0," ",MROUND(IF(D119="squat",'Max Calculator'!$E$8*G122,IF(D119="bench",'Max Calculator'!$E$9*G122,IF(D119="deadlift",'Max Calculator'!$E$10*G122,0))),5)) | J122: =IF(MROUND(IF(D119="squat",'Max Calculator'!$E$8*H122,IF(D119="bench",'Max Calculator'!$E$9*H122,IF(D119="deadlift",'Max Calculator'!$E$10*H122,0))),5)=0," ",MROUND(IF(D119="squat",'Max Calculator'!$E$8*H122,IF(D119="bench",'Max Calculator'!$E$9*H122,IF(D119="deadlift",'Max Calculator'!$E$10*H122,0))),5)) -> 80
B123: ='Max Calculator'!$E$12-7 -> 43071 | C123: C | D123: =HLOOKUP($I$103,INDIRECT($D$9),VLOOKUP(C123,'Phase Creator'!$B$8:$C$19,2,FALSE),FALSE) -> Close Grip 3ct Pause Feet Up Bench | E123: 1 | F123: 12 | H123: 0.3 | I123: =IF(MROUND(IF(D119="squat",'Max Calculator'!$E$8*G123,IF(D119="bench",'Max Calculator'!$E$9*G123,IF(D119="deadlift",'Max Calculator'!$E$10*G123,0))),5)=0," ",MROUND(IF(D119="squat",'Max Calculator'!$E$8*G123,IF(D119="bench",'Max Calculator'!$E$9*G123,IF(D119="deadlift",'Max Calculator'!$E$10*G123,0))),5)) | J123: =IF(MROUND(IF(D119="squat",'Max Calculator'!$E$8*H123,IF(D119="bench",'Max Calculator'!$E$9*H123,IF(D119="deadlift",'Max Calculator'!$E$10*H123,0))),5)=0," ",MROUND(IF(D119="squat",'Max Calculator'!$E$8*H123,IF(D119="bench",'Max Calculator'!$E$9*H123,IF(D119="deadlift",'Max Calculator'!$E$10*H123,0))),5)) -> 70
B125: Week | C125: D | D125: Exercise | E125: Sets | F125: Reps | G125: Working Range | I125: Working Weights
B126: ='Max Calculator'!$E$12-28 -> 43050 | C126: D | D126: =HLOOKUP($I$103,INDIRECT($D$9),VLOOKUP(C126,'Phase Creator'!$B$8:$C$19,2,FALSE),FALSE) -> Band/TRX holds | E126: 2 | F126: 30 | I126: =IF(MROUND(IF(D125="squat",'Max Calculator'!$E$8*G126,IF(D125="bench",'Max Calculator'!$E$9*G126,IF(D125="deadlift",'Max Calculator'!$E$10*G126,0))),5)=0," ",MROUND(IF(D125="squat",'Max Calculator'!$E$8*G126,IF(D125="bench",'Max Calculator'!$E$9*G126,IF(D125="deadlift",'Max Calculator'!$E$10*G126,0))),5)) | J126: =IF(MROUND(IF(D125="squat",'Max Calculator'!$E$8*H126,IF(D125="bench",'Max Calculator'!$E$9*H126,IF(D125="deadlift",'Max Calculator'!$E$10*H126,0))),5)=0," ",MROUND(IF(D125="squat",'Max Calculator'!$E$8*H126,IF(D125="bench",'Max Calculator'!$E$9*H126,IF(D125="deadlift",'Max Calculator'!$E$10*H126,0))),5))
B127: ='Max Calculator'!$E$12-21 -> 43057 | C127: D | D127: =HLOOKUP($I$103,INDIRECT($D$9),VLOOKUP(C127,'Phase Creator'!$B$8:$C$19,2,FALSE),FALSE) -> Band/TRX holds | E127: 3 | F127: 40 | I127: =IF(MROUND(IF(D125="squat",'Max Calculator'!$E$8*G127,IF(D125="bench",'Max Calculator'!$E$9*G127,IF(D125="deadlift",'Max Calculator'!$E$10*G127,0))),5)=0," ",MROUND(IF(D125="squat",'Max Calculator'!$E$8*G127,IF(D125="bench",'Max Calculator'!$E$9*G127,IF(D125="deadlift",'Max Calculator'!$E$10*G127,0))),5)) | J127: =IF(MROUND(IF(D125="squat",'Max Calculator'!$E$8*H127,IF(D125="bench",'Max Calculator'!$E$9*H127,IF(D125="deadlift",'Max Calculator'!$E$10*H127,0))),5)=0," ",MROUND(IF(D125="squat",'Max Calculator'!$E$8*H127,IF(D125="bench",'Max Calculator'!$E$9*H127,IF(D125="deadlift",'Max Calculator'!$E$10*H127,0))),5))
B128: ='Max Calculator'!$E$12-14 -> 43064 | C128: D | D128: =HLOOKUP($I$103,INDIRECT($D$9),VLOOKUP(C128,'Phase Creator'!$B$8:$C$19,2,FALSE),FALSE) -> Band/TRX holds | E128: 2 | F128: 35 | I128: =IF(MROUND(IF(D125="squat",'Max Calculator'!$E$8*G128,IF(D125="bench",'Max Calculator'!$E$9*G128,IF(D125="deadlift",'Max Calculator'!$E$10*G128,0))),5)=0," ",MROUND(IF(D125="squat",'Max Calculator'!$E$8*G128,IF(D125="bench",'Max Calculator'!$E$9*G128,IF(D125="deadlift",'Max Calculator'!$E$10*G128,0))),5)) | J128: =IF(MROUND(IF(D125="squat",'Max Calculator'!$E$8*H128,IF(D125="bench",'Max Calculator'!$E$9*H128,IF(D125="deadlift",'Max Calculator'!$E$10*H128,0))),5)=0," ",MROUND(IF(D125="squat",'Max Calculator'!$E$8*H128,IF(D125="bench",'Max Calculator'!$E$9*H128,IF(D125="deadlift",'Max Calculator'!$E$10*H128,0))),5))
B129: ='Max Calculator'!$E$12-7 -> 43071 | C129: D | D129: =HLOOKUP($I$103,INDIRECT($D$9),VLOOKUP(C129,'Phase Creator'!$B$8:$C$19,2,FALSE),FALSE) -> Band/TRX holds | E129: 1 | F129: 60 | I129: =IF(MROUND(IF(D125="squat",'Max Calculator'!$E$8*G129,IF(D125="bench",'Max Calculator'!$E$9*G129,IF(D125="deadlift",'Max Calculator'!$E$10*G129,0))),5)=0," ",MROUND(IF(D125="squat",'Max Calculator'!$E$8*G129,IF(D125="bench",'Max Calculator'!$E$9*G129,IF(D125="deadlift",'Max Calculator'!$E$10*G129,0))),5)) | J129: =IF(MROUND(IF(D125="squat",'Max Calculator'!$E$8*H129,IF(D125="bench",'Max Calculator'!$E$9*H129,IF(D125="deadlift",'Max Calculator'!$E$10*H129,0))),5)=0," ",MROUND(IF(D125="squat",'Max Calculator'!$E$8*H129,IF(D125="bench",'Max Calculator'!$E$9*H129,IF(D125="deadlift",'Max Calculator'!$E$10*H129,0))),5))
B131: Week | C131: E | D131: Exercise | E131: Sets | F131: Reps | G131: Working Range | I131: Working Weights
B132: ='Max Calculator'!$E$12-28 -> 43050 | C132: E | D132: =HLOOKUP($I$103,INDIRECT($D$9),VLOOKUP(C132,'Phase Creator'!$B$8:$C$19,2,FALSE),FALSE) -> Hanging Knee raise | E132: 3 | F132: 10 | I132: =IF(MROUND(IF(D131="squat",'Max Calculator'!$E$8*G132,IF(D131="bench",'Max Calculator'!$E$9*G132,IF(D131="deadlift",'Max Calculator'!$E$10*G132,0))),5)=0," ",MROUND(IF(D131="squat",'Max Calculator'!$E$8*G132,IF(D131="bench",'Max Calculator'!$E$9*G132,IF(D131="deadlift",'Max Calculator'!$E$10*G132,0))),5)) | J132: =IF(MROUND(IF(D131="squat",'Max Calculator'!$E$8*H132,IF(D131="bench",'Max Calculator'!$E$9*H132,IF(D131="deadlift",'Max Calculator'!$E$10*H132,0))),5)=0," ",MROUND(IF(D131="squat",'Max Calculator'!$E$8*H132,IF(D131="bench",'Max Calculator'!$E$9*H132,IF(D131="deadlift",'Max Calculator'!$E$10*H132,0))),5))
B133: ='Max Calculator'!$E$12-21 -> 43057 | C133: E | D133: =HLOOKUP($I$103,INDIRECT($D$9),VLOOKUP(C133,'Phase Creator'!$B$8:$C$19,2,FALSE),FALSE) -> Hanging Knee raise | E133: 2 | F133: 12 | I133: =IF(MROUND(IF(D131="squat",'Max Calculator'!$E$8*G133,IF(D131="bench",'Max Calculator'!$E$9*G133,IF(D131="deadlift",'Max Calculator'!$E$10*G133,0))),5)=0," ",MROUND(IF(D131="squat",'Max Calculator'!$E$8*G133,IF(D131="bench",'Max Calculator'!$E$9*G133,IF(D131="deadlift",'Max Calculator'!$E$10*G133,0))),5)) | J133: =IF(MROUND(IF(D131="squat",'Max Calculator'!$E$8*H133,IF(D131="bench",'Max Calculator'!$E$9*H133,IF(D131="deadlift",'Max Calculator'!$E$10*H133,0))),5)=0," ",MROUND(IF(D131="squat",'Max Calculator'!$E$8*H133,IF(D131="bench",'Max Calculator'!$E$9*H133,IF(D131="deadlift",'Max Calculator'!$E$10*H133,0))),5))
B134: ='Max Calculator'!$E$12-14 -> 43064 | C134: E | D134: =HLOOKUP($I$103,INDIRECT($D$9),VLOOKUP(C134,'Phase Creator'!$B$8:$C$19,2,FALSE),FALSE) -> Hanging Knee raise | E134: 2 | F134: 8 | I134: =IF(MROUND(IF(D131="squat",'Max Calculator'!$E$8*G134,IF(D131="bench",'Max Calculator'!$E$9*G134,IF(D131="deadlift",'Max Calculator'!$E$10*G134,0))),5)=0," ",MROUND(IF(D131="squat",'Max Calculator'!$E$8*G134,IF(D131="bench",'Max Calculator'!$E$9*G134,IF(D131="deadlift",'Max Calculator'!$E$10*G134,0))),5)) | J134: =IF(MROUND(IF(D131="squat",'Max Calculator'!$E$8*H134,IF(D131="bench",'Max Calculator'!$E$9*H134,IF(D131="deadlift",'Max Calculator'!$E$10*H134,0))),5)=0," ",MROUND(IF(D131="squat",'Max Calculator'!$E$8*H134,IF(D131="bench",'Max Calculator'!$E$9*H134,IF(D131="deadlift",'Max Calculator'!$E$10*H134,0))),5))
B135: ='Max Calculator'!$E$12-7 -> 43071 | C135: E | D135: =HLOOKUP($I$103,INDIRECT($D$9),VLOOKUP(C135,'Phase Creator'!$B$8:$C$19,2,FALSE),FALSE) -> Hanging Knee raise | E135: 1 | F135: 10 | I135: =IF(MROUND(IF(D131="squat",'Max Calculator'!$E$8*G135,IF(D131="bench",'Max Calculator'!$E$9*G135,IF(D131="deadlift",'Max Calculator'!$E$10*G135,0))),5)=0," ",MROUND(IF(D131="squat",'Max Calculator'!$E$8*G135,IF(D131="bench",'Max Calculator'!$E$9*G135,IF(D131="deadlift",'Max Calculator'!$E$10*G135,0))),5)) | J135: =IF(MROUND(IF(D131="squat",'Max Calculator'!$E$8*H135,IF(D131="bench",'Max Calculator'!$E$9*H135,IF(D131="deadlift",'Max Calculator'!$E$10*H135,0))),5)=0," ",MROUND(IF(D131="squat",'Max Calculator'!$E$8*H135,IF(D131="bench",'Max Calculator'!$E$9*H135,IF(D131="deadlift",'Max Calculator'!$E$10*H135,0))),5))
B137: Week | C137: F | D137: Exercise | E137: Sets | F137: Reps | G137: Working Range | I137: Working Weights
B138: ='Max Calculator'!$E$12-140 -> 42938 | C138: F | D138: =HLOOKUP($I$103,INDIRECT($D$9),VLOOKUP(C138,'Phase Creator'!$B$8:$C$19,2,FALSE),FALSE) | I138: =IF(MROUND(IF(D137="squat",'Max Calculator'!$E$8*G138,IF(D137="bench",'Max Calculator'!$E$9*G138,IF(D137="deadlift",'Max Calculator'!$E$10*G138,0))),5)=0," ",MROUND(IF(D137="squat",'Max Calculator'!$E$8*G138,IF(D137="bench",'Max Calculator'!$E$9*G138,IF(D137="deadlift",'Max Calculator'!$E$10*G138,0))),5)) | J138: =IF(MROUND(IF(D137="squat",'Max Calculator'!$E$8*H138,IF(D137="bench",'Max Calculator'!$E$9*H138,IF(D137="deadlift",'Max Calculator'!$E$10*H138,0))),5)=0," ",MROUND(IF(D137="squat",'Max Calculator'!$E$8*H138,IF(D137="bench",'Max Calculator'!$E$9*H138,IF(D137="deadlift",'Max Calculator'!$E$10*H138,0))),5))
B139: ='Max Calculator'!$E$12-133 -> 42945 | C139: F | D139: =HLOOKUP($I$103,INDIRECT($D$9),VLOOKUP(C139,'Phase Creator'!$B$8:$C$19,2,FALSE),FALSE) | I139: =IF(MROUND(IF(D137="squat",'Max Calculator'!$E$8*G139,IF(D137="bench",'Max Calculator'!$E$9*G139,IF(D137="deadlift",'Max Calculator'!$E$10*G139,0))),5)=0," ",MROUND(IF(D137="squat",'Max Calculator'!$E$8*G139,IF(D137="bench",'Max Calculator'!$E$9*G139,IF(D137="deadlift",'Max Calculator'!$E$10*G139,0))),5)) | J139: =IF(MROUND(IF(D137="squat",'Max Calculator'!$E$8*H139,IF(D137="bench",'Max Calculator'!$E$9*H139,IF(D137="deadlift",'Max Calculator'!$E$10*H139,0))),5)=0," ",MROUND(IF(D137="squat",'Max Calculator'!$E$8*H139,IF(D137="bench",'Max Calculator'!$E$9*H139,IF(D137="deadlift",'Max Calculator'!$E$10*H139,0))),5))
B140: ='Max Calculator'!$E$12-126 -> 42952 | C140: F | D140: =HLOOKUP($I$103,INDIRECT($D$9),VLOOKUP(C140,'Phase Creator'!$B$8:$C$19,2,FALSE),FALSE) | I140: =IF(MROUND(IF(D137="squat",'Max Calculator'!$E$8*G140,IF(D137="bench",'Max Calculator'!$E$9*G140,IF(D137="deadlift",'Max Calculator'!$E$10*G140,0))),5)=0," ",MROUND(IF(D137="squat",'Max Calculator'!$E$8*G140,IF(D137="bench",'Max Calculator'!$E$9*G140,IF(D137="deadlift",'Max Calculator'!$E$10*G140,0))),5)) | J140: =IF(MROUND(IF(D137="squat",'Max Calculator'!$E$8*H140,IF(D137="bench",'Max Calculator'!$E$9*H140,IF(D137="deadlift",'Max Calculator'!$E$10*H140,0))),5)=0," ",MROUND(IF(D137="squat",'Max Calculator'!$E$8*H140,IF(D137="bench",'Max Calculator'!$E$9*H140,IF(D137="deadlift",'Max Calculator'!$E$10*H140,0))),5))
B141: ='Max Calculator'!$E$12-119 -> 42959 | C141: F | D141: =HLOOKUP($I$103,INDIRECT($D$9),VLOOKUP(C141,'Phase Creator'!$B$8:$C$19,2,FALSE),FALSE) | I141: =IF(MROUND(IF(D137="squat",'Max Calculator'!$E$8*G141,IF(D137="bench",'Max Calculator'!$E$9*G141,IF(D137="deadlift",'Max Calculator'!$E$10*G141,0))),5)=0," ",MROUND(IF(D137="squat",'Max Calculator'!$E$8*G141,IF(D137="bench",'Max Calculator'!$E$9*G141,IF(D137="deadlift",'Max Calculator'!$E$10*G141,0))),5)) | J141: =IF(MROUND(IF(D137="squat",'Max Calculator'!$E$8*H141,IF(D137="bench",'Max Calculator'!$E$9*H141,IF(D137="deadlift",'Max Calculator'!$E$10*H141,0))),5)=0," ",MROUND(IF(D137="squat",'Max Calculator'!$E$8*H141,IF(D137="bench",'Max Calculator'!$E$9*H141,IF(D137="deadlift",'Max Calculator'!$E$10*H141,0))),5))
D150: Phase1 | H150: Day | I150: 4
B154: Week | C154: A | D154: Bench | E154: Sets | F154: Reps | G154: Working Range | I154: Working Weights
B155: ='Max Calculator'!$E$12-140 -> 42938 | C155: A1 | D155: =HLOOKUP($I$150,INDIRECT($D$9),VLOOKUP(C155,'Phase Creator'!$B$8:$C$19,2,FALSE),FALSE) | E155: 4 | F155: 5 | G155: 0.65 | H155: 0.675 | I155: =IF(MROUND(IF(D154="squat",'Max Calculator'!$E$8*G155,IF(D154="bench",'Max Calculator'!$E$9*G155,IF(D154="deadlift",'Max Calculator'!$E$10*G155,0))),5)=0," ",MROUND(IF(D154="squat",'Max Calculator'!$E$8*G155,IF(D154="bench",'Max Calculator'!$E$9*G155,IF(D154="deadlift",'Max Calculator'!$E$10*G155,0))),5)) -> 145 | J155: =IF(MROUND(IF(D154="squat",'Max Calculator'!$E$8*H155,IF(D154="bench",'Max Calculator'!$E$9*H155,IF(D154="deadlift",'Max Calculator'!$E$10*H155,0))),5)=0," ",MROUND(IF(D154="squat",'Max Calculator'!$E$8*H155,IF(D154="bench",'Max Calculator'!$E$9*H155,IF(D154="deadlift",'Max Calculator'!$E$10*H155,0))),5)) -> 150
B156: ='Max Calculator'!$E$12-133 -> 42945 | C156: A2 | D156: =HLOOKUP($I$150,INDIRECT($D$9),VLOOKUP(C156,'Phase Creator'!$B$8:$C$19,2,FALSE),FALSE) | E156: 3 | F156: 5 | G156: 0.675 | H156: 0.725 | I156: =IF(MROUND(IF(D154="squat",'Max Calculator'!$E$8*G156,IF(D154="bench",'Max Calculator'!$E$9*G156,IF(D154="deadlift",'Max Calculator'!$E$10*G156,0))),5)=0," ",MROUND(IF(D154="squat",'Max Calculator'!$E$8*G156,IF(D154="bench",'Max Calculator'!$E$9*G156,IF(D154="deadlift",'Max Calculator'!$E$10*G156,0))),5)) -> 150 | J156: =IF(MROUND(IF(D154="squat",'Max Calculator'!$E$8*H156,IF(D154="bench",'Max Calculator'!$E$9*H156,IF(D154="deadlift",'Max Calculator'!$E$10*H156,0))),5)=0," ",MROUND(IF(D154="squat",'Max Calculator'!$E$8*H156,IF(D154="bench",'Max Calculator'!$E$9*H156,IF(D154="deadlift",'Max Calculator'!$E$10*H156,0))),5)) -> 165
B157: ='Max Calculator'!$E$12-126 -> 42952 | C157: A3 | D157: =HLOOKUP($I$150,INDIRECT($D$9),VLOOKUP(C157,'Phase Creator'!$B$8:$C$19,2,FALSE),FALSE) | E157: 5 | F157: 5 | G157: 0.7 | H157: 0.75 | I157: =IF(MROUND(IF(D154="squat",'Max Calculator'!$E$8*G157,IF(D154="bench",'Max Calculator'!$E$9*G157,IF(D154="deadlift",'Max Calculator'!$E$10*G157,0))),5)=0," ",MROUND(IF(D154="squat",'Max Calculator'!$E$8*G157,IF(D154="bench",'Max Calculator'!$E$9*G157,IF(D154="deadlift",'Max Calculator'!$E$10*G157,0))),5)) -> 160 | J157: =IF(MROUND(IF(D154="squat",'Max Calculator'!$E$8*H157,IF(D154="bench",'Max Calculator'!$E$9*H157,IF(D154="deadlift",'Max Calculator'!$E$10*H157,0))),5)=0," ",MROUND(IF(D154="squat",'Max Calculator'!$E$8*H157,IF(D154="bench",'Max Calculator'!$E$9*H157,IF(D154="deadlift",'Max Calculator'!$E$10*H157,0))),5)) -> 170
B158: ='Max Calculator'!$E$12-119 -> 42959 | C158: A4 | D158: =HLOOKUP($I$150,INDIRECT($D$9),VLOOKUP(C158,'Phase Creator'!$B$8:$C$19,2,FALSE),FALSE) | E158: 2 | F158: 8 | G158: 0.6 | H158: 0.65 | I158: =IF(MROUND(IF(D154="squat",'Max Calculator'!$E$8*G158,IF(D154="bench",'Max Calculator'!$E$9*G158,IF(D154="deadlift",'Max Calculator'!$E$10*G158,0))),5)=0," ",MROUND(IF(D154="squat",'Max Calculator'!$E$8*G158,IF(D154="bench",'Max Calculator'!$E$9*G158,IF(D154="deadlift",'Max Calculator'!$E$10*G158,0))),5)) -> 135 | J158: =IF(MROUND(IF(D154="squat",'Max Calculator'!$E$8*H158,IF(D154="bench",'Max Calculator'!$E$9*H158,IF(D154="deadlift",'Max Calculator'!$E$10*H158,0))),5)=0," ",MROUND(IF(D154="squat",'Max Calculator'!$E$8*H158,IF(D154="bench",'Max Calculator'!$E$9*H158,IF(D154="deadlift",'Max Calculator'!$E$10*H158,0))),5)) -> 145
B160: Week | C160: B | D160: Bench | E160: Sets | F160: Reps | G160: Working Range | I160: Working Weights
...
