Workbook

Sheet Max
A1: WWW.RUTINADEBIBLIOTECAS.COM
A2: Introduce 1RM: | Z2: Made by ChaseT 2008.05.09
A3: Sentadilals | B3: 100 | D3: Sheiko Intermedios Large Load
A4: Press de banca | B4: 100
A5: Peso muerto | B5: 100
H17: Que programa usar
H18: Large load: | J18: Menos de 80kg
H20: Medium load: | J20: Más de 80kg
H22: Small load: | J22: Más de 110kg

Sheet #37
B1: Sheiko
B2: Bloque de preparacion 1 (4 semanas)
A5: semana 1 | M5: squat | R5: bench | W5: deadlift | AC5: semana 2 | AJ5: semana 3 | AQ5: semana 4
A6: dia 1 Lunes | C6: % | D6: reps | E6: sets | F6: peso | M6: 50-59 | N6: 60-69 | O6: 70-79 | P6: 80-89 | Q6: 90+ | R6: 50-59 | S6: 60-69 | T6: 70-79 | U6: 80-89 | V6: 90+ | W6: 50-59 | X6: 60-69 | Y6: 70-79 | Z6: 80-89 | AA6: 90+ | AC6: dia 1 lunes | AE6: % | AF6: reps | AG6: sets | AH6: peso | AJ6: dia 1 lunes | AL6: % | AM6: reps | AN6: sets | AO6: peso | AQ6: dia 1 lunes | AS6: % | AT6: reps | AU6: sets | AV6: peso
A7: 1 | B7: Press de banca | C7: 0.5 | D7: 5 | E7: 1 | F7: =Max!$B$4*C7 -> 50 | I7: =D7*E7 -> 5 | J7: =F7*I7 -> 250 | R7: =I7 -> 5 | S7: =I8 -> 8 | T7: =I9+I10 -> 21 | U7: 0 | V7: 0 | AC7: 1 | AD7: Sentadillas | AE7: 0.5 | AF7: 5 | AG7: 1 | AH7: =Max!$B$3*AE7 -> 50 | AJ7: 1 | AK7: Sentadillas | AL7: 0.5 | AM7: 5 | AN7: 1 | AO7: =Max!$B$3*AL7 -> 50 | AQ7: 1 | AR7: Sentadillas | AS7: 0.5 | AT7: 5 | AU7: 1 | AV7: =Max!$B$3*AS7 -> 50
C8: 0.6 | D8: 4 | E8: 2 | F8: =Max!$B$4*C8 -> 60 | I8: =D8*E8 -> 8 | J8: =F8*I8 -> 480 | AE8: 0.6 | AF8: 4 | AG8: 2 | AH8: =Max!$B$3*AE8 -> 60 | AL8: 0.6 | AM8: 4 | AN8: 2 | AO8: =Max!$B$3*AL8 -> 60 | AS8: 0.6 | AT8: 4 | AU8: 1 | AV8: =Max!$B$3*AS8 -> 60
C9: 0.7 | D9: 3 | E9: 2 | F9: =Max!$B$4*C9 -> 70 | I9: =D9*E9 -> 6 | J9: =F9*I9 -> 420 | AE9: 0.7 | AF9: 3 | AG9: 2 | AH9: =Max!$B$3*AE9 -> 70 | AL9: 0.7 | AM9: 3 | AN9: 2 | AO9: =Max!$B$3*AL9 -> 70 | AS9: 0.7 | AT9: 3 | AU9: 2 | AV9: =Max!$B$3*AS9 -> 70
C10: 0.75 | D10: 3 | E10: 5 | F10: =Max!$B$4*C10 -> 75 | I10: =D10*E10 -> 15 | J10: =F10*I10 -> 1125 | AE10: 0.8 | AF10: 2 | AG10: 5 | AH10: =Max!$B$3*AE10 -> 80 | AL10: 0.8 | AM10: 3 | AN10: 5 | AO10: =Max!$B$3*AL10 -> 80 | AS10: 0.8 | AT10: 3 | AU10: 2 | AV10: =Max!$B$3*AS10 -> 80
A11: 2 | B11: Sentadilla | C11: 0.5 | D11: 5 | E11: 1 | F11: =Max!$B$3*C11 -> 50 | G11: =D11*E11 -> 5 | H11: =F11*G11 -> 250 | M11: =G11 -> 5 | N11: =G12 -> 10 | O11: =G13 -> 25 | P11: 0 | Q11: 0 | AC11: 2 | AD11: Press de banca | AE11: 0.5 | AF11: 5 | AG11: 1 | AH11: =Max!$B$4*AE11 -> 50 | AJ11: 2 | AK11: Press de banca | AL11: 0.5 | AM11: 5 | AN11: 1 | AO11: =Max!$B$4*AL11 -> 50 | AS11: 0.85 | AT11: 2 | AU11: 3 | AV11: =Max!$B$3*AS11 -> 85
C12: 0.6 | D12: 5 | E12: 2 | F12: =Max!$B$3*C12 -> 60 | G12: =D12*E12 -> 10 | H12: =F12*G12 -> 600 | AE12: 0.6 | AF12: 4 | AG12: 1 | AH12: =Max!$B$4*AE12 -> 60 | AL12: 0.6 | AM12: 4 | AN12: 1 | AO12: =Max!$B$4*AL12 -> 60 | AQ12: 2 | AR12: Press de banca | AS12: 0.5 | AT12: 5 | AU12: 1 | AV12: =Max!$B$4*AS12 -> 50
C13: 0.7 | D13: 5 | E13: 5 | F13: =Max!$B$3*C13 -> 70 | G13: =D13*E13 -> 25 | H13: =F13*G13 -> 1750 | AE13: 0.7 | AF13: 3 | AG13: 2 | AH13: =Max!$B$4*AE13 -> 70 | AL13: 0.7 | AM13: 3 | AN13: 2 | AO13: =Max!$B$4*AL13 -> 70 | AS13: 0.6 | AT13: 4 | AU13: 1 | AV13: =Max!$B$4*AS13 -> 60
A14: 4 | B14: Press de banca | C14: 0.5 | D14: 6 | E14: 1 | F14: =Max!$B$4*C14 -> 50 | I14: =D14*E14 -> 6 | J14: =F14*I14 -> 300 | R14: =I14 -> 6 | S14: =I15 -> 12 | T14: =I16 -> 24 | U14: 0 | V14: 0 | AE14: 0.8 | AF14: 2 | AG14: 6 | AH14: =Max!$B$4*AE14 -> 80 | AL14: 0.8 | AM14: 3 | AN14: 5 | AO14: =Max!$B$4*AL14 -> 80 | AS14: 0.7 | AT14: 3 | AU14: 2 | AV14: =Max!$B$4*AS14 -> 70
C15: 0.6 | D15: 6 | E15: 2 | F15: =Max!$B$4*C15 -> 60 | I15: =D15*E15 -> 12 | J15: =F15*I15 -> 720 | AC15: 3 | AD15: Flys con mancuernas | AF15: 10 | AG15: 5 | AJ15: 3 | AK15: Flys con mancuernas | AM15: 10 | AN15: 5 | AS15: 0.8 | AT15: 3 | AU15: 5 | AV15: =Max!$B$4*AS15 -> 80
C16: 0.65 | D16: 6 | E16: 4 | F16: =Max!$B$4*C16 -> 65 | I16: =D16*E16 -> 24 | J16: =F16*I16 -> 1560 | AC16: 4 | AD16: Flexiones lastradas | AF16: 10 | AG16: 5 | AJ16: 4 | AK16: Flexiones lastradas | AM16: 10 | AN16: 5 | AQ16: 3 | AR16: Flys con mancuernas | AT16: 10 | AU16: 5
A17: 3 | B17: Flys con mancuerna | D17: 10 | E17: 5 | AC17: 5 | AD17: Sentadillas | AE17: 0.55 | AF17: 3 | AG17: 1 | AH17: =Max!$B$3*AE17 -> 55 | AJ17: 5 | AK17: Sentadillas | AL17: 0.5 | AM17: 5 | AN17: 1 | AO17: =Max!$B$3*AL17 -> 50 | AQ17: 4 | AR17: Fondos | AT17: 8 | AU17: 5
A18: 5 | B18: Buenos dias | D18: 5 | E18: 5 | AE18: 0.65 | AF18: 3 | AG18: 1 | AH18: =Max!$B$3*AE18 -> 65 | AL18: 0.6 | AM18: 5 | AN18: 1 | AO18: =Max!$B$3*AL18 -> 60 | AQ18: 5 | AR18: Sentadillas | AS18: 0.5 | AT18: 5 | AU18: 1 | AV18: =Max!$B$3*AS18 -> 50
AE19: 0.75 | AF19: 3 | AG19: 4 | AH19: =Max!$B$3*AE19 -> 75 | AL19: 0.7 | AM19: 5 | AN19: 5 | AO19: =Max!$B$3*AL19 -> 70 | AS19: 0.6 | AT19: 4 | AU19: 1 | AV19: =Max!$B$3*AS19 -> 60
A20: dia 3 miercoles | C20: % | D20: reps | E20: sets | F20: weight | AC20: 6 | AD20: Buenos dias | AF20: 5 | AG20: 5 | AJ20: 6 | AK20: Abs | AM20: 10 | AN20: 3 | AS20: 0.7 | AT20: 3 | AU20: 2 | AV20: =Max!$B$3*AS20 -> 70
A21: 1 | B21: Peso muerto | C21: 0.5 | D21: 5 | E21: 1 | F21: =Max!$B$5*C21 -> 50 | K21: =D21*E21 -> 5 | L21: =F21*K21 -> 250 | W21: =K21 -> 5 | X21: =K22 -> 10 | Y21: =K23+K24 -> 20 | Z21: 0 | AA21: 0 | AS21: 0.8 | AT21: 2 | AU21: 4 | AV21: =Max!$B$3*AS21 -> 80
C22: 0.6 | D22: 5 | E22: 2 | F22: =Max!$B$5*C22 -> 60 | K22: =D22*E22 -> 10 | L22: =F22*K22 -> 600 | AC22: dia 3 miercoles | AE22: % | AF22: reps | AG22: sets | AH22: weight | AJ22: dia 3 miercoles | AL22: % | AM22: reps | AN22: sets | AO22: weight | AQ22: 6 | AR22: Buenos dias | AT22: 5 | AU22: 5
C23: 0.7 | D23: 4 | E23: 2 | F23: =Max!$B$5*C23 -> 70 | K23: =D23*E23 -> 8 | L23: =F23*K23 -> 560 | AC23: 1 | AD23: Peso muerto a las rodillas | AE23: 0.5 | AF23: 4 | AG23: 1 | AH23: =Max!$B$5*AE23 -> 50 | AJ23: 1 | AK23: Peso muerto a las rodillas | AL23: 0.5 | AM23: 4 | AN23: 1 | AO23: =Max!$B$5*AL23 -> 50
C24: 0.75 | D24: 3 | E24: 4 | F24: =Max!$B$5*C24 -> 75 | K24: =D24*E24 -> 12 | L24: =F24*K24 -> 900 | AE24: 0.6 | AF24: 4 | AG24: 2 | AH24: =Max!$B$5*AE24 -> 60 | AL24: 0.6 | AM24: 4 | AN24: 1 | AO24: =Max!$B$5*AL24 -> 60 | AQ24: dia 3 miercoles | AS24: % | AT24: reps | AU24: sets | AV24: weight
A25: 2 | B25: Press de banca inclinado | D25: 4 | E25: 6 | AE25: 0.7 | AF25: 4 | AG25: 4 | AH25: =Max!$B$5*AE25 -> 70 | AL25: 0.7 | AM25: 4 | AN25: 2 | AO25: =Max!$B$5*AL25 -> 70 | AQ25: 1 | AR25: Press de banca | AS25: 0.5 | AT25: 5 | AU25: 1 | AV25: =Max!$B$4*AS25 -> 50
A26: 3 | B26: Fondos | D26: 5 | E26: 5 | AC26: 2 | AD26: Press de banca | AE26: 0.5 | AF26: 5 | AG26: 1 | AH26: =Max!$B$4*AE26 -> 50 | AL26: 0.75 | AM26: 4 | AN26: 4 | AO26: =Max!$B$5*AL26 -> 75 | AS26: 0.6 | AT26: 4 | AU26: 1 | AV26: =Max!$B$4*AS26 -> 60
A27: 4 | B27: Peso muerto en cajas | C27: 0.5 | D27: 5 | E27: 1 | F27: =Max!$B$5*C27 -> 50 | K27: =D27*E27 -> 5 | L27: =F27*K27 -> 250 | W27: =K27 -> 5 | X27: =K28 -> 10 | Y27: =K29 -> 8 | Z27: =K30 -> 12 | AA27: 0 | AE27: 0.6 | AF27: 5 | AG27: 2 | AH27: =Max!$B$4*AE27 -> 60 | AJ27: 2 | AK27: Press de banca | AL27: 0.5 | AM27: 6 | AN27: 1 | AO27: =Max!$B$4*AL27 -> 50 | AS27: 0.7 | AT27: 3 | AU27: 2 | AV27: =Max!$B$4*AS27 -> 70
C28: 0.6 | D28: 5 | E28: 2 | F28: =Max!$B$5*C28 -> 60 | K28: =D28*E28 -> 10 | L28: =F28*K28 -> 600 | AE28: 0.7 | AF28: 4 | AG28: 5 | AH28: =Max!$B$4*AE28 -> 70 | AL28: 0.6 | AM28: 5 | AN28: 1 | AO28: =Max!$B$4*AL28 -> 60 | AS28: 0.8 | AT28: 3 | AU28: 2 | AV28: =Max!$B$4*AS28 -> 80
C29: 0.7 | D29: 4 | E29: 2 | F29: =Max!$B$5*C29 -> 70 | K29: =D29*E29 -> 8 | L29: =F29*K29 -> 560 | AC29: 3 | AD29: Flys con mancuernas | AF29: 10 | AG29: 5 | AL29: 0.7 | AM29: 4 | AN29: 2 | AO29: =Max!$B$4*AL29 -> 70 | AS29: 0.85 | AT29: 2 | AU29: 3 | AV29: =Max!$B$4*AS29 -> 85
C30: 0.8 | D30: 3 | E30: 4 | F30: =Max!$B$5*C30 -> 80 | K30: =D30*E30 -> 12 | L30: =F30*K30 -> 960 | AC30: 4 | AD30: Peso muerto | AE30: 0.5 | AF30: 4 | AG30: 1 | AH30: =Max!$B$5*AE30 -> 50 | AL30: 0.75 | AM30: 3 | AN30: 2 | AO30: =Max!$B$4*AL30 -> 75 | AQ30: 2 | AR30: Peso muerto | AS30: 0.5 | AT30: 4 | AU30: 1 | AV30: =Max!$B$5*AS30 -> 50
A31: 5 | B31: Zancadas | D31: 5 | E31: 5 | AE31: 0.6 | AF31: 4 | AG31: 1 | AH31: =Max!$B$5*AE31 -> 60 | AL31: 0.8 | AM31: 2 | AN31: 2 | AO31: =Max!$B$4*AL31 -> 80 | AS31: 0.6 | AT31: 4 | AU31: 1 | AV31: =Max!$B$5*AS31 -> 60
A32: 6 | B32: Abs | D32: 10 | E32: 3 | AE32: 0.7 | AF32: 3 | AG32: 2 | AH32: =Max!$B$5*AE32 -> 70 | AL32: 0.75 | AM32: 3 | AN32: 2 | AO32: =Max!$B$4*AL32 -> 75 | AS32: 0.7 | AT32: 3 | AU32: 2 | AV32: =Max!$B$5*AS32 -> 70
AE33: 0.75 | AF33: 3 | AG33: 5 | AH33: =Max!$B$5*AE33 -> 75 | AL33: 0.7 | AM33: 4 | AN33: 1 | AO33: =Max!$B$4*AL33 -> 70 | AS33: 0.8 | AT33: 3 | AU33: 2 | AV33: =Max!$B$5*AS33 -> 80
A34: dia 5 viernes | C34: % | D34: reps | E34: sets | F34: weight | AC34: 5 | AD34: Zancadas | AF34: 5 | AG34: 5 | AL34: 0.65 | AM34: 5 | AN34: 1 | AO34: =Max!$B$4*AL34 -> 65 | AS34: 0.85 | AT34: 2 | AU34: 3 | AV34: =Max!$B$5*AS34 -> 85
A35: 1 | B35: Press de banca | C35: 0.5 | D35: 7 | E35: 1 | F35: =Max!$B$4*C35 -> 50 | I35: =D35*E35 -> 7 | J35: =F35*I35 -> 350 | R35: =I35+I36+I44+I45 -> 31 | S35: =I37+I38+I42+I43 -> 19 | T35: =I39+I40+I41 -> 16 | U35: 0 | V35: 0 | AL35: 0.6 | AM35: 6 | AN35: 1 | AO35: =Max!$B$4*AL35 -> 60 | AQ35: 3 | AR35: Press de banca | AS35: 0.55 | AT35: 5 | AU35: 1 | AV35: =Max!$B$4*AS35 -> 55
C36: 0.55 | D36: 6 | E36: 1 | F36: =Max!$B$4*C36 -> 55 | I36: =D36*E36 -> 6 | J36: =F36*I36 -> 330 | AC36: dia 5 viernes | AE36: % | AF36: reps | AG36: sets | AH36: weight | AL36: 0.55 | AM36: 7 | AN36: 1 | AO36: =Max!$B$4*AL36 -> 55 | AS36: 0.65 | AT36: 5 | AU36: 1 | AV36: =Max!$B$4*AS36 -> 65
C37: 0.6 | D37: 5 | E37: 1 | F37: =Max!$B$4*C37 -> 60 | I37: =D37*E37 -> 5 | J37: =F37*I37 -> 300 | AC37: 1 | AD37: Sentadillas | AE37: 0.5 | AF37: 4 | AG37: 1 | AH37: =Max!$B$3*AE37 -> 50 | AL37: 0.5 | AM37: 8 | AN37: 1 | AO37: =Max!$B$4*AL37 -> 50 | AS37: 0.75 | AT37: 4 | AU37: 4 | AV37: =Max!$B$4*AS37 -> 75
C38: 0.65 | D38: 4 | E38: 1 | F38: =Max!$B$4*C38 -> 65 | I38: =D38*E38 -> 4 | J38: =F38*I38 -> 260 | AE38: 0.6 | AF38: 4 | AG38: 1 | AH38: =Max!$B$3*AE38 -> 60 | AJ38: 3 | AK38: Flys con mancuernas | AM38: 10 | AN38: 5 | AQ38: 4 | AR38: Flys con mancuernas | AT38: 10 | AU38: 5
C39: 0.7 | D39: 3 | E39: 2 | F39: =Max!$B$4*C39 -> 70 | I39: =D39*E39 -> 6 | J39: =F39*I39 -> 420 | AE39: 0.7 | AF39: 3 | AG39: 2 | AH39: =Max!$B$3*AE39 -> 70 | AJ39: 4 | AK39: Peso muerto en cajas | AL39: 0.6 | AM39: 5 | AN39: 1 | AO39: =Max!$B$5*AL39 -> 60 | AQ39: 5 | AR39: Zancadas | AT39: 5 | AU39: 5
C40: 0.75 | D40: 2 | E40: 2 | F40: =Max!$B$4*C40 -> 75 | I40: =D40*E40 -> 4 | J40: =F40*I40 -> 300 | AE40: 0.75 | AF40: 3 | AG40: 6 | AH40: =Max!$B$3*AE40 -> 75 | AL40: 0.7 | AM40: 5 | AN40: 2 | AO40: =Max!$B$5*AL40 -> 70
C41: 0.7 | D41: 3 | E41: 2 | F41: =Max!$B$4*C41 -> 70 | I41: =D41*E41 -> 6 | J41: =F41*I41 -> 420 | AC41: 2 | AD41: Press de banca | AE41: 0.5 | AF41: 6 | AG41: 1 | AH41: =Max!$B$4*AE41 -> 50 | AL41: 0.8 | AM41: 4 | AN41: 4 | AO41: =Max!$B$5*AL41 -> 80 | AQ41: dia 5 viernes | AS41: % | AT41: reps | AU41: sets | AV41: weight
C42: 0.65 | D42: 4 | E42: 1 | F42: =Max!$B$4*C42 -> 65 | I42: =D42*E42 -> 4 | J42: =F42*I42 -> 260 | AE42: 0.6 | AF42: 5 | AG42: 1 | AH42: =Max!$B$4*AE42 -> 60 | AJ42: 5 | AK42: Zancadas | AM42: 5 | AN42: 5 | AQ42: 1 | AR42: Sentadillas | AS42: 0.5 | AT42: 5 | AU42: 1 | AV42: =Max!$B$3*AS42 -> 50
C43: 0.6 | D43: 6 | E43: 1 | F43: =Max!$B$4*C43 -> 60 | I43: =D43*E43 -> 6 | J43: =F43*I43 -> 360 | AE43: 0.7 | AF43: 4 | AG43: 2 | AH43: =Max!$B$4*AE43 -> 70 | AJ43: 6 | AK43: Abs | AM43: 10 | AN43: 3 | AS43: 0.6 | AT43: 4 | AU43: 1 | AV43: =Max!$B$3*AS43 -> 60
C44: 0.55 | D44: 8 | E44: 1 | F44: =Max!$B$4*C44 -> 55 | I44: =D44*E44 -> 8 | J44: =F44*I44 -> 440 | AE44: 0.75 | AF44: 3 | AG44: 2 | AH44: =Max!$B$4*AE44 -> 75 | AS44: 0.7 | AT44: 3 | AU44: 2 | AV44: =Max!$B$3*AS44 -> 70
C45: 0.5 | D45: 10 | E45: 1 | F45: =Max!$B$4*C45 -> 50 | I45: =D45*E45 -> 10 | J45: =F45*I45 -> 500 | AE45: 0.8 | AF45: 2 | AG45: 2 | AH45: =Max!$B$4*AE45 -> 80 | AJ45: dia 5 viernes | AL45: % | AM45: reps | AN45: sets | AO45: weight | AS45: 0.8 | AT45: 3 | AU45: 6 | AV45: =Max!$B$3*AS45 -> 80
A46: 2 | B46: Flys con mancuerna | D46: 10 | E46: 5 | AE46: 0.75 | AF46: 4 | AG46: 1 | AH46: =Max!$B$4*AE46 -> 75 | AJ46: 1 | AK46: Press de banca | AL46: 0.5 | AM46: 5 | AN46: 1 | AO46: =Max!$B$4*AL46 -> 50 | AQ46: 2 | AR46: Press de banca | AS46: 0.5 | AT46: 5 | AU46: 1 | AV46: =Max!$B$4*AS46 -> 50
A47: 3 | B47: Sentadillas | C47: 0.5 | D47: 5 | E47: 1 | F47: =Max!$B$3*C47 -> 50 | G47: =D47*E47 -> 5 | H47: =F47*G47 -> 250 | M47: =G47 -> 5 | N47: =G48 -> 8 | O47: =G49+G50 -> 21 | P47: 0 | Q47: 0 | AE47: 0.7 | AF47: 5 | AG47: 1 | AH47: =Max!$B$4*AE47 -> 70 | AL47: 0.6 | AM47: 4 | AN47: 1 | AO47: =Max!$B$4*AL47 -> 60 | AS47: 0.6 | AT47: 5 | AU47: 1 | AV47: =Max!$B$4*AS47 -> 60
C48: 0.6 | D48: 4 | E48: 2 | F48: =Max!$B$3*C48 -> 60 | G48: =D48*E48 -> 8 | H48: =F48*G48 -> 480 | AE48: 0.6 | AF48: 6 | AG48: 1 | AH48: =Max!$B$4*AE48 -> 60 | AL48: 0.7 | AM48: 3 | AN48: 2 | AO48: =Max!$B$4*AL48 -> 70 | AS48: 0.7 | AT48: 5 | AU48: 5 | AV48: =Max!$B$4*AS48 -> 70
C49: 0.7 | D49: 3 | E49: 2 | F49: =Max!$B$3*C49 -> 70 | G49: =D49*E49 -> 6 | H49: =F49*G49 -> 420 | AE49: 0.5 | AF49: 7 | AG49: 1 | AH49: =Max!$B$4*AE49 -> 50 | AL49: 0.8 | AM49: 2 | AN49: 5 | AO49: =Max!$B$4*AL49 -> 80 | AQ49: 3 | AR49: Flys con mancuernas | AT49: 10 | AU49: 5
C50: 0.75 | D50: 3 | E50: 5 | F50: =Max!$B$3*C50 -> 75 | G50: =D50*E50 -> 15 | H50: =F50*G50 -> 1125 | AC50: 3 | AD50: Flys con mancuernas | AF50: 10 | AG50: 5 | AJ50: 2 | AK50: Sentadillas | AL50: 0.5 | AM50: 5 | AN50: 1 | AO50: =Max!$B$3*AL50 -> 50 | AQ50: 4 | AR50: Fondos | AT50: 8 | AU50: 5
A51: 4 | B51: Press frances | D51: 10 | E51: 5 | AC51: 4 | AD51: Triceps | AF51: 10 | AG51: 5 | AL51: 0.6 | AM51: 5 | AN51: 1 | AO51: =Max!$B$3*AL51 -> 60 | AQ51: 5 | AR51: Buenos dias | AT51: 5 | AU51: 5
A52: 5 | B52: Buenos dias | D52: 5 | E52: 5 | AC52: 5 | AD52: Sentadillas | AE52: 0.55 | AF52: 3 | AG52: 1 | AH52: =Max!$B$3*AE52 -> 55 | AL52: 0.7 | AM52: 5 | AN52: 2 | AO52: =Max!$B$3*AL52 -> 70 | AQ52: 6 | AR52: Abs | AT52: 10 | AU52: 3
AE53: 0.65 | AF53: 3 | AG53: 1 | AH53: =Max!$B$3*AE53 -> 65 | AL53: 0.75 | AM53: 4 | AN53: 5 | AO53: =Max!$B$3*AL53 -> 75
G54: =SUM(G7:G53) -> 74 | H54: =SUM(H7:H53) -> 4875 | I54: =SUM(I7:I53) -> 142 | J54: =SUM(J7:J53) -> 8795 | K54: =SUM(K7:K53) -> 70 | L54: =SUM(L7:L53) -> 4680 | M54: =SUM(M11:M53) -> 10 | N54: =SUM(N11:N53) -> 18 | O54: =SUM(O11:O53) -> 46 | P54: =SUM(P11:P53) -> 0 | Q54: =SUM(Q11:Q53) -> 0 | R54: =SUM(R7:R53) -> 42 | S54: =SUM(S7:S53) -> 39 | T54: =SUM(T7:T53) -> 61 | U54: =SUM(U7:U53) -> 0 | V54: =SUM(V7:V53) -> 0 | W54: =SUM(W21:W53) -> 10 | X54: =SUM(X21:X53) -> 20 | Y54: =SUM(Y21:Y53) -> 28 | Z54: =SUM(Z21:Z53) -> 12 | AA54: =SUM(AA21:AA53) -> 0 | AE54: 0.75 | AF54: 2 | AG54: 4 | AH54: =Max!$B$3*AE54 -> 75 | AJ54: 3 | AK54: Press de banca | AL54: 0.5 | AM54: 6 | AN54: 1 | AO54: =Max!$B$4*AL54 -> 50
AC55: 6 | AD55: Buenos dias | AF55: 6 | AG55: 5 | AL55: 0.6 | AM55: 6 | AN55: 2 | AO55: =Max!$B$4*AL55 -> 60
AL56: 0.65 | AM56: 6 | AN56: 4 | AO56: =Max!$B$4*AL56 -> 65
G57: =AF7*AG7 -> 5 | H57: =AH7*G57 -> 250 | M57: =G57 -> 5 | N57: =G58 -> 8 | O57: =G59 -> 6 | P57: =G60 -> 10 | Q57: 0 | AJ57: 4 | AK57: Flys con mancuernas | AM57: 10 | AN57: 5
G58: =AF8*AG8 -> 8 | H58: =AH8*G58 -> 480 | AJ58: 5 | AK58: Buenos dias | AM58: 5 | AN58: 5
G59: =AF9*AG9 -> 6 | H59: =AH9*G59 -> 420
G60: =AF10*AG10 -> 10 | H60: =AH10*G60 -> 800
I61: =AF11*AG11 -> 5 | J61: =AH11*I61 -> 250 | R61: =I61 -> 5 | S61: =I62 -> 4 | T61: =I63 -> 6 | U61: =I64 -> 12 | V61: 0
I62: =AF12*AG12 -> 4 | J62: =AH12*I62 -> 240
I63: =AF13*AG13 -> 6 | J63: =AH13*I63 -> 420
I64: =AF14*AG14 -> 12 | J64: =AH14*I64 -> 960
G67: =AF17*AG17 -> 3 | H67: =AH17*G67 -> 165 | M67: =G67 -> 3 | N67: =G68 -> 3 | O67: =G69 -> 12 | P67: 0 | Q67: 0
G68: =AF18*AG18 -> 3 | H68: =AH18*G68 -> 195
G69: =AF19*AG19 -> 12 | H69: =AH19*G69 -> 900
K73: =AF23*AG23 -> 4 | L73: =AH23*K73 -> 200 | W73: =K73 -> 4 | X73: =K74 -> 8 | Y73: =K75 -> 16 | Z73: 0 | AA73: 0
K74: =AF24*AG24 -> 8 | L74: =AH24*K74 -> 480
K75: =AF25*AG25 -> 16 | L75: =AH25*K75 -> 1120
I76: =AF26*AG26 -> 5 | J76: =AH26*I76 -> 250 | R76: =I76 -> 5 | S76: =I77 -> 10 | T76: =I78 -> 20 | U76: 0 | V76: 0
I77: =AF27*AG27 -> 10 | J77: =AH27*I77 -> 600
I78: =AF28*AG28 -> 20 | J78: =AH28*I78 -> 1400
K80: =AF30*AG30 -> 4 | L80: =AH30*K80 -> 200 | W80: =K80 -> 4 | X80: =K81 -> 4 | Y80: =K82+K83 -> 21 | Z80: 0 | AA80: 0
K81: =AF31*AG31 -> 4 | L81: =AH31*K81 -> 240
K82: =AF32*AG32 -> 6 | L82: =AH32*K82 -> 420
K83: =AF33*AG33 -> 15 | L83: =AH33*K83 -> 1125
G87: =AF37*AG37 -> 4 | H87: =AH37*G87 -> 200 | M87: =G87 -> 4 | N87: =G88 -> 4 | O87: =G89+G90 -> 24 | P87: 0 | Q87: 0
G88: =AF38*AG38 -> 4 | H88: =AH38*G88 -> 240
G89: =AF39*AG39 -> 6 | H89: =AH39*G89 -> 420
G90: =AF40*AG40 -> 18 | H90: =AH40*G90 -> 1350
I91: =AF41*AG41 -> 6 | J91: =AH41*I91 -> 300 | R91: =I91+I99 -> 13 | S91: =I92+I98 -> 11 | T91: =I93+I94+I96+I97 -> 23 | U91: =I95 -> 4 | V91: 0
I92: =AF42*AG42 -> 5 | J92: =AH42*I92 -> 300
I93: =AF43*AG43 -> 8 | J93: =AH43*I93 -> 560
I94: =AF44*AG44 -> 6 | J94: =AH44*I94 -> 450
I95: =AF45*AG45 -> 4 | J95: =AH45*I95 -> 320
I96: =AF46*AG46 -> 4 | J96: =AH46*I96 -> 300
I97: =AF47*AG47 -> 5 | J97: =AH47*I97 -> 350
I98: =AF48*AG48 -> 6 | J98: =AH48*I98 -> 360
I99: =AF49*AG49 -> 7 | J99: =AH49*I99 -> 350
G102: =AF52*AG52 -> 3 | H102: =AH52*G102 -> 165 | M102: =G102 -> 3 | N102: =G103 -> 3 | O102: =G104 -> 8 | P102: 0 | Q102: 0
G103: =AF53*AG53 -> 3 | H103: =AH53*G103 -> 195
G104: =AF54*AG54 -> 8 | H104: =AH54*G104 -> 600
G107: =SUM(G57:G106) -> 93 | H107: =SUM(H57:H106) -> 6380 | I107: =SUM(I57:I106) -> 113 | J107: =SUM(J57:J106) -> 7410 | K107: =SUM(K57:K106) -> 57 | L107: =SUM(L57:L106) -> 3785 | M107: =SUM(M57:M106) -> 15 | N107: =SUM(N57:N106) -> 18 | ... Q107: =SUM(Q57:Q106) -> 0 | R107: =SUM(R61:R106) -> 23 | S107: =SUM(S61:S106) -> 25 | T107: =SUM(T61:T106) -> 49 | U107: =SUM(U61:U106) -> 16 | V107: =SUM(V61:V106) -> 0 | W107: =SUM(W73:W106) -> 8 | X107: =SUM(X73:X106) -> 12 | Y107: =SUM(Y73:Y106) -> 37 | Z107: =SUM(Z73:Z106) -> 0 | AA107: =SUM(AA73:AA106) -> 0
G110: =AM7*AN7 -> 5 | H110: =AO7*G110 -> 250 | M110: =G110 -> 5 | N110: =G111 -> 8 | O110: =G112 -> 6 | P110: =G113 -> 15 | Q110: 0
G111: =AM8*AN8 -> 8 | H111: =AO8*G111 -> 480
G112: =AM9*AN9 -> 6 | H112: =AO9*G112 -> 420
G113: =AM10*AN10 -> 15 | H113: =AO10*G113 -> 1200
I114: =AM11*AN11 -> 5 | J114: =AO11*I114 -> 250 | R114: =I114 -> 5 | S114: =I115 -> 4 | T114: =I116 -> 6 | U114: =I117 -> 15 | V114: 0
I115: =AM12*AN12 -> 4 | J115: =AO12*I115 -> 240
I116: =AM13*AN13 -> 6 | J116: =AO13*I116 -> 420
I117: =AM14*AN14 -> 15 | J117: =AO14*I117 -> 1200
...

Sheet #30
B1: Sheiko
B2: Bloque preparacion 2 (4 Semanas)
A5: semana 1 | M5: squat | R5: bench | W5: deadlift | AC5: semana 2 | AJ5: semana 3 | AQ5: semana 4
A6: dia 1 lunes | C6: % | D6: reps | E6: sets | F6: peso | M6: 50-59 | N6: 60-69 | O6: 70-79 | P6: 80-89 | Q6: 90+ | R6: 50-59 | S6: 60-69 | T6: 70-79 | U6: 80-89 | V6: 90+ | W6: 50-59 | X6: 60-69 | Y6: 70-79 | Z6: 80-89 | AA6: 90+ | AC6: dia 1 lunes | AE6: % | AF6: reps | AG6: sets | AH6: peso | AJ6: dia 1 lunes | AL6: % | AM6: reps | AN6: sets | AO6: peso | AQ6: dia 1 lunes | AS6: % | AT6: reps | AU6: sets | AV6: peso
A7: 1 | B7: Press de banca | C7: 0.5 | D7: 5 | E7: 1 | F7: =Max!$B$4*C7 -> 50 | I7: =D7*E7 -> 5 | J7: =F7*I7 -> 250 | R7: =I7 -> 5 | S7: =I8 -> 4 | T7: =I9 -> 3 | U7: =I10 -> 15 | AC7: 1 | AD7: Sentadillas | AE7: 0.5 | AF7: 5 | AG7: 1 | AH7: =Max!$B$3*AE7 -> 50 | AJ7: 1 | AK7: Sentadillas | AL7: 0.5 | AM7: 5 | AN7: 1 | AO7: =Max!$B$3*AL7 -> 50 | AQ7: 1 | AR7: Sentadillas | AS7: 0.5 | AT7: 5 | AU7: 1 | AV7: =Max!$B$3*AS7 -> 50
C8: 0.6 | D8: 4 | E8: 1 | F8: =Max!$B$4*C8 -> 60 | I8: =D8*E8 -> 4 | J8: =F8*I8 -> 240 | AE8: 0.6 | AF8: 4 | AG8: 2 | AH8: =Max!$B$3*AE8 -> 60 | AL8: 0.6 | AM8: 4 | AN8: 2 | AO8: =Max!$B$3*AL8 -> 60 | AS8: 0.6 | AT8: 4 | AU8: 1 | AV8: =Max!$B$3*AS8 -> 60
C9: 0.7 | D9: 3 | E9: 1 | F9: =Max!$B$4*C9 -> 70 | I9: =D9*E9 -> 3 | J9: =F9*I9 -> 210 | AE9: 0.7 | AF9: 3 | AG9: 2 | AH9: =Max!$B$3*AE9 -> 70 | AL9: 0.7 | AM9: 3 | AN9: 2 | AO9: =Max!$B$3*AL9 -> 70 | AS9: 0.7 | AT9: 3 | AU9: 2 | AV9: =Max!$B$3*AS9 -> 70
C10: 0.8 | D10: 3 | E10: 5 | F10: =Max!$B$4*C10 -> 80 | I10: =D10*E10 -> 15 | J10: =F10*I10 -> 1200 | AE10: 0.8 | AF10: 2 | AG10: 2 | AH10: =Max!$B$3*AE10 -> 80 | AL10: 0.8 | AM10: 3 | AN10: 5 | AO10: =Max!$B$3*AL10 -> 80 | AS10: 0.8 | AT10: 3 | AU10: 2 | AV10: =Max!$B$3*AS10 -> 80
A11: 2 | B11: Sentadillas | C11: 0.5 | D11: 5 | E11: 1 | F11: =Max!$B$3*C11 -> 50 | G11: =D11*E11 -> 5 | H11: =F11*G11 -> 250 | M11: =G11 -> 5 | N11: =G12 -> 4 | O11: =G13 -> 6 | P11: =G14 -> 15 | AE11: 0.9 | AF11: 1 | AG11: 3 | AH11: =Max!$B$3*AE11 -> 90 | AJ11: 2 | AK11: Press de banca | AL11: 0.5 | AM11: 5 | AN11: 1 | AO11: =Max!$B$4*AL11 -> 50 | AS11: 0.85 | AT11: 2 | AU11: 2 | AV11: =Max!$B$3*AS11 -> 85
C12: 0.6 | D12: 4 | E12: 1 | F12: =Max!$B$3*C12 -> 60 | G12: =D12*E12 -> 4 | H12: =F12*G12 -> 240 | AC12: 2 | AD12: Press de banca | AE12: 0.5 | AF12: 5 | AG12: 1 | AH12: =Max!$B$4*AE12 -> 50 | AL12: 0.6 | AM12: 4 | AN12: 1 | AO12: =Max!$B$4*AL12 -> 60 | AS12: 0.9 | AT12: 1 | AU12: 2 | AV12: =Max!$B$3*AS12 -> 90
C13: 0.7 | D13: 3 | E13: 2 | F13: =Max!$B$3*C13 -> 70 | G13: =D13*E13 -> 6 | H13: =F13*G13 -> 420 | AE13: 0.6 | AF13: 4 | AG13: 1 | AH13: =Max!$B$4*AE13 -> 60 | AL13: 0.7 | AM13: 3 | AN13: 1 | AO13: =Max!$B$4*AL13 -> 70 | AQ13: 2 | AR13: Press de banca | AS13: 0.5 | AT13: 5 | AU13: 1 | AV13: =Max!$B$4*AS13 -> 50
C14: 0.8 | D14: 3 | E14: 5 | F14: =Max!$B$3*C14 -> 80 | G14: =D14*E14 -> 15 | H14: =F14*G14 -> 1200 | AE14: 0.7 | AF14: 3 | AG14: 1 | AH14: =Max!$B$4*AE14 -> 70 | AL14: 0.8 | AM14: 3 | AN14: 2 | AO14: =Max!$B$4*AL14 -> 80 | AS14: 0.6 | AT14: 4 | AU14: 1 | AV14: =Max!$B$4*AS14 -> 60
A15: 3 | B15: Press de banca estrecho | C15: 0.5 | D15: 3 | E15: 1 | F15: =Max!$B$4*C15 -> 50 | I15: =D15*E15 -> 3 | J15: =F15*I15 -> 150 | R15: =I15 -> 3 | S15: =I16 -> 3 | T15: =I17 -> 12 | AE15: 0.8 | AF15: 3 | AG15: 5 | AH15: =Max!$B$4*AE15 -> 80 | AL15: 0.85 | AM15: 2 | AN15: 3 | AO15: =Max!$B$4*AL15 -> 85 | AS15: 0.7 | AT15: 3 | AU15: 1 | AV15: =Max!$B$4*AS15 -> 70
C16: 0.6 | D16: 3 | E16: 1 | F16: =Max!$B$4*C16 -> 60 | I16: =D16*E16 -> 3 | J16: =F16*I16 -> 180 | AC16: 3 | AD16: Flys con mancuernas | AF16: 10 | AG16: 5 | AL16: 0.8 | AM16: 3 | AN16: 2 | AO16: =Max!$B$4*AL16 -> 80 | AS16: 0.8 | AT16: 2 | AU16: 5 | AV16: =Max!$B$4*AS16 -> 80
C17: 0.7 | D17: 3 | E17: 4 | F17: =Max!$B$4*C17 -> 70 | I17: =D17*E17 -> 12 | J17: =F17*I17 -> 840 | AC17: 4 | AD17: Flexiones | AF17: 10 | AG17: 5 | AJ17: 3 | AK17: Sentadillas | AL17: 0.5 | AM17: 6 | AN17: 1 | AO17: =Max!$B$3*AL17 -> 50 | AQ17: 3 | AR17: Flys con mancuernas | AT17: 10 | AU17: 5
A18: 4 | B18: Flys con mancuernas | D18: 10 | E18: 5 | AC18: 5 | AD18: Sentadilals | AE18: 0.5 | AF18: 5 | AG18: 1 | AH18: =Max!$B$3*AE18 -> 50 | AL18: 0.6 | AM18: 6 | AN18: 1 | AO18: =Max!$B$3*AL18 -> 60 | AQ18: 4 | AR18: Fondos | AT18: 8 | AU18: 5
A19: 5 | B19: Sentadillas | C19: 0.55 | D19: 5 | E19: 1 | F19: =Max!$B$3*C19 -> 55 | G19: =D19*E19 -> 5 | H19: =F19*G19 -> 275 | M19: =G19 -> 5 | N19: =G20 -> 4 | O19: =G21 -> 15 | AE19: 0.6 | AF19: 4 | AG19: 1 | AH19: =Max!$B$3*AE19 -> 60 | AL19: 0.65 | AM19: 6 | AN19: 4 | AO19: =Max!$B$3*AL19 -> 65 | AQ19: 5 | AR19: Sentadillas | AS19: 0.5 | AT19: 5 | AU19: 1 | AV19: =Max!$B$3*AS19 -> 50
C20: 0.65 | D20: 4 | E20: 1 | F20: =Max!$B$3*C20 -> 65 | G20: =D20*E20 -> 4 | H20: =F20*G20 -> 260 | AE20: 0.7 | AF20: 3 | AG20: 2 | AH20: =Max!$B$3*AE20 -> 70 | AJ20: 4 | AK20: Flys con mancuerna | AM20: 10 | AN20: 5 | AS20: 0.6 | AT20: 4 | AU20: 1 | AV20: =Max!$B$3*AS20 -> 60
C21: 0.75 | D21: 3 | E21: 5 | F21: =Max!$B$3*C21 -> 75 | G21: =D21*E21 -> 15 | H21: =F21*G21 -> 1125 | AE21: 0.8 | AF21: 2 | AG21: 4 | AH21: =Max!$B$3*AE21 -> 80 | AJ21: 5 | AK21: Buenos dias | AM21: 5 | AN21: 5 | AS21: 0.7 | AT21: 3 | AU21: 2 | AV21: =Max!$B$3*AS21 -> 70
A22: 6 | B22: Buenos dias | D22: 5 | E22: 5 | AC22: 6 | AD22: Buenos dias | AF22: 5 | AG22: 5 | AS22: 0.8 | AT22: 2 | AU22: 4 | AV22: =Max!$B$3*AS22 -> 80
AQ23: 6 | AR23: Buenos dias | AT23: 5 | AU23: 5
A24: dia 3 miercoles | C24: % | D24: reps | E24: sets | F24: weight | AC24: dia 3 miercoles | AE24: % | AF24: reps | AG24: sets | AH24: weight | AJ24: dia 3 miercoles | AL24: % | AM24: reps | AN24: sets | AO24: weight
A25: 1 | B25: Peso muerto | C25: 0.5 | D25: 4 | E25: 1 | F25: =Max!$B$5*C25 -> 50 | K25: =D25*E25 -> 4 | L25: =F25*K25 -> 200 | W25: =K25 -> 4 | X25: =K26 -> 8 | Y25: =K27 -> 6 | Z25: =K28 -> 15 | AC25: 1 | AD25: Peso muerto hasta rodillas | AE25: 0.5 | AF25: 4 | AG25: 1 | AH25: =Max!$B$5*AE25 -> 50 | AJ25: 1 | AK25: Peso muerto | AL25: 0.5 | AM25: 4 | AN25: 1 | AO25: =Max!$B$5*AL25 -> 50 | AQ25: dia 3 miercoles | AS25: % | AT25: reps | AU25: sets | AV25: weight
C26: 0.6 | D26: 4 | E26: 2 | F26: =Max!$B$5*C26 -> 60 | K26: =D26*E26 -> 8 | L26: =F26*K26 -> 480 | AE26: 0.6 | AF26: 4 | AG26: 2 | AH26: =Max!$B$5*AE26 -> 60 | AL26: 0.6 | AM26: 4 | AN26: 1 | AO26: =Max!$B$5*AL26 -> 60 | AQ26: 1 | AR26: Press de banca | AS26: 0.55 | AT26: 5 | AU26: 1 | AV26: =Max!$B$4*AS26 -> 55
C27: 0.7 | D27: 3 | E27: 2 | F27: =Max!$B$5*C27 -> 70 | K27: =D27*E27 -> 6 | L27: =F27*K27 -> 420 | AE27: 0.7 | AF27: 3 | AG27: 2 | AH27: =Max!$B$5*AE27 -> 70 | AL27: 0.7 | AM27: 3 | AN27: 2 | AO27: =Max!$B$5*AL27 -> 70 | AS27: 0.65 | AT27: 4 | AU27: 1 | AV27: =Max!$B$4*AS27 -> 65
C28: 0.8 | D28: 3 | E28: 5 | F28: =Max!$B$5*C28 -> 80 | K28: =D28*E28 -> 15 | L28: =F28*K28 -> 1200 | AE28: 0.75 | AF28: 3 | AG28: 4 | AH28: =Max!$B$5*AE28 -> 75 | AL28: 0.8 | AM28: 3 | AN28: 3 | AO28: =Max!$B$5*AL28 -> 80 | AS28: 0.75 | AT28: 3 | AU28: 1 | AV28: =Max!$B$4*AS28 -> 75
A29: 2 | B29: Press de banca | C29: 0.5 | D29: 5 | E29: 1 | F29: =Max!$B$4*C29 -> 50 | I29: =D29*E29 -> 5 | J29: =F29*I29 -> 250 | R29: =I29+I37 -> 14 | S29: =I30+I36 -> 11 | T29: =I31+I35 -> 8 | U29: =I32+I33+I34 -> 13 | V29: 0 | AC29: 2 | AD29: Press de banca | AE29: 0.55 | AF29: 5 | AG29: 1 | AH29: =Max!$B$4*AE29 -> 55 | AL29: 0.85 | AM29: 2 | AN29: 3 | AO29: =Max!$B$5*AL29 -> 85 | AS29: 0.85 | AT29: 2 | AU29: 4 | AV29: =Max!$B$4*AS29 -> 85
C30: 0.6 | D30: 4 | E30: 1 | F30: =Max!$B$4*C30 -> 60 | I30: =D30*E30 -> 4 | J30: =F30*I30 -> 240 | AE30: 0.65 | AF30: 4 | AG30: 1 | AH30: =Max!$B$4*AE30 -> 65 | AJ30: 2 | AK30: Press de banca | AL30: 0.5 | AM30: 5 | AN30: 1 | AO30: =Max!$B$4*AL30 -> 50 | AQ30: 2 | AR30: Peso muerto | AS30: 0.5 | AT30: 4 | AU30: 1 | AV30: =Max!$B$5*AS30 -> 50
C31: 0.7 | D31: 3 | E31: 1 | F31: =Max!$B$4*C31 -> 70 | I31: =D31*E31 -> 3 | J31: =F31*I31 -> 210 | AE31: 0.75 | AF31: 3 | AG31: 1 | AH31: =Max!$B$4*AE31 -> 75 | AL31: 0.6 | AM31: 4 | AN31: 1 | AO31: =Max!$B$4*AL31 -> 60 | AS31: 0.6 | AT31: 4 | AU31: 1 | AV31: =Max!$B$5*AS31 -> 60
C32: 0.8 | D32: 3 | E32: 2 | F32: =Max!$B$4*C32 -> 80 | I32: =D32*E32 -> 6 | J32: =F32*I32 -> 480 | AE32: 0.8 | AF32: 2 | AG32: 2 | AH32: =Max!$B$4*AE32 -> 80 | AL32: 0.7 | AM32: 3 | AN32: 1 | AO32: =Max!$B$4*AL32 -> 70 | AS32: 0.7 | AT32: 3 | AU32: 2 | AV32: =Max!$B$5*AS32 -> 70
C33: 0.85 | D33: 2 | E33: 2 | F33: =Max!$B$4*C33 -> 85 | I33: =D33*E33 -> 4 | J33: =F33*I33 -> 340 | AE33: 0.85 | AF33: 1 | AG33: 2 | AH33: =Max!$B$4*AE33 -> 85 | AL33: 0.8 | AM33: 2 | AN33: 5 | AO33: =Max!$B$4*AL33 -> 80 | AS33: 0.8 | AT33: 3 | AU33: 2 | AV33: =Max!$B$5*AS33 -> 80
C34: 0.8 | D34: 3 | E34: 1 | F34: =Max!$B$4*C34 -> 80 | I34: =D34*E34 -> 3 | J34: =F34*I34 -> 240 | AE34: 0.75 | AF34: 3 | AG34: 1 | AH34: =Max!$B$4*AE34 -> 75 | AJ34: 3 | AK34: Flys con mancuernas | AM34: 10 | AN34: 5 | AS34: 0.85 | AT34: 2 | AU34: 3 | AV34: =Max!$B$5*AS34 -> 85
C35: 0.7 | D35: 5 | E35: 1 | F35: =Max!$B$4*C35 -> 70 | I35: =D35*E35 -> 5 | J35: =F35*I35 -> 350 | AE35: 0.65 | AF35: 5 | AG35: 1 | AH35: =Max!$B$4*AE35 -> 65 | AJ35: 4 | AK35: Peso muerto en cajas | AL35: 0.65 | AM35: 5 | AN35: 1 | AO35: =Max!$B$5*AL35 -> 65 | AQ35: 3 | AR35: Press de banca | AS35: 0.5 | AT35: 3 | AU35: 1 | AV35: =Max!$B$4*AS35 -> 50
C36: 0.6 | D36: 7 | E36: 1 | F36: =Max!$B$4*C36 -> 60 | I36: =D36*E36 -> 7 | J36: =F36*I36 -> 420 | AE36: 0.55 | AF36: 7 | AG36: 1 | AH36: =Max!$B$4*AE36 -> 55 | AL36: 0.75 | AM36: 5 | AN36: 2 | AO36: =Max!$B$5*AL36 -> 75 | AS36: 0.6 | AT36: 3 | AU36: 1 | AV36: =Max!$B$4*AS36 -> 60
C37: 0.5 | D37: 9 | E37: 1 | F37: =Max!$B$4*C37 -> 50 | I37: =D37*E37 -> 9 | J37: =F37*I37 -> 450 | AC37: 3 | AD37: Flys con mancuernas | AF37: 10 | AG37: 5 | AL37: 0.85 | AM37: 4 | AN37: 4 | AO37: =Max!$B$5*AL37 -> 85 | AS37: 0.7 | AT37: 3 | AU37: 1 | AV37: =Max!$B$4*AS37 -> 70
A38: 3 | B38: Flys con mancuerna | D38: 4 | E38: 6 | AC38: 4 | AD38: Peso muerto | AE38: 0.5 | AF38: 4 | AG38: 1 | AH38: =Max!$B$5*AE38 -> 50 | AJ38: 5 | AK38: Zancadas | AM38: 5 | AN38: 5 | AS38: 0.8 | AT38: 2 | AU38: 3 | AV38: =Max!$B$4*AS38 -> 80
A39: 4 | B39: Peso muerto en cajas | C39: 0.6 | D39: 5 | E39: 1 | F39: =Max!$B$5*C39 -> 60 | K39: =D39*E39 -> 5 | L39: =F39*K39 -> 300 | X39: =K39 -> 5 | Y39: =K40 -> 8 | Z39: =K41 -> 9 | AA39: =K42 -> 8 | AE39: 0.6 | AF39: 4 | AG39: 1 | AH39: =Max!$B$5*AE39 -> 60 | AJ39: 6 | AK39: Abs | AM39: 10 | AN39: 3 | AQ39: 4 | AR39: Flys con mancuernas | AT39: 10 | AU39: 5
C40: 0.7 | D40: 4 | E40: 2 | F40: =Max!$B$5*C40 -> 70 | K40: =D40*E40 -> 8 | L40: =F40*K40 -> 560 | AE40: 0.7 | AF40: 3 | AG40: 2 | AH40: =Max!$B$5*AE40 -> 70 | AQ40: 5 | AR40: Zancadas | AT40: 5 | AU40: 5
C41: 0.8 | D41: 3 | E41: 3 | F41: =Max!$B$5*C41 -> 80 | K41: =D41*E41 -> 9 | L41: =F41*K41 -> 720 | AE41: 0.8 | AF41: 3 | AG41: 5 | AH41: =Max!$B$5*AE41 -> 80 | AJ41: dia 5 viernes | AL41: % | AM41: reps | AN41: sets | AO41: weight
C42: 0.9 | D42: 2 | E42: 4 | F42: =Max!$B$5*C42 -> 90 | K42: =D42*E42 -> 8 | L42: =F42*K42 -> 720 | AC42: 5 | AD42: Zancadas | AF42: 5 | AG42: 5 | AJ42: 1 | AK42: Press de banca | AL42: 0.5 | AM42: 5 | AN42: 1 | AO42: =Max!$B$4*AL42 -> 50 | AQ42: dia 5 viernes | AS42: % | AT42: reps | AU42: sets | AV42: weight
A43: 5 | B43: Zancadas | D43: 5 | E43: 5 | AL43: 0.6 | AM43: 4 | AN43: 1 | AO43: =Max!$B$4*AL43 -> 60 | AQ43: 1 | AR43: Sentadillas | AS43: 0.5 | AT43: 5 | AU43: 1 | AV43: =Max!$B$3*AS43 -> 50
A44: 6 | B44: Abs | D44: 10 | E44: 3 | AC44: dia 5 viernes | AE44: % | AF44: reps | AG44: sets | AH44: weight | AL44: 0.7 | AM44: 3 | AN44: 1 | AO44: =Max!$B$4*AL44 -> 70 | AS44: 0.6 | AT44: 4 | AU44: 1 | AV44: =Max!$B$3*AS44 -> 60
AC45: 1 | AD45: Sentadillas | AE45: 0.5 | AF45: 5 | AG45: 1 | AH45: =Max!$B$3*AE45 -> 50 | AL45: 0.8 | AM45: 3 | AN45: 4 | AO45: =Max!$B$4*AL45 -> 80 | AS45: 0.7 | AT45: 3 | AU45: 2 | AV45: =Max!$B$3*AS45 -> 70
A46: dia 5 viernes | C46: % | D46: reps | E46: sets | F46: weight | AE46: 0.6 | AF46: 5 | AG46: 1 | AH46: =Max!$B$3*AE46 -> 60 | AJ46: 2 | AK46: Sentadillas | AL46: 0.5 | AM46: 5 | AN46: 1 | AO46: =Max!$B$3*AL46 -> 50 | AS46: 0.8 | AT46: 3 | AU46: 6 | AV46: =Max!$B$3*AS46 -> 80
A47: 1 | B47: Sentadillas | C47: 0.5 | D47: 5 | E47: 1 | F47: =Max!$B$3*C47 -> 50 | G47: =D47*E47 -> 5 | H47: =F47*G47 -> 250 | M47: =G47 -> 5 | N47: =G48 -> 8 | O47: =G49 -> 6 | P47: =G50 -> 15 | AE47: 0.7 | AF47: 3 | AG47: 1 | AH47: =Max!$B$3*AE47 -> 70 | AL47: 0.6 | AM47: 4 | AN47: 1 | AO47: =Max!$B$3*AL47 -> 60 | AQ47: 2 | AR47: Press de banca | AS47: 0.55 | AT47: 4 | AU47: 1 | AV47: =Max!$B$4*AS47 -> 55
C48: 0.6 | D48: 4 | E48: 2 | F48: =Max!$B$3*C48 -> 60 | G48: =D48*E48 -> 8 | H48: =F48*G48 -> 480 | AE48: 0.7 | AF48: 5 | AG48: 1 | AH48: =Max!$B$3*AE48 -> 70 | AL48: 0.7 | AM48: 3 | AN48: 2 | AO48: =Max!$B$3*AL48 -> 70 | AS48: 0.65 | AT48: 4 | AU48: 1 | AV48: =Max!$B$4*AS48 -> 65
C49: 0.7 | D49: 3 | E49: 2 | F49: =Max!$B$3*C49 -> 70 | G49: =D49*E49 -> 6 | H49: =F49*G49 -> 420 | AE49: 0.7 | AF49: 7 | AG49: 1 | AH49: =Max!$B$3*AE49 -> 70 | AL49: 0.8 | AM49: 3 | AN49: 2 | AO49: =Max!$B$3*AL49 -> 80 | AS49: 0.75 | AT49: 4 | AU49: 4 | AV49: =Max!$B$4*AS49 -> 75
C50: 0.8 | D50: 3 | E50: 5 | F50: =Max!$B$3*C50 -> 80 | G50: =D50*E50 -> 15 | H50: =F50*G50 -> 1200 | AE50: 0.7 | AF50: 6 | AG50: 1 | AH50: =Max!$B$3*AE50 -> 70 | AL50: 0.85 | AM50: 2 | AN50: 3 | AO50: =Max!$B$3*AL50 -> 85 | AQ50: 3 | AR50: Flys con mancuernas | AT50: 10 | AU50: 5
A51: 2 | B51: Press de banca | C51: 0.5 | D51: 5 | E51: 1 | F51: =Max!$B$4*C51 -> 50 | I51: =D51*E51 -> 5 | J51: =F51*I51 -> 250 | R51: =I51 -> 5 | S51: =I52 -> 4 | T51: =I53 -> 3 | U51: =I54 -> 10 | AE51: 0.7 | AF51: 4 | AG51: 1 | AH51: =Max!$B$3*AE51 -> 70 | AL51: 0.8 | AM51: 3 | AN51: 3 | AO51: =Max!$B$3*AL51 -> 80 | AQ51: 4 | AR51: Fondos | AT51: 8 | AU51: 5
C52: 0.6 | D52: 4 | E52: 1 | F52: =Max!$B$4*C52 -> 60 | I52: =D52*E52 -> 4 | J52: =F52*I52 -> 240 | AC52: 2 | AD52: Press de banca | AE52: 0.55 | AF52: 4 | AG52: 1 | AH52: =Max!$B$4*AE52 -> 55 | AJ52: 3 | AK52: Press de banca | AL52: 0.5 | AM52: 6 | AN52: 1 | AO52: =Max!$B$4*AL52 -> 50 | AQ52: 5 | AR52: Buenos dias | AT52: 5 | AU52: 5
C53: 0.7 | D53: 3 | E53: 1 | F53: =Max!$B$4*C53 -> 70 | I53: =D53*E53 -> 3 | J53: =F53*I53 -> 210 | AE53: 0.65 | AF53: 4 | AG53: 1 | AH53: =Max!$B$4*AE53 -> 65 | AL53: 0.6 | AM53: 6 | AN53: 1 | AO53: =Max!$B$4*AL53 -> 60 | AQ53: 6 | AR53: Abs | AT53: 10 | AU53: 3
C54: 0.8 | D54: 2 | E54: 5 | F54: =Max!$B$4*C54 -> 80 | I54: =D54*E54 -> 10 | J54: =F54*I54 -> 800 | AE54: 0.75 | AF54: 3 | AG54: 5 | AH54: =Max!$B$4*AE54 -> 75 | AL54: 0.7 | AM54: 6 | AN54: 4 | AO54: =Max!$B$4*AL54 -> 70
A55: 3 | B55: Fondos | D55: 6 | E55: 5 | AC55: 3 | AD55: Fondos | AF55: 8 | AG55: 5 | AJ55: 4 | AK55: Flys con mancuernas | AM55: 10 | AN55: 5
A56: 4 | B56: Sentadillas | C56: 0.5 | D56: 5 | E56: 1 | F56: =Max!$B$3*C56 -> 50 | G56: =D56*E56 -> 5 | H56: =F56*G56 -> 250 | M56: =G56 -> 5 | N56: =G57 -> 10 | O56: =G58 -> 16 | AC56: 4 | AD56: Prensa | AF56: 6 | AG56: 5 | AJ56: 5 | AK56: Buenos dias | AM56: 5 | AN56: 5
C57: 0.6 | D57: 5 | E57: 2 | F57: =Max!$B$3*C57 -> 60 | G57: =D57*E57 -> 10 | H57: =F57*G57 -> 600 | AC57: 5 | AD57: Buenos dias | AF57: 6 | AG57: 5
C58: 0.7 | D58: 4 | E58: 4 | F58: =Max!$B$3*C58 -> 70 | G58: =D58*E58 -> 16 | H58: =F58*G58 -> 1120
A59: 5 | B59: Press frances | D59: 10 | E59: 5
A60: 6 | B60: Buenos dias | D60: 5 | E60: 5
G62: =SUM(G7:G61) -> 119 | H62: =SUM(H7:H61) -> 8090 | I62: =SUM(I7:I61) -> 113 | J62: =SUM(J7:J61) -> 7550 | K62: =SUM(K7:K61) -> 63 | L62: =SUM(L7:L61) -> 4600 | M62: =SUM(M11:M61) -> 20 | N62: =SUM(N11:N61) -> 26 | O62: =SUM(O11:O61) -> 43 | P62: =SUM(P11:P61) -> 30 | R62: =SUM(R7:R61) -> 27 | S62: =SUM(S7:S61) -> 22 | T62: =SUM(T7:T61) -> 26 | U62: =SUM(U7:U61) -> 38 | W62: =SUM(W25:W61) -> 4 | X62: =SUM(X25:X61) -> 13 | Y62: =SUM(Y25:Y61) -> 14 | Z62: =SUM(Z25:Z61) -> 24 | AA62: =SUM(AA25:AA61) -> 8
M63: 50-59 | N63: 60-69 | O63: 70-79 | P63: 80-89 | Q63: 90+ | R63: 50-59 | S63: 60-69 | T63: 70-79 | U63: 80-89 | V63: 90+ | W63: 50-59 | X63: 60-69 | Y63: 70-79 | Z63: 80-89 | AA63: 90+
G65: =AF7*AG7 -> 5 | H65: =AH7*G65 -> 250 | M65: =G65 -> 5 | N65: =G66 -> 8 | O65: =G67 -> 6 | P65: =G68 -> 4 | Q65: =G69 -> 3
G66: =AF8*AG8 -> 8 | H66: =AH8*G66 -> 480
G67: =AF9*AG9 -> 6 | H67: =AH9*G67 -> 420
G68: =AF10*AG10 -> 4 | H68: =AH10*G68 -> 320
G69: =AF11*AG11 -> 3 | H69: =AH11*G69 -> 270
I70: =AF12*AG12 -> 5 | J70: =AH12*I70 -> 250 | R70: =I70 -> 5 | S70: =I71 -> 4 | T70: =I72 -> 3 | U70: =I73 -> 15
I71: =AF13*AG13 -> 4 | J71: =AH13*I71 -> 240
I72: =AF14*AG14 -> 3 | J72: =AH14*I72 -> 210
I73: =AF15*AG15 -> 15 | J73: =AH15*I73 -> 1200
G76: =AF18*AG18 -> 5 | H76: =AH18*G76 -> 250 | M76: =G76 -> 5 | N76: =G77 -> 4 | O76: =G78 -> 6 | P76: =G79 -> 8
G77: =AF19*AG19 -> 4 | H77: =AH19*G77 -> 240
G78: =AF20*AG20 -> 6 | H78: =AH20*G78 -> 420
G79: =AF21*AG21 -> 8 | H79: =AH21*G79 -> 640
K83: =AF25*AG25 -> 4 | L83: =AH25*K83 -> 200 | W83: =K83 -> 4 | X83: =K84 -> 8 | Y83: =K85+K86 -> 18
K84: =AF26*AG26 -> 8 | L84: =AH26*K84 -> 480
K85: =AF27*AG27 -> 6 | L85: =AH27*K85 -> 420
K86: =AF28*AG28 -> 12 | L86: =AH28*K86 -> 900
I87: =AF29*AG29 -> 5 | J87: =AH29*I87 -> 275 | R87: =I87+I94 -> 12 | S87: =I88+I93 -> 9 | T87: =I89+I92 -> 6 | U87: =I90+I91 -> 6
I88: =AF30*AG30 -> 4 | J88: =AH30*I88 -> 260
I89: =AF31*AG31 -> 3 | J89: =AH31*I89 -> 225
I90: =AF32*AG32 -> 4 | J90: =AH32*I90 -> 320
I91: =AF33*AG33 -> 2 | J91: =AH33*I91 -> 170
I92: =AF34*AG34 -> 3 | J92: =AH34*I92 -> 225
I93: =AF35*AG35 -> 5 | J93: =AH35*I93 -> 325
I94: =AF36*AG36 -> 7 | J94: =AH36*I94 -> 385
K96: =AF38*AG38 -> 4 | L96: =AH38*K96 -> 200 | W96: =K96 -> 4 | X96: =K97 -> 4 | Y96: =K98 -> 6 | Z96: =K99 -> 15
K97: =AF39*AG39 -> 4 | L97: =AH39*K97 -> 240
K98: =AF40*AG40 -> 6 | L98: =AH40*K98 -> 420
K99: =AF41*AG41 -> 15 | L99: =AH41*K99 -> 1200
G103: =AF45*AG45 -> 5 | H103: =AH45*G103 -> 250 | M103: =G103 -> 5 | N103: =G104 -> 5 | O103: =G109+G108+G107+G106+G105 -> 25 | P103: 0 | Q103: 0
G104: =AF46*AG46 -> 5 | H104: =AH46*G104 -> 300
G105: =AF47*AG47 -> 3 | H105: =AH47*G105 -> 210
G106: =AF48*AG48 -> 5 | H106: =AH48*G106 -> 350
G107: =AF49*AG49 -> 7 | H107: =AH49*G107 -> 490
G108: =AF50*AG50 -> 6 | H108: =AH50*G108 -> 420
G109: =AF51*AG51 -> 4 | H109: =AH51*G109 -> 280
I110: =AF52*AG52 -> 4 | J110: =AH52*I110 -> 220 | R110: =I110 -> 4 | S110: =I111 -> 4 | T110: =I112 -> 15
I111: =AF53*AG53 -> 4 | J111: =AH53*I111 -> 260
I112: =AF54*AG54 -> 15 | J112: =AH54*I112 -> 1125
G117: =SUM(G65:G116) -> 84 | H117: =SUM(H65:H116) -> 5590 | I117: =SUM(I65:I116) -> 83 | J117: =SUM(J65:J116) -> 5690 | K117: =SUM(K65:K116) -> 59 | L117: =SUM(L65:L116) -> 4060 | M117: =SUM(M65:M116) -> 15 | N117: =SUM(N65:N116) -> 17 | ... Q117: =SUM(Q65:Q116) -> 3 | R117: =SUM(R70:R116) -> 21 | S117: =SUM(S70:S116) -> 17 | T117: =SUM(T70:T116) -> 24 | U117: =SUM(U70:U116) -> 21 | W117: =SUM(W83:W116) -> 8 | X117: =SUM(X83:X116) -> 12 | Y117: =SUM(Y83:Y116) -> 24 | Z117: =SUM(Z83:Z116) -> 15
...

Sheet #32
B1: Sheiko
B2: Bloque competicion/peaking (4 Semanas)
A5: semana 1 | M5: squat | R5: bench | W5: deadlift | AC5: semana 2 | AJ5: semana 3 | AQ5: semana 4
A6: dia 1 lunes | C6: % | D6: reps | E6: sets | F6: peso | M6: 50-59 | N6: 60-69 | O6: 70-79 | P6: 80-89 | Q6: 90+ | R6: 50-59 | S6: 60-69 | T6: 70-79 | U6: 80-89 | V6: 90+ | W6: 50-59 | X6: 60-69 | Y6: 70-79 | Z6: 80-89 | AA6: 90+ | AC6: dia 1 unes | AE6: % | AF6: reps | AG6: sets | AH6: peso | AJ6: dia 1 lunes | AL6: % | AM6: reps | AN6: sets | AO6: peso | AQ6: dia 1 lunes | AS6: % | AT6: reps | AU6: sets | AV6: peso
A7: 1 | B7: Sentadillas | C7: 0.5 | D7: 3 | E7: 1 | F7: =Max!$B$3*C7 -> 50 | G7: =D7*E7 -> 3 | H7: =G7*F7 -> 150 | M7: =G7 -> 3 | N7: =G8 -> 3 | O7: =G9+G10 -> 12 | AC7: 1 | AD7: Sentadilla | AE7: 0.5 | AF7: 3 | AG7: 1 | AH7: =Max!$B$3*AE7 -> 50 | AJ7: 1 | AK7: Sentadillas | AL7: 0.5 | AM7: 3 | AN7: 1 | AO7: =Max!$B$3*AL7 -> 50 | AQ7: 1 | AR7: Press de banca | AS7: 0.5 | AT7: 3 | AU7: 1 | AV7: =Max!$B$4*AS7 -> 50
C8: 0.6 | D8: 3 | E8: 1 | F8: =Max!$B$3*C8 -> 60 | G8: =D8*E8 -> 3 | H8: =G8*F8 -> 180 | AE8: 0.6 | AF8: 3 | AG8: 2 | AH8: =Max!$B$3*AE8 -> 60 | AL8: 0.6 | AM8: 3 | AN8: 1 | AO8: =Max!$B$3*AL8 -> 60 | AS8: 0.6 | AT8: 3 | AU8: 2 | AV8: =Max!$B$4*AS8 -> 60
C9: 0.7 | D9: 3 | E9: 2 | F9: =Max!$B$3*C9 -> 70 | G9: =D9*E9 -> 6 | H9: =G9*F9 -> 420 | AE9: 0.7 | AF9: 3 | AG9: 2 | AH9: =Max!$B$3*AE9 -> 70 | AL9: 0.7 | AM9: 3 | AN9: 2 | AO9: =Max!$B$3*AL9 -> 70 | AS9: 0.7 | AT9: 2 | AU9: 2 | AV9: =Max!$B$4*AS9 -> 70
C10: 0.75 | D10: 2 | E10: 3 | F10: =Max!$B$3*C10 -> 75 | G10: =D10*E10 -> 6 | H10: =G10*F10 -> 450 | AE10: 0.8 | AF10: 2 | AG10: 4 | AH10: =Max!$B$3*AE10 -> 80 | AL10: 0.8 | AM10: 2 | AN10: 5 | AO10: =Max!$B$3*AL10 -> 80 | AS10: 0.75 | AT10: 1 | AU10: 4 | AV10: =Max!$B$4*AS10 -> 75
A11: 2 | B11: Press de banca | C11: 0.5 | D11: 3 | E11: 1 | F11: =Max!$B$4*C11 -> 50 | I11: =D11*E11 -> 3 | J11: =I11*F11 -> 150 | R11: =I11 -> 3 | S11: =I12 -> 3 | T11: =I13+I14 -> 12 | AC11: 2 | AD11: Press de banca | AE11: 0.5 | AF11: 3 | AG11: 1 | AH11: =Max!$B$4*AE11 -> 50 | AJ11: 2 | AK11: Press de banca | AL11: 0.5 | AM11: 3 | AN11: 1 | AO11: =Max!$B$4*AL11 -> 50 | AQ11: 1 | AR11: Peso muerto | AS11: 0.5 | AT11: 3 | AU11: 1 | AV11: =Max!$B$5*AS11 -> 50
C12: 0.6 | D12: 3 | E12: 1 | F12: =Max!$B$4*C12 -> 60 | I12: =D12*E12 -> 3 | J12: =I12*F12 -> 180 | AE12: 0.6 | AF12: 3 | AG12: 1 | AH12: =Max!$B$4*AE12 -> 60 | AL12: 0.6 | AM12: 3 | AN12: 1 | AO12: =Max!$B$4*AL12 -> 60 | AS12: 0.6 | AT12: 2 | AU12: 2 | AV12: =Max!$B$5*AS12 -> 60
C13: 0.7 | D13: 3 | E13: 2 | F13: =Max!$B$4*C13 -> 70 | I13: =D13*E13 -> 6 | J13: =I13*F13 -> 420 | AE13: 0.7 | AF13: 3 | AG13: 2 | AH13: =Max!$B$4*AE13 -> 70 | AL13: 0.7 | AM13: 3 | AN13: 2 | AO13: =Max!$B$4*AL13 -> 70 | AS13: 0.7 | AT13: 2 | AU13: 4 | AV13: =Max!$B$5*AS13 -> 70
C14: 0.75 | D14: 2 | E14: 3 | F14: =Max!$B$4*C14 -> 75 | I14: =D14*E14 -> 6 | J14: =I14*F14 -> 450 | AE14: 0.8 | AF14: 3 | AG14: 5 | AH14: =Max!$B$4*AE14 -> 80 | AL14: 0.8 | AM14: 2 | AN14: 3 | AO14: =Max!$B$4*AL14 -> 80 | AQ14: 3 | AR14: Abs | AT14: 8 | AU14: 2
A15: 3 | B15: Abs | D15: 10 | E15: 3 | AC15: 3 | AD15: Flys con mancuerna | AF15: 8 | AG15: 4 | AL15: 0.85 | AM15: 1 | AN15: 3 | AO15: =Max!$B$4*AL15 -> 85
AC16: 4 | AD16: Sentadilla | AE16: 0.55 | AF16: 3 | AG16: 1 | AH16: =Max!$B$3*AE16 -> 55 | AJ16: 3 | AK16: Flys con mancuernas | AM16: 8 | AN16: 4 | AQ16: dia 3 miercoles | AS16: % | AT16: reps | AU16: sets | AV16: weight
A17: dia 3 miercoles | C17: % | D17: reps | E17: sets | F17: weight | AE17: 0.65 | AF17: 3 | AG17: 2 | AH17: =Max!$B$3*AE17 -> 65 | AJ17: 4 | AK17: Abs | AM17: 4 | AN17: 5 | AQ17: 1 | AR17: Sentadillas | AS17: 0.5 | AT17: 3 | AU17: 1 | AV17: =Max!$B$3*AS17 -> 50
A18: 1 | B18: Sentadillas | C18: 0.5 | D18: 3 | E18: 1 | F18: =Max!$B$3*C18 -> 50 | G18: =D18*E18 -> 3 | H18: =G18*F18 -> 150 | M18: =G18 -> 3 | N18: =G19 -> 6 | O18: =G20 -> 4 | P18: =G21 -> 2 | Q18: =G22+G23 -> 3 | AE18: 0.75 | AF18: 3 | AG18: 4 | AH18: =Max!$B$3*AE18 -> 75 | AS18: 0.6 | AT18: 3 | AU18: 2 | AV18: =Max!$B$3*AS18 -> 60
C19: 0.6 | D19: 3 | E19: 2 | F19: =Max!$B$3*C19 -> 60 | G19: =D19*E19 -> 6 | H19: =G19*F19 -> 360 | AJ19: dia 3 miercoles | AL19: % | AM19: reps | AN19: sets | AO19: weight | AS19: 0.7 | AT19: 2 | AU19: 3 | AV19: =Max!$B$3*AS19 -> 70
C20: 0.7 | D20: 2 | E20: 2 | F20: =Max!$B$3*C20 -> 70 | G20: =D20*E20 -> 4 | H20: =G20*F20 -> 280 | AC20: dia 3 miercoles | AE20: % | AF20: reps | AG20: sets | AH20: weight | AJ20: 1 | AK20: Press de banca | AL20: 0.5 | AM20: 3 | AN20: 1 | AO20: =Max!$B$4*AL20 -> 50 | AQ20: 2 | AR20: Press de banca | AS20: 0.5 | AT20: 3 | AU20: 1 | AV20: =Max!$B$4*AS20 -> 50
C21: 0.8 | D21: 2 | E21: 1 | F21: =Max!$B$3*C21 -> 80 | G21: =D21*E21 -> 2 | H21: =G21*F21 -> 160 | AC21: 1 | AD21: Peso muerto hasta rodillas | AE21: 0.5 | AF21: 3 | AG21: 1 | AH21: =Max!$B$5*AE21 -> 50 | AL21: 0.6 | AM21: 3 | AN21: 1 | AO21: =Max!$B$4*AL21 -> 60 | AS21: 0.6 | AT21: 3 | AU21: 2 | AV21: =Max!$B$4*AS21 -> 60
C22: 0.9 | D22: 1 | E22: 1 | F22: =Max!$B$3*C22 -> 90 | G22: =D22*E22 -> 1 | H22: =G22*F22 -> 90 | AE22: 0.6 | AF22: 2 | AG22: 2 | AH22: =Max!$B$5*AE22 -> 60 | AL22: 0.7 | AM22: 3 | AN22: 2 | AO22: =Max!$B$4*AL22 -> 70 | AS22: 0.7 | AT22: 2 | AU22: 3 | AV22: =Max!$B$4*AS22 -> 70
C23: 100%-105% | D23: 1 | E23: 2-3 | F23: =Max!$B$3*MID(C23,1,1)&"-"&Max!$B$3*MID(C23,6,7) -> 100-105 | G23: =2 -> 2 | H23: =Max!B3*2*1 -> 200 | AE23: 0.65 | AF23: 2 | AG23: 2 | AH23: =Max!$B$5*AE23 -> 65 | AL23: 0.8 | AM23: 2 | AN23: 5 | AO23: =Max!$B$4*AL23 -> 80
A24: 2 | B24: Press de banca | C24: 0.5 | D24: 3 | E24: 1 | F24: =Max!$B$4*C24 -> 50 | I24: =D24*E24 -> 3 | J24: =I24*F24 -> 150 | R24: =I24 -> 3 | S24: =I25 -> 3 | T24: =I26 -> 4 | U24: =I27 -> 2 | V24: =I28+I29 -> 3 | AE24: 0.7 | AF24: 1 | AG24: 3 | AH24: =Max!$B$5*AE24 -> 70 | AJ24: 2 | AK24: Flys con mancuernas | AM24: 8 | AN24: 4 | AQ24: Dia 5, 6 o 7
C25: 0.6 | D25: 3 | E25: 1 | F25: =Max!$B$4*C25 -> 60 | I25: =D25*E25 -> 3 | J25: =I25*F25 -> 180 | AC25: 2 | AD25: Press de banca | AE25: 0.5 | AF25: 3 | AG25: 1 | AH25: =Max!$B$4*AE25 -> 50 | AJ25: 3 | AK25: Peso muerto | AL25: 0.5 | AM25: 3 | AN25: 1 | AO25: =Max!$B$5*AL25 -> 50 | AR25: Competicion
C26: 0.7 | D26: 2 | E26: 2 | F26: =Max!$B$4*C26 -> 70 | I26: =D26*E26 -> 4 | J26: =I26*F26 -> 280 | AE26: 0.6 | AF26: 3 | AG26: 1 | AH26: =Max!$B$4*AE26 -> 60 | AL26: 0.6 | AM26: 3 | AN26: 2 | AO26: =Max!$B$5*AL26 -> 60
C27: 0.8 | D27: 2 | E27: 1 | F27: =Max!$B$4*C27 -> 80 | I27: =D27*E27 -> 2 | J27: =I27*F27 -> 160 | AE27: 0.7 | AF27: 3 | AG27: 2 | AH27: =Max!$B$4*AE27 -> 70 | AL27: 0.7 | AM27: 3 | AN27: 2 | AO27: =Max!$B$5*AL27 -> 70
C28: 0.9 | D28: 1 | E28: 1 | F28: =Max!$B$4*C28 -> 90 | I28: =D28*E28 -> 1 | J28: =I28*F28 -> 90 | AE28: 0.8 | AF28: 3 | AG28: 2 | AH28: =Max!$B$4*AE28 -> 80 | AL28: 0.75 | AM28: 2 | AN28: 5 | AO28: =Max!$B$5*AL28 -> 75
C29: 100%-105% | D29: 1 | E29: 2-3 | F29: =Max!$B$4*MID(C29,1,1)&"-"&Max!$B$4*MID(C29,6,7) -> 100-105 | I29: =2 -> 2 | J29: =2*1*Max!B4 -> 200 | AE29: 0.85 | AF29: 2 | AG29: 3 | AH29: =Max!$B$4*AE29 -> 85 | AJ29: 4 | AK29: Buenos dias | AM29: 5 | AN29: 4
A30: 3 | B30: peso muerto | C30: 0.5 | D30: 3 | E30: 1 | F30: =Max!$B$5*C30 -> 50 | K30: =D30*E30 -> 3 | L30: =K30*F30 -> 150 | W30: =K30 -> 3 | X30: =K31 -> 2 | Y30: =K32 -> 4 | Z30: =K33 -> 1 | AA30: =K34+K35 -> 3 | AC30: 3 | AD30: Flys con mancuernas | AF30: 10 | AG30: 5
C31: 0.6 | D31: 2 | E31: 1 | F31: =Max!$B$5*C31 -> 60 | K31: =D31*E31 -> 2 | L31: =K31*F31 -> 120 | AC31: 4 | AD31: Peso muerto | AE31: 0.5 | AF31: 3 | AG31: 1 | AH31: =Max!$B$5*AE31 -> 50 | AJ31: dia 5 viernes | AL31: % | AM31: reps | AN31: sets | AO31: weight
C32: 0.7 | D32: 2 | E32: 2 | F32: =Max!$B$5*C32 -> 70 | K32: =D32*E32 -> 4 | L32: =K32*F32 -> 280 | AE32: 0.6 | AF32: 3 | AG32: 1 | AH32: =Max!$B$5*AE32 -> 60 | AJ32: 1 | AK32: Sentadillas | AL32: 0.5 | AM32: 3 | AN32: 1 | AO32: =Max!$B$3*AL32 -> 50
C33: 0.8 | D33: 1 | E33: 1 | F33: =Max!$B$5*C33 -> 80 | K33: =D33*E33 -> 1 | L33: =K33*F33 -> 80 | AE33: 0.7 | AF33: 3 | AG33: 2 | AH33: =Max!$B$5*AE33 -> 70 | AL33: 0.6 | AM33: 3 | AN33: 2 | AO33: =Max!$B$3*AL33 -> 60
C34: 0.9 | D34: 1 | E34: 1 | F34: =Max!$B$5*C34 -> 90 | K34: =D34*E34 -> 1 | L34: =K34*F34 -> 90 | AE34: 0.8 | AF34: 3 | AG34: 5 | AH34: =Max!$B$5*AE34 -> 80 | AL34: 0.7 | AM34: 2 | AN34: 2 | AO34: =Max!$B$3*AL34 -> 70
C35: 100%-105% | D35: 1 | E35: 2-3 | F35: =Max!$B$5*MID(C35,1,1)&"-"&Max!$B$5*MID(C35,6,7) -> 100-105 | K35: =2 -> 2 | L35: =2*1*Max!B5 -> 200 | AC35: 5 | AD35: Abs | AF35: 10 | AG35: 3 | AL35: 0.75 | AM35: 2 | AN35: 3 | AO35: =Max!$B$3*AL35 -> 75
AJ36: 2 | AK36: Press de banca | AL36: 0.5 | AM36: 3 | AN36: 1 | AO36: =Max!$B$4*AL36 -> 50
A37: dia 5 viernes | C37: % | D37: reps | E37: sets | F37: weight | AC37: dia 5 viernes | AE37: % | AF37: reps | AG37: sets | AH37: weight | AL37: 0.6 | AM37: 3 | AN37: 1 | AO37: =Max!$B$4*AL37 -> 60
A38: 1 | B38: sentadilla | C38: 0.5 | D38: 3 | E38: 1 | F38: =Max!$B$3*C38 -> 50 | G38: =D38*E38 -> 3 | H38: =G38*F38 -> 150 | M38: =G38 -> 3 | N38: =G39 -> 6 | O38: =G40+G41 -> 14 | AC38: 1 | AD38: Press de banca | AE38: 0.5 | AF38: 3 | AG38: 1 | AH38: =Max!$B$4*AE38 -> 50 | AL38: 0.7 | AM38: 3 | AN38: 2 | AO38: =Max!$B$4*AL38 -> 70
C39: 0.6 | D39: 3 | E39: 2 | F39: =Max!$B$3*C39 -> 60 | G39: =D39*E39 -> 6 | H39: =G39*F39 -> 360 | AE39: 0.6 | AF39: 3 | AG39: 1 | AH39: =Max!$B$4*AE39 -> 60 | AL39: 0.75 | AM39: 2 | AN39: 4 | AO39: =Max!$B$4*AL39 -> 75
C40: 0.7 | D40: 3 | E40: 2 | F40: =Max!$B$3*C40 -> 70 | G40: =D40*E40 -> 6 | H40: =G40*F40 -> 420 | AE40: 0.7 | AF40: 3 | AG40: 2 | AH40: =Max!$B$4*AE40 -> 70 | AJ40: 3 | AK40: Abs | AM40: 8 | AN40: 3
C41: 0.75 | D41: 2 | E41: 4 | F41: =Max!$B$3*C41 -> 75 | G41: =D41*E41 -> 8 | H41: =G41*F41 -> 600 | AE41: 0.8 | AF41: 3 | AG41: 5 | AH41: =Max!$B$4*AE41 -> 80
A42: 2 | B42: Press de banca | C42: 0.55 | D42: 3 | E42: 1 | F42: =Max!$B$4*C42 -> 55 | I42: =D42*E42 -> 3 | J42: =I42*F42 -> 165 | R42: =I42 -> 3 | S42: =I43 -> 6 | T42: =I44 -> 18 | AC42: 2 | AD42: Sentadillas | AE42: 0.5 | AF42: 3 | AG42: 1 | AH42: =Max!$B$3*AE42 -> 50
C43: 0.65 | D43: 3 | E43: 2 | F43: =Max!$B$4*C43 -> 65 | I43: =D43*E43 -> 6 | J43: =I43*F43 -> 390 | AE43: 0.6 | AF43: 3 | AG43: 2 | AH43: =Max!$B$3*AE43 -> 60
C44: 0.75 | D44: 3 | E44: 6 | F44: =Max!$B$4*C44 -> 75 | I44: =D44*E44 -> 18 | J44: =I44*F44 -> 1350 | AE44: 0.7 | AF44: 3 | AG44: 2 | AH44: =Max!$B$3*AE44 -> 70
A45: 3 | B45: Flys con mancuerna | D45: 10 | E45: 5 | AE45: 0.8 | AF45: 3 | AG45: 6 | AH45: =Max!$B$3*AE45 -> 80
A46: 4 | B46: Buenos dias | D46: 5 | E46: 5 | AC46: 3 | AD46: Press de banca | AE46: 0.5 | AF46: 4 | AG46: 1 | AH46: =Max!$B$4*AE46 -> 50
A47: 5 | B47: Abs | D47: 10 | E47: 3 | AE47: 0.6 | AF47: 4 | AG47: 1 | AH47: =Max!$B$4*AE47 -> 60
G48: =SUM(G7:G47) -> 59 | H48: =SUM(H7:H47) -> 3970 | I48: =SUM(I7:I47) -> 60 | J48: =SUM(J7:J47) -> 4165 | K48: =SUM(K7:K47) -> 13 | L48: =SUM(L7:L47) -> 920 | M48: =SUM(M7:M47) -> 9 | N48: =SUM(N7:N47) -> 15 | ... Q48: =SUM(Q7:Q47) -> 3 | R48: =SUM(R11:R47) -> 9 | S48: =SUM(S11:S47) -> 12 | T48: =SUM(T11:T47) -> 34 | U48: =SUM(U11:U47) -> 2 | V48: =SUM(V11:V47) -> 3 | W48: =SUM(W30:W47) -> 3 | X48: =SUM(X30:X47) -> 2 | Y48: =SUM(Y30:Y47) -> 4 | Z48: =SUM(Z30:Z47) -> 1 | AA48: =SUM(AA30:AA47) -> 3 | AE48: 0.7 | AF48: 4 | AG48: 4 | AH48: =Max!$B$4*AE48 -> 70
M49: 50-59 | N49: 60-69 | O49: 70-79 | P49: 80-89 | Q49: 90+ | R49: 50-59 | S49: 60-69 | T49: 70-79 | U49: 80-89 | V49: 90+ | W49: 50-59 | X49: 60-69 | Y49: 70-79 | Z49: 80-89 | AA49: 90+ | AC49: 4 | AD49: Flys con mancuernas | AF49: 10 | AG49: 5
AC50: 5 | AD50: Buenos dias | AF50: 5 | AG50: 5
G51: =AF7*AG7 -> 3 | H51: =G51*AH7 -> 150 | M51: =G51 -> 3 | N51: =G52 -> 6 | O51: =G53 -> 6 | P51: =G54 -> 8
G52: =AF8*AG8 -> 6 | H52: =G52*AH8 -> 360
G53: =AF9*AG9 -> 6 | H53: =G53*AH9 -> 420
G54: =AF10*AG10 -> 8 | H54: =G54*AH10 -> 640
I55: =AF11*AG11 -> 3 | J55: =I55*AH11 -> 150 | R55: =I55 -> 3 | S55: =I56 -> 3 | T55: =I57 -> 6 | U55: =I58 -> 15
I56: =AF12*AG12 -> 3 | J56: =I56*AH12 -> 180
I57: =AF13*AG13 -> 6 | J57: =I57*AH13 -> 420
I58: =AF14*AG14 -> 15 | J58: =I58*AH14 -> 1200
G60: =AF16*AG16 -> 3 | H60: =G60*AH16 -> 165 | M60: =G60 -> 3 | N60: =G61 -> 6 | O60: =G62 -> 12
G61: =AF17*AG17 -> 6 | H61: =G61*AH17 -> 390
G62: =AF18*AG18 -> 12 | H62: =G62*AH18 -> 900
K65: =AF21*AG21 -> 3 | L65: =K65*AH21 -> 150 | W65: =K65 -> 3 | X65: =(K66+K67) -> 8 | Y65: =K68 -> 3
K66: =AF22*AG22 -> 4 | L66: =K66*AH22 -> 240
K67: =AF23*AG23 -> 4 | L67: =K67*AH23 -> 260
K68: =AF24*AG24 -> 3 | L68: =K68*AH24 -> 210
I69: =AF25*AG25 -> 3 | J69: =I69*AH25 -> 150 | R69: =I69 -> 3 | S69: =I70 -> 3 | T69: =I71 -> 6 | U69: =I72+I73 -> 12
I70: =AF26*AG26 -> 3 | J70: =I70*AH26 -> 180
I71: =AF27*AG27 -> 6 | J71: =I71*AH27 -> 420
I72: =AF28*AG28 -> 6 | J72: =I72*AH28 -> 480
I73: =AF29*AG29 -> 6 | J73: =I73*AH29 -> 510
K75: =AF31*AG31 -> 3 | L75: =K75*AH31 -> 150 | W75: =K75 -> 3 | X75: =K76 -> 3 | Y75: =K77 -> 6 | Z75: =K78 -> 15
K76: =AF32*AG32 -> 3 | L76: =K76*AH32 -> 180
K77: =AF33*AG33 -> 6 | L77: =K77*AH33 -> 420
K78: =AF34*AG34 -> 15 | L78: =K78*AH34 -> 1200
I82: =AF38*AG38 -> 3 | J82: =I82*AH38 -> 150 | R82: =I82 -> 3 | S82: =I83 -> 3 | T82: =I84 -> 6 | U82: =I85 -> 15
I83: =AF39*AG39 -> 3 | J83: =I83*AH39 -> 180
I84: =AF40*AG40 -> 6 | J84: =I84*AH40 -> 420
I85: =AF41*AG41 -> 15 | J85: =I85*AH41 -> 1200
G86: =AF42*AG42 -> 3 | H86: =G86*AH42 -> 150 | M86: =G86 -> 3 | N86: =G87 -> 6 | O86: =G88 -> 6 | P86: =G89 -> 18
G87: =AF43*AG43 -> 6 | H87: =G87*AH43 -> 360
G88: =AF44*AG44 -> 6 | H88: =G88*AH44 -> 420
G89: =AF45*AG45 -> 18 | H89: =G89*AH45 -> 1440
I90: =AF46*AG46 -> 4 | J90: =I90*AH46 -> 200 | R90: =I90 -> 4 | S90: =I91 -> 4 | T90: =I92 -> 16
I91: =AF47*AG47 -> 4 | J91: =I91*AH47 -> 240
I92: =AF48*AG48 -> 16 | J92: =I92*AH48 -> 1120
G95: =SUM(G51:G94) -> 77 | H95: =SUM(H51:H94) -> 5395 | I95: =SUM(I51:I94) -> 102 | J95: =SUM(J51:J94) -> 7200 | K95: =SUM(K51:K94) -> 41 | L95: =SUM(L51:L94) -> 2810 | M95: =SUM(M51:M94) -> 9 | N95: =SUM(N51:N94) -> 18 | ... P95: =SUM(P51:P94) -> 26 | R95: =SUM(R55:R94) -> 13 | S95: =SUM(S55:S94) -> 13 | T95: =SUM(T55:T94) -> 34 | U95: =SUM(U55:U94) -> 42 | W95: =SUM(W65:W94) -> 6 | X95: =SUM(X65:X94) -> 11 | Y95: =SUM(Y65:Y94) -> 9 | Z95: =SUM(Z65:Z94) -> 15
M96: 50-59 | N96: 60-69 | O96: 70-79 | P96: 80-89 | Q96: 90+ | R96: 50-59 | S96: 60-69 | T96: 70-79 | U96: 80-89 | V96: 90+ | W96: 50-59 | X96: 60-69 | Y96: 70-79 | Z96: 80-89 | AA96: 90+
G98: =AM7*AN7 -> 3 | H98: =G98*AO7 -> 150 | M98: =G98 -> 3 | N98: =G99 -> 3 | O98: =G100 -> 6 | P98: =G101 -> 10
G99: =AM8*AN8 -> 3 | H99: =G99*AO8 -> 180
G100: =AM9*AN9 -> 6 | H100: =G100*AO9 -> 420
G101: =AM10*AN10 -> 10 | H101: =G101*AO10 -> 800
I102: =AM11*AN11 -> 3 | J102: =I102*AO11 -> 150 | R102: =I102 -> 3 | S102: =I103 -> 3 | T102: =I104 -> 6 | U102: =I105+I106 -> 9
I103: =AM12*AN12 -> 3 | J103: =I103*AO12 -> 180
I104: =AM13*AN13 -> 6 | J104: =I104*AO13 -> 420
I105: =AM14*AN14 -> 6 | J105: =I105*AO14 -> 480
I106: =AM15*AN15 -> 3 | J106: =I106*AO15 -> 255
I111: =AM20*AN20 -> 3 | J111: =I111*AO20 -> 150 | R111: =I111 -> 3 | S111: =I112 -> 3 | T111: =I113 -> 6 | U111: =I114 -> 10
I112: =AM21*AN21 -> 3 | J112: =I112*AO21 -> 180
I113: =AM22*AN22 -> 6 | J113: =I113*AO22 -> 420
I114: =AM23*AN23 -> 10 | J114: =I114*AO23 -> 800
K116: =AM25*AN25 -> 3 | L116: =K116*AO25 -> 150 | W116: =K116 -> 3 | X116: =K117 -> 6 | Y116: =K118+K119 -> 16
K117: =AM26*AN26 -> 6 | L117: =K117*AO26 -> 360
...

Sheet Volume Calcs
A1: Volume Calculations
B3: Overall summary | U3: These graphs show the type of loading | AN3: These graphs show the focus of the loading
U25: Squat | AA25: Bench | AG25: Deadlift
A26: #37 | B26: Squat | C26: Bench | D26: Dead | E26: NL | G26: Squat | H26: Bench | I26: Dead | K26: Avg Wt. | M26: Squat | N26: Bench | O26: Dead | U26: % | V26: Week 1 | W26: Week 2 | X26: Week 3 | Y26: Week 4 | Z26: Month | AA26: % | AB26: Week 1 | AC26: Week 2 | AD26: Week 3 | AE26: Week 4 | AF26: Month | AG26: % | AH26: Week 1 | AI26: Week 2 | AJ26: Week 3 | AK26: Week 4 | AL26: Month | AN26: % of Lifts | AO26: Week 1 | AP26: Week 2 | AQ26: Week 3 | AR26: Week 4 | AS26: Month
A27: 1 | B27: ='#37'!G54 -> 74 | C27: ='#37'!I54 -> 142 | D27: ='#37'!K54 -> 70 | E27: =SUM(B27:D27) -> 286 | G27: ='#37'!H54 -> 4875 | H27: ='#37'!J54 -> 8795 | I27: ='#37'!L54 -> 4680 | J27: =SUM(G27:I27) -> 18350 | K27: =J27/E27 -> 64.160839 | M27: =G27/B27/Max!B3 -> 0.65878378 | N27: =H27/C27/Max!B$4 -> 0.6193662 | O27: =I27/D27/Max!B$5 -> 0.66857143 | U27: 50-59 | V27: ='#37'!$M$54 -> 10 | W27: ='#37'!$M$107 -> 15 | X27: ='#37'!$M$163 -> 15 | Y27: ='#37'!$M$213 -> 15 | Z27: ='#37'!$M$216 -> 55 | AA27: 50-59 | AB27: ='#37'!$R$54 -> 42 | AC27: ='#37'!$R$107 -> 23 | AD27: ='#37'!$R$163 -> 37 | AE27: ='#37'!$R$213 -> 20 | AF27: ='#37'!$R$216 -> 122 | AG27: 50-59 | AH27: ='#37'!$W$54 -> 10 | AI27: ='#37'!$W$107 -> 8 | AJ27: ='#37'!$W$163 -> 4 | AK27: ='#37'!$W$213 -> 4 | AL27: ='#37'!$W$216 -> 26 | AN27: Squat | AO27: =V32/(V32+AB32+AH32) -> 0.25874126 | AP27: =W32/(W32+AC32+AI32) -> 0.35361217 | AQ27: =X32/(X32+AD32+AJ32) -> 0.32634731 | AR27: =Y32/(Y32+AE32+AK32) -> 0.36563877 | AS27: =Z32/(Z32+AF32+AL32) -> 0.32342342
A28: 2 | B28: ='#37'!G107 -> 93 | C28: ='#37'!I107 -> 113 | D28: ='#37'!K107 -> 57 | E28: =SUM(B28:D28) -> 263 | G28: ='#37'!H107 -> 6380 | H28: ='#37'!J107 -> 7410 | I28: ='#37'!L107 -> 3785 | J28: =SUM(G28:I28) -> 17575 | K28: =J28/E28 -> 66.825095 | M28: =G28/B28/Max!B3 -> 0.68602151 | N28: =H28/C28/Max!B$4 -> 0.65575221 | O28: =I28/D28/Max!B$5 -> 0.66403509 | U28: 60-69 | V28: ='#37'!$N$54 -> 18 | W28: ='#37'!$N$107 -> 18 | X28: ='#37'!$N$163 -> 18 | Y28: ='#37'!$N$213 -> 12 | Z28: ='#37'!$N$216 -> 66 | AA28: 60-69 | AB28: ='#37'!$S$54 -> 39 | AC28: ='#37'!$S$107 -> 25 | AD28: ='#37'!$S$163 -> 60 | AE28: ='#37'!$S$213 -> 18 | AF28: ='#37'!$S$216 -> 142 | AG28: 60-69 | AH28: ='#37'!$X$54 -> 20 | AI28: ='#37'!$X$107 -> 12 | AJ28: ='#37'!$X$163 -> 9 | AK28: ='#37'!$X$213 -> 4 | AL28: ='#37'!$X$216 -> 45 | AN28: Bench | AO28: =AB32/(V32+AB32+AH32) -> 0.4965035 | AP28: =AC32/(W32+AC32+AI32) -> 0.42965779 | AQ28: =AD32/(X32+AD32+AJ32) -> 0.48502994 | AR28: =AE32/(Y32+AE32+AK32) -> 0.51982379 | AS28: =AF32/(Z32+AF32+AL32) -> 0.48198198
A29: 3 | B29: ='#37'!G163 -> 109 | C29: ='#37'!I163 -> 162 | D29: ='#37'!K163 -> 63 | E29: =SUM(B29:D29) -> 334 | G29: ='#37'!H163 -> 7400 | H29: ='#37'!J163 -> 10530 | I29: ='#37'!L163 -> 4480 | J29: =SUM(G29:I29) -> 22410 | K29: =J29/E29 -> 67.095808 | M29: =G29/B29/Max!B3 -> 0.67889908 | N29: =H29/C29/Max!B$4 -> 0.65 | O29: =I29/D29/Max!B$5 -> 0.71111111 | U29: 70-79 | V29: ='#37'!$O$54 -> 46 | W29: ='#37'!$O$107 -> 50 | X29: ='#37'!$O$163 -> 61 | Y29: ='#37'!$O$213 -> 18 | Z29: ='#37'!$O$216 -> 175 | AA29: 70-79 | AB29: ='#37'!$T$54 -> 61 | AC29: ='#37'!$T$107 -> 49 | AD29: ='#37'!$T$163 -> 36 | AE29: ='#37'!$T$213 -> 53 | AF29: ='#37'!$T$216 -> 199 | AG29: 70-79 | AH29: ='#37'!$Y$54 -> 28 | AI29: ='#37'!$Y$107 -> 37 | AJ29: ='#37'!$Y$163 -> 34 | AK29: ='#37'!$Y$213 -> 6 | AL29: ='#37'!$Y$216 -> 105 | AN29: Deadlift | AO29: =AH32/(AH32+AB32+V32) -> 0.24475524 | AP29: =AI32/(AI32+AC32+W32) -> 0.21673004 | AQ29: =AJ32/(AJ32+AD32+X32) -> 0.18862275 | AR29: =AK32/(AK32+AE32+Y32) -> 0.11453744 | AS29: =AL32/(AL32+AF32+Z32) -> 0.19459459
A30: 4 | B30: ='#37'!G213 -> 83 | C30: ='#37'!I213 -> 118 | D30: ='#37'!K213 -> 26 | E30: =SUM(B30:D30) -> 227 | G30: ='#37'!H213 -> 5800 | H30: ='#37'!J213 -> 8110 | I30: ='#37'!L213 -> 1850 | J30: =SUM(G30:I30) -> 15760 | K30: =J30/E30 -> 69.427313 | M30: =G30/B30/Max!B3 -> 0.69879518 | N30: =H30/C30/Max!B$4 -> 0.68728814 | O30: =I30/D30/Max!B$5 -> 0.71153846 | P30: =J31/E31 -> 66.752252 | U30: 80-89 | V30: ='#37'!$P$54 -> 0 | W30: ='#37'!$P$107 -> 10 | X30: ='#37'!$P$163 -> 15 | Y30: ='#37'!$P$213 -> 38 | Z30: ='#37'!$P$216 -> 63 | AA30: 80-89 | AB30: ='#37'!$U$54 -> 0 | AC30: ='#37'!$U$107 -> 16 | AD30: ='#37'!$U$163 -> 29 | AE30: ='#37'!$U$213 -> 27 | AF30: ='#37'!$U$216 -> 72 | AG30: 80-89 | AH30: ='#37'!$Z$54 -> 12 | AI30: ='#37'!$Z$107 -> 0 | AJ30: ='#37'!$Z$163 -> 16 | AK30: ='#37'!$Z$213 -> 12 | AL30: ='#37'!$Z$216 -> 40
A31: Total | B31: ='#37'!G216 -> 359 | C31: ='#37'!I216 -> 535 | D31: ='#37'!K216 -> 216 | E31: =SUM(B31:D31) -> 1110 | G31: =SUM(G26:G30) -> 24455 | H31: =SUM(H26:H30) -> 34845 | I31: =SUM(I26:I30) -> 14795 | J31: =SUM(J26:J30) -> 74095 | M31: =G31/B31/Max!B3 -> 0.68119777 | N31: =H31/C31/Max!B$4 -> 0.65130841 | O31: =I31/D31/Max!B$5 -> 0.6849537 | U31: 90+ | V31: ='#37'!$Q$54 -> 0 | W31: ='#37'!$Q$107 -> 0 | X31: ='#37'!$Q$163 -> 0 | Y31: ='#37'!$Q$213 -> 0 | Z31: ='#37'!$Q$216 -> 0 | AA31: 90+ | AB31: ='#37'!$V$54 -> 0 | AC31: ='#37'!$V$107 -> 0 | AD31: ='#37'!$V$163 -> 0 | AE31: ='#37'!$V$213 -> 0 | AF31: ='#37'!$V$216 -> 0 | AG31: 90+ | AH31: ='#37'!$AA$54 -> 0 | AI31: ='#37'!$AA$107 -> 0 | AJ31: ='#37'!$AA$163 -> 0 | AK31: ='#37'!$AA$213 -> 0 | AL31: ='#37'!$AA$216 -> 0
U32: NL | V32: =SUM(V27:V31) -> 74 | W32: =SUM(W27:W31) -> 93 | X32: =SUM(X27:X31) -> 109 | Y32: =SUM(Y27:Y31) -> 83 | Z32: =SUM(Z27:Z31) -> 359 | AA32: NL | AB32: =SUM(AB27:AB31) -> 142 | AC32: =SUM(AC27:AC31) -> 113 | AD32: =SUM(AD27:AD31) -> 162 | AE32: =SUM(AE27:AE31) -> 118 | AF32: =SUM(AF27:AF31) -> 535 | AG32: NL | AH32: =SUM(AH27:AH31) -> 70 | AI32: =SUM(AI27:AI31) -> 57 | AJ32: =SUM(AJ27:AJ31) -> 63 | AK32: =SUM(AK27:AK31) -> 26 | AL32: =SUM(AL27:AL31) -> 216
U33: Avg. Int. | V33: =M27 -> 0.65878378 | W33: =M28 -> 0.68602151 | X33: =M29 -> 0.67889908 | Y33: =M30 -> 0.69879518 | Z33: =M31 -> 0.68119777 | AA33: Avg. Int. | AB33: =N27 -> 0.6193662 | AC33: =N28 -> 0.65575221 | AD33: =N29 -> 0.65 | AE33: =N30 -> 0.68728814 | AF33: =N31 -> 0.65130841 | AG33: Avg. Int. | AH33: =O27 -> 0.66857143 | AI33: =O28 -> 0.66403509 | AJ33: =O29 -> 0.71111111 | AK33: =O30 -> 0.71153846 | AL33: =O31 -> 0.6849537
U57: Squat | AA57: Bench | AG57: Deadlift
A58: #30 | B58: Squat | C58: Bench | D58: Dead | E58: NL | G58: Squat | H58: Bench | I58: Dead | K58: Avg Wt. | M58: Squat | N58: Bench | O58: Dead | U58: % | V58: Week 1 | W58: Week 2 | X58: Week 3 | Y58: Week 4 | Z58: Month | AA58: % | AB58: Week 1 | AC58: Week 2 | AD58: Week 3 | AE58: Week 4 | AF58: Month | AG58: % | AH58: Week 1 | AI58: Week 2 | AJ58: Week 3 | AK58: Week 4 | AL58: Month | AN58: % of Lifts | AO58: Week 1 | AP58: Week 2 | AQ58: Week 3 | AR58: Week 4 | AS58: Month
A59: 1 | B59: ='#30'!G62 -> 119 | C59: ='#30'!I62 -> 113 | D59: ='#30'!K62 -> 63 | E59: =SUM(B59:D59) -> 295 | G59: ='#30'!H62 -> 8090 | H59: ='#30'!J62 -> 7550 | I59: ='#30'!L62 -> 4600 | J59: =SUM(G59:I59) -> 20240 | K59: =J59/E59 -> 68.610169 | M59: =G59/B59/Max!B3 -> 0.67983193 | N59: =H59/C59/Max!B4 -> 0.66814159 | O59: =I59/D59/Max!B5 -> 0.73015873 | U59: 50-59 | V59: ='#30'!$M$62 -> 20 | W59: ='#30'!$M$117 -> 15 | X59: ='#30'!$M$171 -> 16 | Y59: ='#30'!$M$222 -> 15 | Z59: ='#30'!$M$225 -> 66 | AA59: 50-59 | AB59: ='#30'!$R$62 -> 27 | AC59: ='#30'!$R$117 -> 21 | AD59: ='#30'!$R$171 -> 21 | AE59: ='#30'!$R$222 -> 17 | AF59: ='#30'!$R$225 -> 86 | AG59: 50-59 | AH59: ='#30'!$W$62 -> 4 | AI59: ='#30'!$W$117 -> 8 | AJ59: ='#30'!$W$171 -> 4 | AK59: ='#30'!$W$222 -> 4 | AL59: ='#30'!$W$225 -> 20 | AN59: Squat | AO59: =V64/(V64+AB64+AH64) -> 0.40338983 | AP59: =W64/(W64+AC64+AI64) -> 0.37168142 | AQ59: =X64/(X64+AD64+AJ64) -> 0.38129496 | AR59: =Y64/(Y64+AE64+AK64) -> 0.43684211 | AS59: =Z64/(Z64+AF64+AL64) -> 0.39635996
A60: 2 | B60: ='#30'!G117 -> 84 | C60: ='#30'!I117 -> 83 | D60: ='#30'!K117 -> 59 | E60: =SUM(B60:D60) -> 226 | G60: ='#30'!H117 -> 5590 | H60: ='#30'!J117 -> 5690 | I60: ='#30'!L117 -> 4060 | J60: =SUM(G60:I60) -> 15340 | K60: =J60/E60 -> 67.876106 | M60: =G60/B60/Max!B3 -> 0.66547619 | N60: =H60/C60/Max!B4 -> 0.68554217 | O60: =I60/D60/Max!B5 -> 0.68813559 | U60: 60-69 | V60: ='#30'!$N$62 -> 26 | W60: ='#30'!$N$117 -> 17 | X60: ='#30'!$N$171 -> 18 | Y60: ='#30'!$N$222 -> 12 | Z60: ='#30'!$N$225 -> 73 | AA60: 60-69 | AB60: ='#30'!$S$62 -> 22 | AC60: ='#30'!$S$117 -> 17 | AD60: ='#30'!$S$171 -> 18 | AE60: ='#30'!$S$222 -> 15 | AF60: ='#30'!$S$225 -> 72 | AG60: 60-69 | AH60: ='#30'!$X$62 -> 13 | AI60: ='#30'!$X$117 -> 12 | AJ60: ='#30'!$X$171 -> 9 | AK60: ='#30'!$X$222 -> 4 | AL60: ='#30'!$X$225 -> 38 | AN60: Bench | AO60: =AB64/(V64+AB64+AH64) -> 0.38305085 | AP60: =AC64/(W64+AC64+AI64) -> 0.36725664 | AQ60: =AD64/(X64+AD64+AJ64) -> 0.4028777 | AR60: =AE64/(Y64+AE64+AK64) -> 0.42631579 | AS60: =AF64/(Z64+AF64+AL64) -> 0.39332659
A61: 3 | B61: ='#30'!G171 -> 106 | C61: ='#30'!I171 -> 112 | D61: ='#30'!K171 -> 60 | E61: =SUM(B61:D61) -> 278 | G61: ='#30'!H171 -> 7190 | H61: ='#30'!J171 -> 7670 | I61: ='#30'!L171 -> 4525 | J61: =SUM(G61:I61) -> 19385 | K61: =J61/E61 -> 69.730216 | M61: =G61/B61/Max!B3 -> 0.67830189 | N61: =H61/C61/Max!B4 -> 0.68482143 | O61: =I61/D61/Max!B5 -> 0.75416667 | U61: 70-79 | V61: ='#30'!$O$62 -> 43 | W61: ='#30'!$O$117 -> 37 | X61: ='#30'!$O$171 -> 36 | Y61: ='#30'!$O$222 -> 18 | Z61: ='#30'!$O$225 -> 134 | AA61: 70-79 | AB61: ='#30'!$T$62 -> 26 | AC61: ='#30'!$T$117 -> 24 | AD61: ='#30'!$T$171 -> 33 | AE61: ='#30'!$T$222 -> 25 | AF61: ='#30'!$T$225 -> 108 | AG61: 70-79 | AH61: ='#30'!$Y$62 -> 14 | AI61: ='#30'!$Y$117 -> 24 | AJ61: ='#30'!$Y$171 -> 16 | AK61: ='#30'!$Y$222 -> 6 | AL61: ='#30'!$Y$225 -> 60 | AN61: Deadlift | AO61: =AH64/(AH64+AB64+V64) -> 0.21355932 | AP61: =AI64/(AI64+AC64+W64) -> 0.26106195 | AQ61: =AJ64/(AJ64+AD64+X64) -> 0.21582734 | AR61: =AK64/(AK64+AE64+Y64) -> 0.13684211 | AS61: =AL64/(AL64+AF64+Z64) -> 0.21031345
A62: 4 | B62: ='#30'!G222 -> 83 | C62: ='#30'!I222 -> 81 | D62: ='#30'!K222 -> 26 | E62: =SUM(B62:D62) -> 190 | G62: ='#30'!H222 -> 5810 | H62: ='#30'!J222 -> 5640 | I62: ='#30'!L222 -> 1850 | J62: =SUM(G62:I62) -> 13300 | K62: =J62/E62 -> 70 | M62: =G62/B62/Max!B3 -> 0.7 | N62: =H62/C62/Max!B4 -> 0.6962963 | O62: =I62/D62/Max!B5 -> 0.71153846 | U62: 80-89 | V62: ='#30'!$P$62 -> 30 | W62: ='#30'!$P$117 -> 12 | X62: ='#30'!$P$171 -> 36 | Y62: ='#30'!$P$222 -> 36 | Z62: ='#30'!$P$225 -> 114 | AA62: 80-89 | AB62: ='#30'!$U$62 -> 38 | AC62: ='#30'!$U$117 -> 21 | AD62: ='#30'!$U$171 -> 40 | AE62: ='#30'!$U$222 -> 24 | AF62: ='#30'!$U$225 -> 123 | AG62: 80-89 | AH62: ='#30'!$Z$62 -> 24 | AI62: ='#30'!$Z$117 -> 15 | AJ62: ='#30'!$Z$171 -> 31 | AK62: ='#30'!$Z$222 -> 12 | AL62: ='#30'!$Z$225 -> 82
A63: Total | B63: ='#30'!G225 -> 392 | C63: ='#30'!I225 -> 389 | D63: ='#30'!K225 -> 208 | E63: =SUM(B63:D63) -> 989 | G63: =SUM(G58:G62) -> 26680 | H63: =SUM(H58:H62) -> 26550 | I63: =SUM(I58:I62) -> 15035 | J63: =SUM(J58:J62) -> 68265 | K63: =J63/E63 -> 69.024267 | M63: =G63/B63/Max!B3 -> 0.68061224 | N63: =H63/C63/Max!B4 -> 0.68251928 | O63: =I63/D63/Max!B5 -> 0.72283654 | U63: 90+ | V63: 0 | W63: ='#30'!$Q$117 -> 3 | X63: 0 | Y63: ='#30'!$Q$222 -> 2 | Z63: ='#30'!$Q$225 -> 5 | AA63: 90+ | AB63: 0 | AC63: 0 | AD63: 0 | AE63: 0 | AF63: ='#30'!$V$225 -> 0 | AG63: 90+ | AH63: ='#30'!$AA$62 -> 8 | AI63: 0 | AJ63: 0 | AK63: 0 | AL63: ='#30'!$AA$225 -> 8
U64: NL | V64: =SUM(V59:V63) -> 119 | W64: =SUM(W59:W63) -> 84 | X64: =SUM(X59:X63) -> 106 | Y64: =SUM(Y59:Y63) -> 83 | Z64: =SUM(Z59:Z63) -> 392 | AA64: NL | AB64: =SUM(AB59:AB63) -> 113 | AC64: =SUM(AC59:AC63) -> 83 | AD64: =SUM(AD59:AD63) -> 112 | AE64: =SUM(AE59:AE63) -> 81 | AF64: =SUM(AF59:AF63) -> 389 | AG64: NL | AH64: =SUM(AH59:AH63) -> 63 | AI64: =SUM(AI59:AI63) -> 59 | AJ64: =SUM(AJ59:AJ63) -> 60 | AK64: =SUM(AK59:AK63) -> 26 | AL64: =SUM(AL59:AL63) -> 208
U88: Squat | AA88: Bench | AG88: Deadlift
A89: #32 | B89: Squat | C89: Bench | D89: Dead | E89: NL | G89: Squat | H89: Bench | I89: Dead | K89: Avg Wt. | M89: Squat | N89: Bench | O89: Dead | U89: % | V89: Week 1 | W89: Week 2 | X89: Week 3 | Y89: Week 4 | Z89: Month | AA89: % | AB89: Week 1 | AC89: Week 2 | AD89: Week 3 | AE89: Week 4 | AF89: Month | AG89: % | AH89: Week 1 | AI89: Week 2 | AJ89: Week 3 | AK89: Week 4 | AL89: Month | AN89: % of Lifts | AO89: Week 1 | AP89: Week 2 | AQ89: Week 3 | AR89: Week 4 | AS89: Month
A90: 1 | B90: ='#32'!G48 -> 59 | C90: ='#32'!I48 -> 60 | D90: ='#32'!K48 -> 13 | E90: =SUM(B90:D90) -> 132 | G90: ='#32'!H48 -> 3970 | H90: ='#32'!J48 -> 4165 | I90: ='#32'!L48 -> 920 | J90: =SUM(G90:I90) -> 9055 | K90: =J90/E90 -> 68.598485 | M90: =G90/B90/Max!B3 -> 0.67288136 | N90: =H90/C90/Max!B4 -> 0.69416667 | O90: =I90/D90/Max!B5 -> 0.70769231 | U90: 50-59 | V90: ='#32'!$M$48 -> 9 | W90: ='#32'!$M$95 -> 9 | X90: ='#32'!$M$132 -> 6 | Y90: ='#32'!$M$154 -> 3 | Z90: ='#32'!$M$156 -> 27 | AA90: 50-59 | AB90: ='#32'!$R$48 -> 9 | AC90: ='#32'!$R$95 -> 13 | AD90: ='#32'!$R$132 -> 9 | AE90: ='#32'!$R$154 -> 6 | AF90: ='#32'!$R$156 -> 37 | AG90: 50-59 | AH90: ='#32'!$W$48 -> 3 | AI90: ='#32'!$W$95 -> 6 | AJ90: ='#32'!$W$132 -> 3 | AK90: ='#32'!$W$154 -> 3 | AL90: ='#32'!$W$156 -> 15 | AN90: Squat | AO90: =V95/(V95+AB95+AH95) -> 0.4469697 | AP90: =W95/(W95+AC95+AI95) -> 0.35 | AQ90: =X95/(X95+AD95+AJ95) -> 0.31782946 | AR90: =Y95/(Y95+AE95+AK95) -> 0.24193548 | AS90: =Z95/(Z95+AF95+AL95) -> 0.35359116
A91: 2 | B91: ='#32'!G95 -> 77 | C91: ='#32'!I95 -> 102 | D91: ='#32'!K95 -> 41 | E91: =SUM(B91:D91) -> 220 | G91: ='#32'!H95 -> 5395 | H91: ='#32'!J95 -> 7200 | I91: ='#32'!L95 -> 2810 | J91: =SUM(G91:I91) -> 15405 | K91: =J91/E91 -> 70.022727 | M91: =G91/B91/Max!B3 -> 0.70064935 | N91: =H91/C91/Max!B4 -> 0.70588235 | O91: =I91/D91/Max!B5 -> 0.68536585 | U91: 60-69 | V91: ='#32'!$N$48 -> 15 | W91: ='#32'!$N$95 -> 18 | X91: ='#32'!$N$132 -> 9 | Y91: ='#32'!$N$154 -> 6 | Z91: ='#32'!$N$156 -> 48 | AA91: 60-69 | AB91: ='#32'!$S$48 -> 12 | AC91: ='#32'!$S$95 -> 13 | AD91: ='#32'!$S$132 -> 9 | AE91: ='#32'!$S$154 -> 12 | AF91: ='#32'!$S$156 -> 46 | AG91: 60-69 | AH91: ='#32'!$X$48 -> 2 | AI91: ='#32'!$X$95 -> 11 | AJ91: ='#32'!$X$132 -> 6 | AK91: ='#32'!$X$154 -> 4 | AL91: ='#32'!$X$156 -> 23 | AN91: Bench | AO91: =AB95/(V95+AB95+AH95) -> 0.45454545 | AP91: =AC95/(W95+AC95+AI95) -> 0.46363636 | AQ91: =AD95/(X95+AD95+AJ95) -> 0.48837209 | AR91: =AE95/(Y95+AE95+AK95) -> 0.51612903 | AS91: =AF95/(Z95+AF95+AL95) -> 0.4732965
A92: 3 | B92: ='#32'!G132 -> 41 | C92: ='#32'!I132 -> 63 | D92: ='#32'!K132 -> 25 | E92: =SUM(B92:D92) -> 129 | G92: ='#32'!H132 -> 2790 | H92: ='#32'!J132 -> 4385 | I92: ='#32'!L132 -> 1680 | J92: =SUM(G92:I92) -> 8855 | K92: =J92/E92 -> 68.643411 | M92: =G92/B92/Max!B3 -> 0.6804878 | N92: =H92/C92/Max!B4 -> 0.69603175 | O92: =I92/D92/Max!B5 -> 0.672 | U92: 70-79 | V92: ='#32'!$O$48 -> 30 | W92: ='#32'!$O$95 -> 24 | X92: ='#32'!$O$132 -> 16 | Y92: ='#32'!$O$154 -> 6 | Z92: ='#32'!$O$156 -> 76 | AA92: 70-79 | AB92: ='#32'!$T$48 -> 34 | AC92: ='#32'!$T$95 -> 34 | AD92: ='#32'!$T$132 -> 26 | AE92: ='#32'!$T$154 -> 14 | AF92: ='#32'!$T$156 -> 108 | AG92: 70-79 | AH92: ='#32'!$Y$48 -> 4 | AI92: ='#32'!$Y$95 -> 9 | AJ92: ='#32'!$Y$132 -> 16 | AK92: ='#32'!$Y$154 -> 8 | AL92: ='#32'!$Y$156 -> 37 | AN92: Deadlift | AO92: =AH95/(AH95+AB95+V95) -> 0.098484848 | AP92: =AI95/(AI95+AC95+W95) -> 0.18636364 | AQ92: =AJ95/(AJ95+AD95+X95) -> 0.19379845 | AR92: =AK95/(AK95+AE95+Y95) -> 0.24193548 | AS92: =AL95/(AL95+AF95+Z95) -> 0.17311234
A93: 4 | B93: ='#32'!G154 -> 15 | C93: ='#32'!I154 -> 32 | D93: ='#32'!K154 -> 15 | E93: =SUM(B93:D93) -> 62 | G93: ='#32'!H154 -> 930 | H93: ='#32'!J154 -> 2020 | I93: ='#32'!L154 -> 950 | J93: =SUM(G93:I93) -> 3900 | K93: =J93/E93 -> 62.903226 | M93: =G93/B93/Max!B3 -> 0.62 | N93: =H93/C93/Max!B4 -> 0.63125 | O93: =I93/D93/Max!B5 -> 0.63333333 | U93: 80-89 | V93: ='#32'!$P$48 -> 2 | W93: ='#32'!$P$95 -> 26 | X93: ='#32'!$P$132 -> 10 | Y93: 0 | Z93: ='#32'!$P$156 -> 38 | AA93: 80-89 | AB93: ='#32'!$U$48 -> 2 | AC93: ='#32'!$U$95 -> 42 | AD93: ='#32'!$U$132 -> 19 | AE93: 0 | AF93: ='#32'!$U$156 -> 63 | AG93: 80-89 | AH93: ='#32'!$Z$48 -> 1 | AI93: ='#32'!$Z$95 -> 15 | AJ93: 0 | AK93: 0 | AL93: ='#32'!$Z$156 -> 16
A94: Total | B94: ='#32'!G156 -> 192 | C94: ='#32'!I156 -> 257 | D94: ='#32'!K156 -> 94 | E94: =SUM(B94:D94) -> 543 | G94: =SUM(G89:G93) -> 13085 | H94: =SUM(H89:H93) -> 17770 | I94: =SUM(I89:I93) -> 6360 | J94: =SUM(J89:J93) -> 37215 | K94: =J94/E94 -> 68.535912 | M94: =G94/B94/Max!B3 -> 0.68151042 | N94: =H94/C94/Max!B4 -> 0.69143969 | O94: =I94/D94/Max!B5 -> 0.67659574 | U94: 90+ | V94: ='#32'!$Q$48 -> 3 | W94: 0 | X94: 0 | Y94: 0 | Z94: ='#32'!$Q$156 -> 3 | AA94: 90+ | AB94: ='#32'!$V$48 -> 3 | AC94: 0 | AD94: 0 | AE94: 0 | AF94: ='#32'!$V$156 -> 3 | AG94: 90+ | AH94: ='#32'!$AA$48 -> 3 | AI94: 0 | AJ94: 0 | AK94: 0 | AL94: ='#32'!$AA$156 -> 3
U95: NL | V95: =SUM(V90:V94) -> 59 | W95: =SUM(W90:W94) -> 77 | X95: =SUM(X90:X94) -> 41 | Y95: =SUM(Y90:Y94) -> 15 | Z95: =SUM(Z90:Z94) -> 192 | AA95: NL | AB95: =SUM(AB90:AB94) -> 60 | AC95: =SUM(AC90:AC94) -> 102 | AD95: =SUM(AD90:AD94) -> 63 | AE95: =SUM(AE90:AE94) -> 32 | AF95: =SUM(AF90:AF94) -> 257 | AG95: NL | AH95: =SUM(AH90:AH94) -> 13 | AI95: =SUM(AI90:AI94) -> 41 | AJ95: =SUM(AJ90:AJ94) -> 25 | AK95: =SUM(AK90:AK94) -> 15 | AL95: =SUM(AL90:AL94) -> 94
U96: Avg. Int. | V96: =M90 -> 0.67288136 | W96: =M91 -> 0.70064935 | X96: =M92 -> 0.6804878 | Y96: =M93 -> 0.62 | Z96: =M94 -> 0.68151042 | AA96: Avg. Int. | AB96: =N90 -> 0.69416667 | AC96: =N91 -> 0.70588235 | AD96: =N92 -> 0.69603175 | AE96: =N93 -> 0.63125 | AF96: =N94 -> 0.69143969 | AG96: Avg. Int. | AH96: =O90 -> 0.70769231 | AI96: =O91 -> 0.68536585 | AJ96: =O92 -> 0.672 | AK96: =O93 -> 0.63333333 | AL96: =O94 -> 0.67659574
