Workbook

Sheet 1RM
E1: Made by ChaseT 2008.05.09
C2: Kilos
B3: Peso corporal | C3: =IF('1RM'!C2="Kilos", 105,IF('1RM'!C2="Pounds",(105*2.20462))) -> 105 | D3: INTRODUCE 1RM (Se conservador y no estimes al alza):
B4: Sentadilla | C4: =IF('1RM'!C2="Kilos", D4,IF('1RM'!C2="Pounds",(D4*2.20462))) -> 100 | D4: 100
B5: Press de banca | C5: =IF('1RM'!C2="Kilos", D5,IF('1RM'!C2="Pounds",(D5*2.20462))) -> 100 | D5: 100
B6: Peso muerto | C6: =IF('1RM'!C2="Kilos", D6,IF('1RM'!C2="Pounds",(D6*2.20462))) -> 100 | D6: 100
B7: Total | C7: =SUM(C4:C6) -> 300 | D7: =SUM(D4:D6) -> 300
B13: WWW.BIBLIOTECADERUTINAS.COM

Sheet Graficos
A1: Volume Calculations
C6: These graphs show you volume vs intensity | U6: These graphs show the type of loading | AT6: These graphs show the focus of the loading
B10: Adaptation
G28: Poundage | U28: Sentadilla | AC28: Press de banca | AK28: Peso muerto
A29: 4 Dia Prep | B29: Sentadilla | C29: Press de banca | D29: Dead | E29: NL | G29: Sentadilla | H29: Press de banca | I29: Dead | K29: Avg Wt. | L29: Avg % | M29: Sentadilla | N29: Press de banca | O29: Dead | U29: % | V29: Semana 1 | W29: Semana 2 | X29: Semana 3 | Y29: Semana 4 | Z29: Month | AC29: % | AD29: Semana 1 | AE29: Semana 2 | AF29: Semana 3 | AG29: Semana 4 | AH29: Month | AK29: % | AL29: Semana 1 | AM29: Semana 2 | AN29: Semana 3 | AO29: Semana 4 | AP29: Month | AT29: % of Lifts | AU29: Semana 1 | AV29: Semana 2 | AW29: Semana 3 | AX29: Semana 4 | AY29: Month
A30: Wk1 | B30: ='[1]4 Dia Prep (1)'!G64 -> #REF! | C30: ='[1]4 Dia Prep (1)'!I64 -> #REF! | D30: ='[1]4 Dia Prep (1)'!K64 -> #REF! | E30: =SUM(B30:D30) -> #REF! | G30: ='Ciclo 1'!H64 -> 3010 | H30: ='Ciclo 1'!J64 -> 7140 | I30: ='Ciclo 1'!L64 -> 4080 | J30: =SUM(G30:I30) -> 14230 | K30: =J30/E30 -> #REF! | L30: =K30/SUM('1RM'!$C$4:$C$6) -> #REF! | M30: =G30/B30/'1RM'!C4 -> #REF! | N30: =H30/C30/'1RM'!C5 -> #REF! | O30: =I30/D30/'1RM'!C6 -> #REF! | U30: 50-59 | V30: ='Ciclo 1'!$M$64 -> 6 | W30: ='Ciclo 1'!$M$117 -> 5 | X30: ='Ciclo 1'!$M$185 -> 8 | Y30: ='Ciclo 1'!$M$254 -> 8 | Z30: =SUM(V30:Y30) -> 27 | AC30: 50-59 | AD30: ='Ciclo 1'!$R$64 -> 15 | AE30: ='Ciclo 1'!$R$117 -> 12 | AF30: ='Ciclo 1'!$R$185 -> 21 | AG30: ='Ciclo 1'!$R$254 -> 19 | AH30: =SUM(AD30:AG30) -> 67 | AK30: 50-59 | AL30: ='Ciclo 1'!$W$64 -> 12 | AM30: ='Ciclo 1'!$W$117 -> 6 | AN30: ='Ciclo 1'!$W$185 -> 9 | AO30: ='Ciclo 1'!$W$254 -> 9 | AP30: =SUM(AL30:AO30) -> 36 | AT30: Sentadilla | AU30: =V35/(V35+AD35+AL35) -> 0.16666667 | AV30: =W35/(W35+AE35+AM35) -> 0.19230769 | AW30: =X35/(X35+AF35+AN35) -> 0.19047619 | AX30: =Y35/(Y35+AG35+AO35) -> 0.19047619 | AY30: =Z35/(Z35+AH35+AP35) -> 0.18493151
A31: Wk2 | B31: ='Ciclo 1'!G117 -> 59 | C31: ='Ciclo 1'!I117 -> 108 | D31: ='Ciclo 1'!K117 -> 32 | E31: =SUM(B31:D31) -> 199 | G31: ='Ciclo 1'!H117 -> 3605 | H31: ='Ciclo 1'!J117 -> 7380 | I31: ='Ciclo 1'!L117 -> 2125 | J31: =SUM(G31:I31) -> 13110 | K31: =J31/E31 -> 65.879397 | L31: =K31/SUM('1RM'!$C$4:$C$6) -> 0.21959799 | M31: =G31/B31/'1RM'!C4 -> 0.61101695 | N31: =H31/C31/'1RM'!C5 -> 0.68333333 | O31: =I31/D31/'1RM'!C6 -> 0.6640625 | U31: 60-69 | V31: ='Ciclo 1'!$N$64 -> 0 | W31: ='Ciclo 1'!$N$117 -> 0 | X31: ='Ciclo 1'!$N$185 -> 0 | Y31: ='Ciclo 1'!$N$254 -> 0 | Z31: =SUM(V31:Y31) -> 0 | AC31: 60-69 | AD31: ='Ciclo 1'!$S$64 -> 3 | AE31: ='Ciclo 1'!$S$117 -> 3 | AF31: ='Ciclo 1'!$S$185 -> 0 | AG31: ='Ciclo 1'!$S$254 -> 3 | AH31: =SUM(AD31:AG31) -> 9 | AK31: 60-69 | AL31: ='Ciclo 1'!$X$64 -> 0 | AM31: ='Ciclo 1'!$X$117 -> 0 | AN31: ='Ciclo 1'!$X$185 -> 4 | AO31: ='Ciclo 1'!$X$254 -> 3 | AP31: =SUM(AL31:AO31) -> 7 | AT31: Press de banca | AU31: =AD35/(V35+AD35+AL35) -> 0.5 | AV31: =AE35/(W35+AE35+AM35) -> 0.57692308 | AW31: =AF35/(X35+AF35+AN35) -> 0.5 | AX31: =AG35/(Y35+AG35+AO35) -> 0.52380952 | AY31: =AH35/(Z35+AH35+AP35) -> 0.52054795
A32: Wk3 | B32: ='Ciclo 1'!G185 -> 71 | C32: ='Ciclo 1'!I185 -> 139 | D32: ='Ciclo 1'!K185 -> 75 | E32: =SUM(B32:D32) -> 285 | G32: ='Ciclo 1'!H185 -> 4695 | H32: ='Ciclo 1'!J185 -> 9265 | I32: ='Ciclo 1'!L185 -> 5220 | J32: =SUM(G32:I32) -> 19180 | K32: =J32/E32 -> 67.298246 | L32: =K32/SUM('1RM'!$C$4:$C$6) -> 0.22432749 | M32: =G32/B32/'1RM'!C4 -> 0.66126761 | N32: =H32/C32/'1RM'!C5 -> 0.66654676 | O32: =I32/D32/'1RM'!C6 -> 0.696 | U32: 70-79 | V32: ='Ciclo 1'!$O$64 -> 0 | W32: ='Ciclo 1'!$O$117 -> 0 | X32: ='Ciclo 1'!$O$185 -> 0 | Y32: ='Ciclo 1'!$O$254 -> 0 | Z32: =SUM(V32:Y32) -> 0 | AC32: 70-79 | AD32: ='Ciclo 1'!$T$64 -> 0 | AE32: ='Ciclo 1'!$T$117 -> 0 | AF32: ='Ciclo 1'!$T$185 -> 0 | AG32: ='Ciclo 1'!$T$254 -> 0 | AH32: =SUM(AD32:AG32) -> 0 | AK32: 70-79 | AL32: ='Ciclo 1'!$Y$64 -> 0 | AM32: ='Ciclo 1'!$Y$117 -> 0 | AN32: ='Ciclo 1'!$Y$185 -> 0 | AO32: ='Ciclo 1'!$Y$254 -> 0 | AP32: =SUM(AL32:AO32) -> 0 | AT32: Peso muerto | AU32: =AL35/(AL35+AD35+V35) -> 0.33333333 | AV32: =AM35/(AM35+AE35+W35) -> 0.23076923 | AW32: =AN35/(AN35+AF35+X35) -> 0.30952381 | AX32: =AO35/(AO35+AG35+Y35) -> 0.28571429 | AY32: =AP35/(AP35+AH35+Z35) -> 0.29452055
A33: Wk4 | B33: ='Ciclo 1'!G254 -> 74 | C33: ='Ciclo 1'!I254 -> 135 | D33: ='Ciclo 1'!K254 -> 65 | E33: =SUM(B33:D33) -> 274 | G33: ='Ciclo 1'!H254 -> 4850 | H33: ='Ciclo 1'!J254 -> 9425 | I33: ='Ciclo 1'!L254 -> 4530 | J33: =SUM(G33:I33) -> 18805 | K33: =J33/E33 -> 68.631387 | L33: =K33/SUM('1RM'!$C$4:$C$6) -> 0.22877129 | M33: =G33/B33/'1RM'!C4 -> 0.65540541 | N33: =H33/C33/'1RM'!C5 -> 0.69814815 | O33: =I33/D33/'1RM'!C6 -> 0.69692308 | U33: 80-89 | V33: ='Ciclo 1'!$P$64 -> 0 | W33: ='Ciclo 1'!$P$117 -> 0 | X33: ='Ciclo 1'!$P$185 -> 0 | Y33: ='Ciclo 1'!$P$254 -> 0 | Z33: =SUM(V33:Y33) -> 0 | AC33: 80-89 | AD33: ='Ciclo 1'!$U$64 -> 0 | AE33: ='Ciclo 1'!$U$117 -> 0 | AF33: ='Ciclo 1'!$U$185 -> 0 | AG33: ='Ciclo 1'!$U$254 -> 0 | AH33: =SUM(AD33:AG33) -> 0 | AK33: 80-89 | AL33: ='Ciclo 1'!$Z$64 -> 0 | AM33: ='Ciclo 1'!$Z$117 -> 0 | AN33: ='Ciclo 1'!$Z$185 -> 0 | AO33: ='Ciclo 1'!$Z$254 -> 0 | AP33: =SUM(AL33:AO33) -> 0
A34: Total | B34: =SUM(B30:B33) -> #REF! | C34: =SUM(C30:C33) -> #REF! | D34: =SUM(D30:D33) -> #REF! | E34: =SUM(E30:E33) -> #REF! | G34: =SUM(G30:G33) -> 16160 | H34: =SUM(H30:H33) -> 33210 | I34: =SUM(I30:I33) -> 15955 | J34: =SUM(J30:J33) -> 65325 | K34: =J34/E34 -> #REF! | L34: =K34/SUM('1RM'!$C$4:$C$6) -> #REF! | M34: =G34/B34/'1RM'!C4 -> #REF! | N34: =H34/C34/'1RM'!C5 -> #REF! | O34: =I34/D34/'1RM'!C6 -> #REF! | U34: 90+ | V34: ='Ciclo 1'!$Q$64 -> 0 | W34: ='Ciclo 1'!$Q$117 -> 0 | X34: ='Ciclo 1'!$Q$185 -> 0 | Y34: ='Ciclo 1'!$Q$254 -> 0 | Z34: =SUM(V34:Y34) -> 0 | AC34: 90+ | AD34: ='Ciclo 1'!$V$64 -> 0 | AE34: ='Ciclo 1'!$V$117 -> 0 | AF34: ='Ciclo 1'!$V$185 -> 0 | AG34: ='Ciclo 1'!$V$254 -> 0 | AH34: =SUM(AD34:AG34) -> 0 | AK34: 90+ | AL34: ='Ciclo 1'!$AA$64 -> 0 | AM34: ='Ciclo 1'!$AA$117 -> 0 | AN34: ='Ciclo 1'!$AA$185 -> 0 | AO34: ='Ciclo 1'!$AA$254 -> 0 | AP34: =SUM(AL34:AO34) -> 0
U35: NL | V35: =SUM(V30:V34) -> 6 | W35: =SUM(W30:W34) -> 5 | X35: =SUM(X30:X34) -> 8 | Y35: =SUM(Y30:Y34) -> 8 | Z35: =SUM(V35:Y35) -> 27 | AC35: NL | AD35: =SUM(AD30:AD34) -> 18 | AE35: =SUM(AE30:AE34) -> 15 | AF35: =SUM(AF30:AF34) -> 21 | AG35: =SUM(AG30:AG34) -> 22 | AH35: =SUM(AD35:AG35) -> 76 | AK35: NL | AL35: =SUM(AL30:AL34) -> 12 | AM35: =SUM(AM30:AM34) -> 6 | AN35: =SUM(AN30:AN34) -> 13 | AO35: =SUM(AO30:AO34) -> 12 | AP35: =SUM(AL35:AO35) -> 43
U36: Avg. Int. | V36: =M30 -> #REF! | W36: =M31 -> 0.61101695 | X36: =M32 -> 0.66126761 | Y36: =M33 -> 0.65540541 | Z36: =M34 -> #REF! | AC36: Avg. Int. | AD36: =N30 -> #REF! | AE36: =N31 -> 0.68333333 | AF36: =N32 -> 0.66654676 | AG36: =N33 -> 0.69814815 | AH36: =N34 -> #REF! | AK36: Avg. Int. | AL36: =O30 -> #REF! | AM36: =O31 -> 0.6640625 | AN36: =O32 -> 0.696 | AO36: =O33 -> 0.69692308 | AP36: =O34 -> #REF!
B40: Accumulation
G58: Poundage | U58: Sentadilla | AC58: Press de banca | AK58: Peso muerto
A59: 4 Dia Prep2 | B59: Sentadilla | C59: Press de banca | D59: Dead | E59: NL | G59: Sentadilla | H59: Press de banca | I59: Dead | K59: Avg Wt. | L59: Avg % | M59: Sentadilla | N59: Press de banca | O59: Dead | U59: % | V59: Semana 1 | W59: Semana 2 | X59: Semana 3 | Y59: Semana 4 | Z59: Semana 5 | AA59: Semana 6 | AB59: Cycle | AC59: % | AD59: Semana 1 | AE59: Semana 2 | AF59: Semana 3 | AG59: Semana 4 | AH59: Semana 5 | AI59: Semana 6 | AJ59: Cycle | AK59: % | AL59: Semana 1 | AM59: Semana 2 | AN59: Semana 3 | AO59: Semana 4 | AP59: Semana 5 | AQ59: Semana 6 | AR59: Cycle | AT59: % of Lifts | AU59: Semana 1 | AV59: Semana 2 | AW59: Semana 3 | AX59: Semana 4 | AY59: Semana 5 | AZ59: Semana 6 | BA59: Cycle
A60: Wk1 | B60: ='Ciclo 2'!G66 -> 81 | C60: ='Ciclo 2'!I66 -> 127 | D60: ='Ciclo 2'!K66 -> 59 | E60: =SUM(B60:D60) -> 267 | G60: ='Ciclo 2'!H66 -> 5580 | H60: ='Ciclo 2'!J66 -> 8940 | I60: ='Ciclo 2'!L66 -> 4415 | J60: =SUM(G60:I60) -> 18935 | K60: =J60/E60 -> 70.917603 | L60: =K60/SUM('1RM'!$C$4:$C$6) -> 0.23639201 | M60: =G60/B60/'1RM'!C4 -> 0.68888889 | N60: =H60/C60/'1RM'!C5 -> 0.70393701 | O60: =I60/D60/'1RM'!C6 -> 0.74830508 | U60: 50-59 | V60: ='Ciclo 2'!$M$66 -> 10 | W60: ='Ciclo 2'!$M$124 -> 13 | X60: ='Ciclo 2'!$M$186 -> 14 | Y60: ='Ciclo 2'!$M$247 -> 10 | Z60: ='Ciclo 2'!$M$319 -> 14 | AA60: ='Ciclo 2'!$M$383 -> 15 | AB60: =SUM(V60:AA60) -> 76 | AC60: 50-59 | AD60: ='Ciclo 2'!$R$66 -> 17 | AE60: ='Ciclo 2'!$R$124 -> 18 | AF60: ='Ciclo 2'!$R$186 -> 21 | AG60: ='Ciclo 2'!$R$247 -> 16 | AH60: ='Ciclo 2'!$R$319 -> 35 | AI60: ='Ciclo 2'!$R$383 -> 19 | AJ60: =SUM(AD60:AI60) -> 126 | AK60: 50-59 | AL60: ='Ciclo 2'!$W$66 -> 3 | AM60: ='Ciclo 2'!$W$124 -> 9 | AN60: ='Ciclo 2'!$W$186 -> 6 | AO60: ='Ciclo 2'!$W$247 -> 9 | AP60: ='Ciclo 2'!$W$319 -> 14 | AQ60: ='Ciclo 2'!$W$383 -> 13 | AR60: =SUM(AL60:AQ60) -> 54 | AT60: Sentadilla | AU60: =V65/(V65+AD65+AL65) -> 0.30337079 | AV60: =W65/(W65+AE65+AM65) -> 0.31799163 | AW60: =X65/(X65+AF65+AN65) -> 0.38782051 | AX60: =Y65/(Y65+AG65+AO65) -> 0.30396476 | AY60: =Z65/(Z65+AH65+AP65) -> 0.32590529 | AZ60: =AA65/(AA65+AI65+AQ65) -> 0.27762803 | BA60: =AB65/(AB65+AJ65+AR65) -> 0.31943662
A61: Wk2 | B61: ='Ciclo 2'!G124 -> 76 | C61: ='Ciclo 2'!I124 -> 115 | D61: ='Ciclo 2'!K124 -> 48 | E61: =SUM(B61:D61) -> 239 | G61: ='Ciclo 2'!H124 -> 5480 | H61: ='Ciclo 2'!J124 -> 8325 | I61: ='Ciclo 2'!L124 -> 3170 | J61: =SUM(G61:I61) -> 16975 | K61: =J61/E61 -> 71.025105 | L61: =K61/SUM('1RM'!$C$4:$C$6) -> 0.23675035 | M61: =G61/B61/'1RM'!C4 -> 0.72105263 | N61: =H61/C61/'1RM'!C5 -> 0.72391304 | O61: =I61/D61/'1RM'!C6 -> 0.66041667 | U61: 60-69 | V61: ='Ciclo 2'!$N$66 -> 9 | W61: ='Ciclo 2'!$N$124 -> 11 | X61: ='Ciclo 2'!$N$186 -> 13 | Y61: ='Ciclo 2'!$N$247 -> 8 | Z61: ='Ciclo 2'!$N$319 -> 13 | AA61: ='Ciclo 2'!$N$383 -> 13 | AB61: =SUM(V61:AA61) -> 67 | AC61: 60-69 | AD61: ='Ciclo 2'!$S$66 -> 18 | AE61: ='Ciclo 2'!$S$124 -> 15 | AF61: ='Ciclo 2'!$S$186 -> 19 | AG61: ='Ciclo 2'!$S$247 -> 14 | AH61: ='Ciclo 2'!$S$319 -> 28 | AI61: ='Ciclo 2'!$S$383 -> 17 | AJ61: =SUM(AD61:AI61) -> 111 | AK61: 60-69 | AL61: ='Ciclo 2'!$X$66 -> 9 | AM61: ='Ciclo 2'!$X$124 -> 9 | AN61: ='Ciclo 2'!$X$186 -> 7 | AO61: ='Ciclo 2'!$X$247 -> 12 | AP61: ='Ciclo 2'!$X$319 -> 14 | AQ61: ='Ciclo 2'!$X$383 -> 19 | AR61: =SUM(AL61:AQ61) -> 70 | AT61: Press de banca | AU61: =AD65/(V65+AD65+AL65) -> 0.47565543 | AV61: =AE65/(W65+AE65+AM65) -> 0.48117155 | AW61: =AF65/(X65+AF65+AN65) -> 0.43269231 | AX61: =AG65/(Y65+AG65+AO65) -> 0.45374449 | AY61: =AH65/(Z65+AH65+AP65) -> 0.42339833 | AZ61: =AI65/(AA65+AI65+AQ65) -> 0.47978437 | BA61: =AJ65/(AB65+AJ65+AR65) -> 0.45633803
A62: Wk3 | B62: ='Ciclo 2'!G186 -> 121 | C62: ='Ciclo 2'!I186 -> 135 | D62: ='Ciclo 2'!K186 -> 59 | E62: =SUM(B62:D62) -> 315 | G62: ='Ciclo 2'!H186 -> 8260 | H62: ='Ciclo 2'!J186 -> 9335 | I62: ='Ciclo 2'!L186 -> 4130 | J62: =SUM(G62:I62) -> 21725 | K62: =J62/E62 -> 68.968254 | L62: =K62/SUM('1RM'!$C$4:$C$6) -> 0.22989418 | M62: =G62/B62/'1RM'!C4 -> 0.68264463 | N62: =H62/C62/'1RM'!C5 -> 0.69148148 | O62: =I62/D62/'1RM'!C6 -> 0.7 | U62: 70-79 | V62: ='Ciclo 2'!$O$66 -> 42 | W62: ='Ciclo 2'!$O$124 -> 9 | X62: ='Ciclo 2'!$O$186 -> 74 | Y62: ='Ciclo 2'!$O$247 -> 6 | Z62: ='Ciclo 2'!$O$319 -> 90 | AA62: ='Ciclo 2'!$O$383 -> 30 | AB62: =SUM(V62:AA62) -> 251 | AC62: 70-79 | AD62: ='Ciclo 2'!$T$66 -> 52 | AE62: ='Ciclo 2'!$T$124 -> 25 | AF62: ='Ciclo 2'!$T$186 -> 57 | AG62: ='Ciclo 2'!$T$247 -> 12 | AH62: ='Ciclo 2'!$T$319 -> 36 | AI62: ='Ciclo 2'!$T$383 -> 117 | AJ62: =SUM(AD62:AI62) -> 299 | AK62: 70-79 | AL62: ='Ciclo 2'!$Y$66 -> 14 | AM62: ='Ciclo 2'!$Y$124 -> 30 | AN62: ='Ciclo 2'!$Y$186 -> 27 | AO62: ='Ciclo 2'!$Y$247 -> 17 | AP62: ='Ciclo 2'!$Y$319 -> 50 | AQ62: ='Ciclo 2'!$Y$383 -> 33 | AR62: =SUM(AL62:AQ62) -> 171 | AT62: Peso muerto | AU62: =AL65/(AL65+AD65+V65) -> 0.22097378 | AV62: =AM65/(AM65+AE65+W65) -> 0.20083682 | AW62: =AN65/(AN65+AF65+X65) -> 0.17948718 | AX62: =AO65/(AO65+AG65+Y65) -> 0.24229075 | AY62: =AP65/(AP65+AH65+Z65) -> 0.25069638 | AZ62: =AQ65/(AQ65+AI65+AA65) -> 0.2425876 | BA62: =AR65/(AR65+AJ65+AB65) -> 0.22422535
A63: Wk4 | B63: ='Ciclo 2'!G247 -> 69 | C63: ='Ciclo 2'!I247 -> 103 | D63: ='Ciclo 2'!K247 -> 63 | E63: =SUM(B63:D63) -> 235 | G63: ='Ciclo 2'!H247 -> 5000 | H63: ='Ciclo 2'!J247 -> 7620 | I63: ='Ciclo 2'!L247 -> 4350 | J63: =SUM(G63:I63) -> 16970 | K63: =J63/E63 -> 72.212766 | L63: =K63/SUM('1RM'!$C$4:$C$6) -> 0.24070922 | M63: =G63/B63/'1RM'!C4 -> 0.72463768 | N63: =H63/C63/'1RM'!C5 -> 0.73980583 | O63: =I63/D63/'1RM'!C6 -> 0.69047619 | U63: 80-89 | V63: ='Ciclo 2'!$P$66 -> 20 | W63: ='Ciclo 2'!$P$124 -> 43 | X63: ='Ciclo 2'!$P$186 -> 20 | Y63: ='Ciclo 2'!$P$247 -> 45 | Z63: ='Ciclo 2'!$P$319 -> 0 | AA63: ='Ciclo 2'!$P$383 -> 45 | AB63: =SUM(V63:AA63) -> 173 | AC63: 80-89 | AD63: ='Ciclo 2'!$U$66 -> 40 | AE63: ='Ciclo 2'!$U$124 -> 51 | AF63: ='Ciclo 2'!$U$186 -> 38 | AG63: ='Ciclo 2'!$U$247 -> 54 | AH63: ='Ciclo 2'!$U$319 -> 53 | AI63: ='Ciclo 2'!$U$383 -> 25 | AJ63: =SUM(AD63:AI63) -> 261 | AK63: 80-89 | AL63: ='Ciclo 2'!$Z$66 -> 33 | AM63: ='Ciclo 2'!$Z$124 -> 0 | AN63: ='Ciclo 2'!$Z$186 -> 16 | AO63: ='Ciclo 2'!$Z$247 -> 17 | AP63: ='Ciclo 2'!$Z$319 -> 12 | AQ63: ='Ciclo 2'!$Z$383 -> 25 | AR63: =SUM(AL63:AQ63) -> 103
A64: Wk5 | B64: ='Ciclo 2'!G319 -> 117 | C64: ='Ciclo 2'!I319 -> 152 | D64: ='Ciclo 2'!K319 -> 90 | E64: =SUM(B64:D64) -> 359 | G64: ='Ciclo 2'!H319 -> 7920 | H64: ='Ciclo 2'!J319 -> 10290 | I64: ='Ciclo 2'!L319 -> 6225 | J64: =SUM(G64:I64) -> 24435 | K64: =J64/E64 -> 68.064067 | L64: =K64/SUM('1RM'!$C$4:$C$6) -> 0.22688022 | M64: =G64/B64/'1RM'!C4 -> 0.67692308 | N64: =H64/C64/'1RM'!C5 -> 0.67697368 | O64: =I64/D64/'1RM'!C6 -> 0.69166667 | U64: 90+ | V64: ='Ciclo 2'!$Q$66 -> 0 | W64: ='Ciclo 2'!$Q$124 -> 0 | X64: ='Ciclo 2'!$Q$186 -> 0 | Y64: ='Ciclo 2'!$Q$247 -> 0 | Z64: ='Ciclo 2'!$Q$319 -> 0 | AA64: ='Ciclo 2'!$Q$383 -> 0 | AB64: =SUM(V64:AA64) -> 0 | AC64: 90+ | AD64: ='Ciclo 2'!$V$66 -> 0 | AE64: ='Ciclo 2'!$V$124 -> 6 | AF64: ='Ciclo 2'!$V$186 -> 0 | AG64: ='Ciclo 2'!$V$247 -> 7 | AH64: ='Ciclo 2'!$V$319 -> 0 | AI64: ='Ciclo 2'!$V$383 -> 0 | AJ64: =SUM(AD64:AI64) -> 13 | AK64: 90+ | AL64: ='Ciclo 2'!$AA$66 -> 0 | AM64: ='Ciclo 2'!$AA$124 -> 0 | AN64: ='Ciclo 2'!$AA$186 -> 0 | AO64: ='Ciclo 2'!$AA$247 -> 0 | AP64: ='Ciclo 2'!$AA$319 -> 0 | AQ64: ='Ciclo 2'!$AA$383 -> 0 | AR64: =SUM(AL64:AQ64) -> 0
A65: Wk6 | B65: ='Ciclo 2'!G383 -> 69 | C65: ='Ciclo 2'!I383 -> 103 | D65: ='Ciclo 2'!K383 -> 63 | E65: =SUM(B65:D65) -> 235 | G65: ='Ciclo 2'!H383 -> 5000 | H65: ='Ciclo 2'!J383 -> 7620 | I65: ='Ciclo 2'!L383 -> 4350 | J65: =SUM(G65:I65) -> 16970 | K65: =J65/E65 -> 72.212766 | L65: =K65/SUM('1RM'!$C$4:$C$6) -> 0.24070922 | M65: =G65/B65/'1RM'!C4 -> 0.72463768 | N65: =H65/C65/'1RM'!C5 -> 0.73980583 | O65: =I65/D65/'1RM'!C6 -> 0.69047619 | U65: NL | V65: =SUM(V60:V64) -> 81 | W65: =SUM(W60:W64) -> 76 | X65: =SUM(X60:X64) -> 121 | Y65: =SUM(Y60:Y64) -> 69 | Z65: =SUM(Z60:Z64) -> 117 | AA65: =SUM(AA60:AA64) -> 103 | AB65: =SUM(AB60:AB64) -> 567 | AC65: NL | AD65: =SUM(AD60:AD64) -> 127 | AE65: =SUM(AE60:AE64) -> 115 | AF65: =SUM(AF60:AF64) -> 135 | AG65: =SUM(AG60:AG64) -> 103 | AH65: =SUM(AH60:AH64) -> 152 | AI65: =SUM(AI60:AI64) -> 178 | AJ65: =SUM(AJ60:AJ64) -> 810 | AK65: NL | AL65: =SUM(AL60:AL64) -> 59 | AM65: =SUM(AM60:AM64) -> 48 | AN65: =SUM(AN60:AN64) -> 56 | AO65: =SUM(AO60:AO64) -> 55 | AP65: =SUM(AP60:AP64) -> 90 | AQ65: =SUM(AQ60:AQ64) -> 90 | AR65: =SUM(AL65:AQ65) -> 398
A66: Total | B66: ='Ciclo 2'!G386 -> 533 | C66: ='Ciclo 2'!I386 -> 735 | D66: ='Ciclo 2'!K386 -> 382 | E66: =SUM(E60:E65) -> 1650 | G66: =SUM(G60:G65) -> 37240 | H66: =SUM(H60:H65) -> 52130 | I66: =SUM(I60:I65) -> 26640 | J66: =SUM(J60:J65) -> 116010 | K66: =J66/E66 -> 70.309091 | L66: =K66/SUM('1RM'!$C$4:$C$6) -> 0.23436364 | M66: =G66/B66/'1RM'!C4 -> 0.69868668 | N66: =H66/C66/'1RM'!C5 -> 0.7092517 | O66: =I66/D66/'1RM'!C6 -> 0.6973822 | U66: Avg. Int. | V66: =M60 -> 0.68888889 | W66: =M61 -> 0.72105263 | X66: =M62 -> 0.68264463 | Y66: =M63 -> 0.72463768 | Z66: =M64 -> 0.67692308 | AA66: =M65 -> 0.72463768 | AB66: =M66 -> 0.69868668 | AC66: Avg. Int. | AD66: =N60 -> 0.70393701 | AE66: =N61 -> 0.72391304 | AF66: =N62 -> 0.69148148 | AG66: =N63 -> 0.73980583 | AH66: =N64 -> 0.67697368 | AI66: =N65 -> 0.73980583 | AJ66: =N66 -> 0.7092517 | AK66: Avg. Int. | AL66: =O60 -> 0.74830508 | AM66: =O61 -> 0.66041667 | AN66: =O62 -> 0.7 | AO66: =O63 -> 0.69047619 | AP66: =O64 -> 0.69166667 | AQ66: =O65 -> 0.69047619 | AR66: =O66 -> 0.6973822
B70: Transmutation
G88: Poundage | U88: Sentadilla | AC88: Press de banca | AK88: Peso muerto
A89: 4 Dia Prep3 | B89: Sentadilla | C89: Press de banca | D89: Dead | E89: NL | G89: Sentadilla | H89: Press de banca | I89: Dead | K89: Avg Wt. | L89: Avg % | M89: Sentadilla | N89: Press de banca | O89: Dead | U89: % | V89: Semana 1 | W89: Semana 2 | X89: Semana 3 | Y89: Semana 4 | Z89: Semana 5 | AA89: Cycle | AC89: % | AD89: Semana 1 | AE89: Semana 2 | AF89: Semana 3 | AG89: Semana 4 | AH89: Semana 5 | AI89: Cycle | AK89: % | AL89: Semana 1 | AM89: Semana 2 | AN89: Semana 3 | AO89: Semana 4 | AP89: Semana 5 | AQ89: Cycle | AT89: % of Lifts | AU89: Semana 1 | AV89: Semana 2 | AW89: Semana 3 | AX89: Semana 4 | AY89: Semana 5 | AZ89: Cycle
A90: Wk1 | B90: ='Ciclo 3'!G58 -> 67 | C90: ='Ciclo 3'!I58 -> 74 | D90: ='Ciclo 3'!K58 -> 35 | E90: =SUM(B90:D90) -> 176 | G90: ='Ciclo 3'!H58 -> 4670 | H90: ='Ciclo 3'!J58 -> 5070 | I90: ='Ciclo 3'!L58 -> 2610 | J90: =SUM(G90:I90) -> 12350 | K90: =J90/E90 -> 70.170455 | L90: =K90/SUM('1RM'!$C$4:$C$6) -> 0.23390152 | M90: =G90/B90/'1RM'!C4 -> 0.69701493 | N90: =H90/C90/'1RM'!C5 -> 0.68513514 | O90: =I90/D90/'1RM'!C6 -> 0.74571429 | U90: 50-59 | V90: ='Ciclo 3'!$M$58 -> 13 | W90: ='Ciclo 3'!$M$122 -> 15 | X90: ='Ciclo 3'!$M$187 -> 10 | Y90: ='Ciclo 3'!$M$253 -> 10 | Z90: ='Ciclo 3'!$M$314 -> 13 | AA90: =SUM(V90:Z90) -> 61 | AC90: 50-59 | AD90: ='Ciclo 3'!$R$58 -> 15 | AE90: ='Ciclo 3'!$R$122 -> 20 | AF90: ='Ciclo 3'!$R$187 -> 28 | AG90: ='Ciclo 3'!$R$253 -> 19 | AH90: ='Ciclo 3'!$R$314 -> 24 | AI90: =SUM(AD90:AH90) -> 106 | AK90: 50-59 | AL90: ='Ciclo 3'!$W$58 -> 3 | AM90: ='Ciclo 3'!$W$122 -> 8 | AN90: ='Ciclo 3'!$W$187 -> 11 | AO90: ='Ciclo 3'!$W$253 -> 7 | AP90: ='Ciclo 3'!$W$314 -> 9 | AQ90: =SUM(AL90:AP90) -> 38 | AT90: Sentadilla | AU90: =V95/(V95+AD95+AL95) -> 0.38068182 | AV90: =W95/(W95+AE95+AM95) -> 0.31226766 | AW90: =X95/(X95+AF95+AN95) -> 0.3006135 | AX90: =Y95/(Y95+AG95+AO95) -> 0.2972973 | AY90: =Z95/(Z95+AH95+AP95) -> 0.28143713 | AZ90: =AA95/(AA95+AI95+AQ95) -> 0.30791789
A91: Wk2 | B91: ='Ciclo 3'!G122 -> 84 | C91: ='Ciclo 3'!I122 -> 121 | D91: ='Ciclo 3'!K122 -> 64 | E91: =SUM(B91:D91) -> 269 | G91: ='Ciclo 3'!H122 -> 5755 | H91: ='Ciclo 3'!J122 -> 8235 | I91: ='Ciclo 3'!L122 -> 4585 | J91: =SUM(G91:I91) -> 18575 | K91: =J91/E91 -> 69.052045 | L91: =K91/SUM('1RM'!$C$4:$C$6) -> 0.23017348 | M91: =G91/B91/'1RM'!C4 -> 0.68511905 | N91: =H91/C91/'1RM'!C5 -> 0.68057851 | O91: =I91/D91/'1RM'!C6 -> 0.71640625 | U91: 60-69 | V91: ='Ciclo 3'!$N$58 -> 11 | W91: ='Ciclo 3'!$N$122 -> 13 | X91: ='Ciclo 3'!$N$187 -> 60 | Y91: ='Ciclo 3'!$N$253 -> 9 | Z91: ='Ciclo 3'!$N$314 -> 11 | AA91: =SUM(V91:Z91) -> 104 | AC91: 60-69 | AD91: ='Ciclo 3'!$S$58 -> 12 | AE91: ='Ciclo 3'!$S$122 -> 17 | AF91: ='Ciclo 3'!$S$187 -> 27 | AG91: ='Ciclo 3'!$S$253 -> 18 | AH91: ='Ciclo 3'!$S$314 -> 22 | AI91: =SUM(AD91:AH91) -> 96 | AK91: 60-69 | AL91: ='Ciclo 3'!$X$58 -> 6 | AM91: ='Ciclo 3'!$X$122 -> 11 | AN91: ='Ciclo 3'!$X$187 -> 11 | AO91: ='Ciclo 3'!$X$253 -> 10 | AP91: ='Ciclo 3'!$X$314 -> 12 | AQ91: =SUM(AL91:AP91) -> 50 | AT91: Press de banca | AU91: =AD95/(V95+AD95+AL95) -> 0.42045455 | AV91: =AE95/(W95+AE95+AM95) -> 0.44981413 | AW91: =AF95/(X95+AF95+AN95) -> 0.5 | AX91: =AG95/(Y95+AG95+AO95) -> 0.49420849 | AY91: =AH95/(Z95+AH95+AP95) -> 0.50299401 | AZ91: =AI95/(AA95+AI95+AQ95) -> 0.47947214
A92: Wk3 | B92: ='Ciclo 3'!G187 -> 98 | C92: ='Ciclo 3'!I187 -> 163 | D92: ='Ciclo 3'!K187 -> 65 | E92: =SUM(B92:D92) -> 326 | G92: ='Ciclo 3'!H187 -> 6565 | H92: ='Ciclo 3'!J187 -> 11340 | I92: ='Ciclo 3'!L187 -> 4320 | J92: =SUM(G92:I92) -> 22225 | K92: =J92/E92 -> 68.174847 | L92: =K92/SUM('1RM'!$C$4:$C$6) -> 0.22724949 | M92: =G92/B92/'1RM'!C4 -> 0.66989796 | N92: =H92/C92/'1RM'!C5 -> 0.69570552 | O92: =I92/D92/'1RM'!C6 -> 0.66461538 | U92: 70-79 | V92: ='Ciclo 3'!$O$58 -> 25 | W92: ='Ciclo 3'!$O$122 -> 34 | X92: ='Ciclo 3'!$O$187 -> 3 | Y92: ='Ciclo 3'!$O$253 -> 42 | Z92: ='Ciclo 3'!$O$314 -> 30 | AA92: =SUM(V92:Z92) -> 134 | AC92: 70-79 | AD92: ='Ciclo 3'!$T$58 -> 25 | AE92: ='Ciclo 3'!$T$122 -> 77 | AF92: ='Ciclo 3'!$T$187 -> 34 | AG92: ='Ciclo 3'!$T$253 -> 61 | AH92: ='Ciclo 3'!$T$314 -> 102 | AI92: =SUM(AD92:AH92) -> 299 | AK92: 70-79 | AL92: ='Ciclo 3'!$Y$58 -> 14 | AM92: ='Ciclo 3'!$Y$122 -> 22 | AN92: ='Ciclo 3'!$Y$187 -> 43 | AO92: ='Ciclo 3'!$Y$253 -> 9 | AP92: ='Ciclo 3'!$Y$314 -> 29 | AQ92: =SUM(AL92:AP92) -> 117 | AT92: Peso muerto | AU92: =AL95/(AL95+AD95+V95) -> 0.19886364 | AV92: =AM95/(AM95+AE95+W95) -> 0.23791822 | AW92: =AN95/(AN95+AF95+X95) -> 0.1993865 | AX92: =AO95/(AO95+AG95+Y95) -> 0.20849421 | AY92: =AP95/(AP95+AH95+Z95) -> 0.21556886 | AZ92: =AQ95/(AQ95+AI95+AA95) -> 0.21260997
A93: Wk4 | B93: ='Ciclo 3'!G253 -> 77 | C93: ='Ciclo 3'!I253 -> 128 | D93: ='Ciclo 3'!K253 -> 54 | E93: =SUM(B93:D93) -> 259 | G93: ='Ciclo 3'!H253 -> 5280 | H93: ='Ciclo 3'!J253 -> 9005 | I93: ='Ciclo 3'!L253 -> 3970 | J93: =SUM(G93:I93) -> 18255 | K93: =J93/E93 -> 70.482625 | L93: =K93/SUM('1RM'!$C$4:$C$6) -> 0.23494208 | M93: =G93/B93/'1RM'!C4 -> 0.68571429 | N93: =H93/C93/'1RM'!C5 -> 0.70351562 | O93: =I93/D93/'1RM'!C6 -> 0.73518519 | U93: 80-89 | V93: ='Ciclo 3'!$P$58 -> 18 | W93: ='Ciclo 3'!$P$122 -> 17 | X93: ='Ciclo 3'!$P$187 -> 25 | Y93: ='Ciclo 3'!$P$253 -> 16 | Z93: ='Ciclo 3'!$P$314 -> 40 | AA93: =SUM(V93:Z93) -> 116 | AC93: 80-89 | AD93: ='Ciclo 3'!$U$58 -> 22 | AE93: ='Ciclo 3'!$U$122 -> 2 | AF93: ='Ciclo 3'!$U$187 -> 74 | AG93: ='Ciclo 3'!$U$253 -> 24 | AH93: ='Ciclo 3'!$U$314 -> 20 | AI93: =SUM(AD93:AH93) -> 142 | AK93: 80-89 | AL93: ='Ciclo 3'!$Z$58 -> 6 | AM93: ='Ciclo 3'!$Z$122 -> 18 | AN93: ='Ciclo 3'!$Z$187 -> 0 | AO93: ='Ciclo 3'!$Z$253 -> 22 | AP93: ='Ciclo 3'!$Z$314 -> 15 | AQ93: =SUM(AL93:AP93) -> 61
A94: Wk5 | B94: ='Ciclo 3'!G314 -> 94 | C94: ='Ciclo 3'!I314 -> 168 | D94: ='Ciclo 3'!K314 -> 72 | E94: =SUM(B94:D94) -> 334 | G94: ='Ciclo 3'!H314 -> 6760 | H94: ='Ciclo 3'!J314 -> 11300 | I94: ='Ciclo 3'!L314 -> 5225 | J94: =SUM(G94:I94) -> 23285 | K94: =J94/E94 -> 69.715569 | L94: =K94/SUM('1RM'!$C$4:$C$6) -> 0.23238523 | M94: =G94/B94/'1RM'!C4 -> 0.71914894 | N94: =H94/C94/'1RM'!C5 -> 0.67261905 | O94: =I94/D94/'1RM'!C6 -> 0.72569444 | U94: 90+ | V94: ='Ciclo 3'!$Q$58 -> 0 | W94: ='Ciclo 3'!$Q$122 -> 5 | X94: ='Ciclo 3'!$Q$187 -> 0 | Y94: ='Ciclo 3'!$Q$253 -> 0 | Z94: ='Ciclo 3'!$Q$314 -> 0 | AA94: =SUM(V94:Z94) -> 5 | AC94: 90+ | AD94: ='Ciclo 3'!$V$58 -> 0 | AE94: ='Ciclo 3'!$V$122 -> 5 | AF94: ='Ciclo 3'!$V$187 -> 0 | AG94: ='Ciclo 3'!$V$253 -> 6 | AH94: ='Ciclo 3'!$V$314 -> 0 | AI94: =SUM(AD94:AH94) -> 11 | AK94: 90+ | AL94: ='Ciclo 3'!$AA$58 -> 6 | AM94: ='Ciclo 3'!$AA$122 -> 5 | AN94: ='Ciclo 3'!$AA$187 -> 0 | AO94: ='Ciclo 3'!$AA$253 -> 6 | AP94: ='Ciclo 3'!$AA$314 -> 7 | AQ94: =SUM(AL94:AP94) -> 24
A95: Total | B95: =SUM(B90:B94) -> 420 | C95: =SUM(C90:C94) -> 654 | D95: =SUM(D90:D94) -> 290 | E95: =SUM(E90:E94) -> 1364 | G95: =SUM(G90:G94) -> 29030 | H95: =SUM(H90:H94) -> 44950 | I95: =SUM(I90:I94) -> 20710 | J95: =SUM(J90:J94) -> 94690 | K95: =J95/E95 -> 69.420821 | L95: =K95/SUM('1RM'!$C$4:$C$6) -> 0.23140274 | M95: =G95/B95/'1RM'!C4 -> 0.69119048 | N95: =H95/C95/'1RM'!C5 -> 0.68730887 | O95: =I95/D95/'1RM'!C6 -> 0.71413793 | U95: NL | V95: =SUM(V90:V94) -> 67 | W95: =SUM(W90:W94) -> 84 | X95: =SUM(X90:X94) -> 98 | Y95: =SUM(Y90:Y94) -> 77 | Z95: =SUM(Z90:Z94) -> 94 | AA95: =SUM(V95:Z95) -> 420 | AC95: NL | AD95: =SUM(AD90:AD94) -> 74 | AE95: =SUM(AE90:AE94) -> 121 | AF95: =SUM(AF90:AF94) -> 163 | AG95: =SUM(AG90:AG94) -> 128 | AH95: =SUM(AH90:AH94) -> 168 | AI95: =SUM(AD95:AH95) -> 654 | AK95: NL | AL95: =SUM(AL90:AL94) -> 35 | AM95: =SUM(AM90:AM94) -> 64 | AN95: =SUM(AN90:AN94) -> 65 | AO95: =SUM(AO90:AO94) -> 54 | AP95: =SUM(AP90:AP94) -> 72 | AQ95: =SUM(AL95:AP95) -> 290
U96: Avg. Int. | V96: =M90 -> 0.69701493 | W96: =M91 -> 0.68511905 | X96: =M92 -> 0.66989796 | Y96: =M93 -> 0.68571429 | Z96: =M94 -> 0.71914894 | AA96: =M95 -> 0.69119048 | AC96: Avg. Int. | AD96: =N90 -> 0.68513514 | AE96: =N91 -> 0.68057851 | AF96: =N92 -> 0.69570552 | AG96: =N93 -> 0.70351562 | AH96: =N94 -> 0.67261905 | AI96: =N95 -> 0.68730887 | AK96: Avg. Int. | AL96: =O90 -> 0.74571429 | AM96: =O91 -> 0.71640625 | AN96: =O92 -> 0.66461538 | AO96: =O93 -> 0.73518519 | AP96: =O94 -> 0.72569444 | AQ96: =O95 -> 0.71413793
B100: Realization
G118: Poundage | U118: Sentadilla | AC118: Press de banca | AK118: Peso muerto
A119: 4 Dia Comp | B119: Sentadilla | C119: Press de banca | D119: Dead | E119: NL | G119: Sentadilla | H119: Press de banca | I119: Dead | K119: Avg Wt. | L119: Avg % | M119: Sentadilla | N119: Press de banca | O119: Dead | U119: % | V119: Semana 1 | W119: Semana 2 | X119: Semana 3 | Y119: Semana 4 | Z119: Semana 5 | AA119: Month | AC119: % | AD119: Semana 1 | AE119: Semana 2 | AF119: Semana 3 | AG119: Semana 4 | AH119: Semana 5 | AI119: Month | AK119: % | AL119: Semana 1 | AM119: Semana 2 | AN119: Semana 3 | AO119: Semana 4 | AP119: Semana 5 | AQ119: Month | AT119: % of Lifts | AU119: Semana 1 | AV119: Semana 2 | AW119: Semana 3 | AX119: Semana 4 | AY119: Semana 5 | AZ119: Month
A120: Wk1 | B120: ='Ciclo 4'!G62 -> 40 | C120: ='Ciclo 4'!I62 -> 85 | D120: ='Ciclo 4'!K62 -> 38 | E120: =SUM(B120:D120) -> 163 | G120: ='Ciclo 4'!H62 -> 2775 | H120: ='Ciclo 4'!J62 -> 5960 | I120: ='Ciclo 4'!L62 -> 2685 | J120: =SUM(G120:I120) -> 11420 | K120: =J120/E120 -> 70.06135 | L120: =K120/SUM('1RM'!$C$4:$C$6) -> 0.23353783 | M120: =G120/B120/'1RM'!C4 -> 0.69375 | N120: =H120/C120/'1RM'!C5 -> 0.70117647 | O120: =I120/D120/'1RM'!C6 -> 0.70657895 | U120: 50-59 | V120: ='Ciclo 4'!$M$62 -> 8 | W120: ='Ciclo 4'!$M$117 -> 6 | X120: ='Ciclo 4'!$M$169 -> 6 | Y120: ='Ciclo 4'!$M$208 -> 6 | Z120: ='Ciclo 4'!$M$230 -> 3 | AA120: =SUM(V120:Z120) -> 29 | AC120: 50-59 | AD120: ='Ciclo 4'!$R$62 -> 18 | AE120: ='Ciclo 4'!$R$117 -> 9 | AF120: ='Ciclo 4'!$R$169 -> 9 | AG120: ='Ciclo 4'!$R$208 -> 9 | AH120: ='Ciclo 4'!$R$230 -> 6 | AI120: =SUM(AD120:AH120) -> 51 | AK120: 50-59 | AL120: ='Ciclo 4'!$W$62 -> 6 | AM120: ='Ciclo 4'!$W$117 -> 6 | AN120: ='Ciclo 4'!$W$169 -> 9 | AO120: ='Ciclo 4'!$W$208 -> 2 | AP120: ='Ciclo 4'!$W$230 -> 3 | AQ120: =SUM(AL120:AP120) -> 26 | AT120: Sentadilla | AU120: =V125/(V125+AD125+AL125) -> 0.24539877 | AV120: =W125/(W125+AE125+AM125) -> 0.28301887 | AW120: =X125/(X125+AF125+AN125) -> 0.23134328 | AX120: =Y125/(Y125+AG125+AO125) -> 0.35714286 | AY120: =Z125/(Z125+AH125+AP125) -> 0.17777778 | AZ120: =AA125/(AA125+AI125+AQ125) -> 0.2612782
A121: Wk2 | B121: ='Ciclo 4'!G117 -> 30 | C121: ='Ciclo 4'!I117 -> 47 | D121: ='Ciclo 4'!K117 -> 29 | E121: =SUM(B121:D121) -> 106 | G121: ='Ciclo 4'!H117 -> 2065 | H121: ='Ciclo 4'!J117 -> 3205 | I121: ='Ciclo 4'!L117 -> 1995 | J121: =SUM(G121:I121) -> 7265 | K121: =J121/E121 -> 68.537736 | L121: =K121/SUM('1RM'!$C$4:$C$6) -> 0.22845912 | M121: =G121/B121/'1RM'!C4 -> 0.68833333 | N121: =H121/C121/'1RM'!C5 -> 0.68191489 | O121: =I121/D121/'1RM'!C6 -> 0.68793103 | U121: 60-69 | V121: ='Ciclo 4'!$N$62 -> 7 | W121: ='Ciclo 4'!$N$117 -> 6 | X121: ='Ciclo 4'!$N$169 -> 6 | Y121: ='Ciclo 4'!$N$208 -> 6 | Z121: ='Ciclo 4'!$N$230 -> 2 | AA121: =SUM(V121:Z121) -> 27 | AC121: 60-69 | AD121: ='Ciclo 4'!$S$62 -> 15 | AE121: ='Ciclo 4'!$S$117 -> 9 | AF121: ='Ciclo 4'!$S$169 -> 9 | AG121: ='Ciclo 4'!$S$208 -> 9 | AH121: ='Ciclo 4'!$S$230 -> 6 | AI121: =SUM(AD121:AH121) -> 48 | AK121: 60-69 | AL121: ='Ciclo 4'!$X$62 -> 9 | AM121: ='Ciclo 4'!$X$117 -> 6 | AN121: ='Ciclo 4'!$X$169 -> 9 | AO121: ='Ciclo 4'!$X$208 -> 2 | AP121: ='Ciclo 4'!$X$230 -> 3 | AQ121: =SUM(AL121:AP121) -> 29 | AT121: Press de banca | AU121: =AD125/(V125+AD125+AL125) -> 0.52147239 | AV121: =AE125/(W125+AE125+AM125) -> 0.44339623 | AW121: =AF125/(X125+AF125+AN125) -> 0.41791045 | AX121: =AG125/(Y125+AG125+AO125) -> 0.52380952 | AY121: =AH125/(Z125+AH125+AP125) -> 0.55555556 | AZ121: =AI125/(AA125+AI125+AQ125) -> 0.48308271
A122: Wk3 | B122: ='Ciclo 4'!G169 -> 31 | C122: ='Ciclo 4'!I169 -> 56 | D122: ='Ciclo 4'!K169 -> 47 | E122: =SUM(B122:D122) -> 134 | G122: ='Ciclo 4'!H169 -> 2180 | H122: ='Ciclo 4'!J169 -> 3955 | I122: ='Ciclo 4'!L169 -> 3265 | J122: =SUM(G122:I122) -> 9400 | K122: =J122/E122 -> 70.149254 | L122: =K122/SUM('1RM'!$C$4:$C$6) -> 0.23383085 | M122: =G122/B122/'1RM'!C4 -> 0.70322581 | N122: =H122/C122/'1RM'!C5 -> 0.70625 | O122: =I122/D122/'1RM'!C6 -> 0.69468085 | U122: 70-79 | V122: ='Ciclo 4'!$O$62 -> 6 | W122: ='Ciclo 4'!$O$117 -> 12 | X122: ='Ciclo 4'!$O$169 -> 7 | Y122: ='Ciclo 4'!$O$208 -> 10 | Z122: ='Ciclo 4'!$O$230 -> 3 | AA122: =SUM(V122:Z122) -> 38 | AC122: 70-79 | AD122: ='Ciclo 4'!$T$62 -> 12 | AE122: ='Ciclo 4'!$T$117 -> 23 | AF122: ='Ciclo 4'!$T$169 -> 9 | AG122: ='Ciclo 4'!$T$208 -> 15 | AH122: ='Ciclo 4'!$T$230 -> 13 | AI122: =SUM(AD122:AH122) -> 72 | AK122: 70-79 | AL122: ='Ciclo 4'!$Y$62 -> 10 | AM122: ='Ciclo 4'!$Y$117 -> 11 | AN122: ='Ciclo 4'!$Y$169 -> 15 | AO122: ='Ciclo 4'!$Y$208 -> 6 | AP122: ='Ciclo 4'!$Y$230 -> 6 | AQ122: =SUM(AL122:AP122) -> 48 | AT122: Peso muerto | AU122: =AL125/(AL125+AD125+V125) -> 0.23312883 | AV122: =AM125/(AM125+AE125+W125) -> 0.27358491 | AW122: =AN125/(AN125+AF125+X125) -> 0.35074627 | AX122: =AO125/(AO125+AG125+Y125) -> 0.11904762 | AY122: =AP125/(AP125+AH125+Z125) -> 0.26666667 | AZ122: =AQ125/(AQ125+AI125+AA125) -> 0.2556391
A123: Wk4 | B123: ='Ciclo 4'!G208 -> 30 | C123: ='Ciclo 4'!I208 -> 44 | D123: ='Ciclo 4'!K208 -> 10 | E123: =SUM(B123:D123) -> 84 | G123: ='Ciclo 4'!H208 -> 2015 | H123: ='Ciclo 4'!J208 -> 2965 | I123: ='Ciclo 4'!L208 -> 640 | J123: =SUM(G123:I123) -> 5620 | K123: =J123/E123 -> 66.904762 | L123: =K123/SUM('1RM'!$C$4:$C$6) -> 0.22301587 | M123: =G123/B123/'1RM'!C4 -> 0.67166667 | N123: =H123/C123/'1RM'!C5 -> 0.67386364 | O123: =I123/D123/'1RM'!C6 -> 0.64 | U123: 80-89 | V123: ='Ciclo 4'!$P$62 -> 19 | W123: ='Ciclo 4'!$P$117 -> 2 | X123: ='Ciclo 4'!$P$169 -> 12 | Y123: ='Ciclo 4'!$P$208 -> 8 | Z123: ='Ciclo 4'!$P$230 -> 0 | AA123: =SUM(V123:Z123) -> 41 | AC123: 80-89 | AD123: ='Ciclo 4'!$U$62 -> 40 | AE123: ='Ciclo 4'!$U$117 -> 2 | AF123: ='Ciclo 4'!$U$169 -> 29 | AG123: ='Ciclo 4'!$U$208 -> 11 | AH123: ='Ciclo 4'!$U$230 -> 0 | AI123: =SUM(AD123:AH123) -> 82 | AK123: 80-89 | AL123: ='Ciclo 4'!$Z$62 -> 10 | AM123: ='Ciclo 4'!$Z$117 -> 2 | AN123: ='Ciclo 4'!$Z$169 -> 14 | AO123: ='Ciclo 4'!$Z$208 -> 0 | AP123: ='Ciclo 4'!$Z$230 -> 0 | AQ123: =SUM(AL123:AP123) -> 26
A124: Wk5 | B124: ='Ciclo 4'!G230 -> 8 | C124: ='Ciclo 4'!I230 -> 25 | D124: ='Ciclo 4'!K230 -> 12 | E124: =SUM(B124:D124) -> 45 | G124: ='Ciclo 4'!H230 -> 480 | H124: ='Ciclo 4'!J230 -> 1585 | I124: ='Ciclo 4'!L230 -> 750 | J124: =SUM(G124:I124) -> 2815 | K124: =J124/E124 -> 62.555556 | L124: =K124/SUM('1RM'!$C$4:$C$6) -> 0.20851852 | M124: =G124/B124/'1RM'!C4 -> 0.6 | N124: =H124/C124/'1RM'!C5 -> 0.634 | O124: =I124/D124/'1RM'!C6 -> 0.625 | U124: 90+ | V124: ='Ciclo 4'!$Q$62 -> 0 | W124: ='Ciclo 4'!$Q$117 -> 4 | X124: ='Ciclo 4'!$Q$169 -> 0 | Y124: ='Ciclo 4'!$Q$208 -> 0 | Z124: ='Ciclo 4'!$Q$230 -> 0 | AA124: =SUM(V124:Z124) -> 4 | AC124: 90+ | AD124: ='Ciclo 4'!$V$62 -> 0 | AE124: ='Ciclo 4'!$V$117 -> 4 | AF124: ='Ciclo 4'!$V$169 -> 0 | AG124: ='Ciclo 4'!$V$208 -> 0 | AH124: ='Ciclo 4'!$V$230 -> 0 | AI124: =SUM(AD124:AH124) -> 4 | AK124: 90+ | AL124: ='Ciclo 4'!$AA$62 -> 3 | AM124: ='Ciclo 4'!$AA$117 -> 4 | AN124: ='Ciclo 4'!$AA$169 -> 0 | AO124: ='Ciclo 4'!$AA$208 -> 0 | AP124: ='Ciclo 4'!$AA$230 -> 0 | AQ124: =SUM(AL124:AP124) -> 7
A125: Total | B125: ='Ciclo 4'!G232 -> 139 | C125: ='Ciclo 4'!I232 -> 257 | D125: ='Ciclo 4'!K232 -> 136 | E125: =SUM(E120:E124) -> 532 | G125: =SUM(G120:G124) -> 9515 | H125: =SUM(H120:H124) -> 17670 | I125: =SUM(I120:I124) -> 9335 | J125: =SUM(J120:J124) -> 36520 | K125: =J125/E125 -> 68.646617 | L125: =K125/SUM('1RM'!$C$4:$C$6) -> 0.22882206 | M125: =G125/B125/'1RM'!C4 -> 0.68453237 | N125: =H125/C125/'1RM'!C5 -> 0.68754864 | O125: =I125/D125/'1RM'!C6 -> 0.68639706 | U125: NL | V125: =SUM(V120:V124) -> 40 | W125: =SUM(W120:W124) -> 30 | X125: =SUM(X120:X124) -> 31 | Y125: =SUM(Y120:Y124) -> 30 | Z125: =SUM(Z120:Z124) -> 8 | AA125: =SUM(V125:Z125) -> 139 | AC125: NL | AD125: =SUM(AD120:AD124) -> 85 | AE125: =SUM(AE120:AE124) -> 47 | AF125: =SUM(AF120:AF124) -> 56 | AG125: =SUM(AG120:AG124) -> 44 | AH125: =SUM(AH120:AH124) -> 25 | AI125: =SUM(AI120:AI124) -> 257 | AK125: NL | AL125: =SUM(AL120:AL124) -> 38 | AM125: =SUM(AM120:AM124) -> 29 | AN125: =SUM(AN120:AN124) -> 47 | AO125: =SUM(AO120:AO124) -> 10 | AP125: =SUM(AP120:AP124) -> 12 | AQ125: =SUM(AQ120:AQ124) -> 136
U126: Avg. Int. | V126: =M120 -> 0.69375 | W126: =M121 -> 0.68833333 | X126: =M122 -> 0.70322581 | Y126: =M123 -> 0.67166667 | Z126: =M124 -> 0.6 | AA126: =M125 -> 0.68453237 | AC126: Avg. Int. | AD126: =N120 -> 0.70117647 | AE126: =N121 -> 0.68191489 | AF126: =N122 -> 0.70625 | AG126: =N123 -> 0.67386364 | AH126: =N124 -> 0.634 | AI126: =N125 -> 0.68754864 | AK126: Avg. Int. | AL126: =O120 -> 0.70657895 | AM126: =O121 -> 0.68793103 | AN126: =O122 -> 0.69468085 | AO126: =O123 -> 0.64 | AP126: =O124 -> 0.625 | AQ126: =O125 -> 0.68639706

Sheet Ciclo 1
B1: Sheiko | C1: WWW.BIBLIOTECADERUTINAS.COM
B2: Preparatory Period for Class 1 & CMS
B5: Semana 1 | M5: Sentadilla | R5: Press de banca | W5: Peso muerto
B6: Dia 1 | C6: % | D6: reps | E6: Series | F6: peso | M6: 50-59 | N6: 60-69 | O6: 70-79 | P6: 80-89 | Q6: 90+ | R6: 50-59 | S6: 60-69 | T6: 70-79 | U6: 80-89 | V6: 90+ | W6: 50-59 | X6: 60-69 | Y6: 70-79 | Z6: 80-89 | AA6: 90+
A7: 1 | B7: Sentadilla frontal | C7: 0.3 | D7: 4 | E7: 1 | F7: ='1RM'!$C$4*C7 -> 30 | G7: =D7*E7 -> 4 | H7: =F7*G7 -> 120 | M7: =IF(ISNUMBER(SEARCH("Sentadilla",$B7)),IF($C7>=0.5,IF($C7<0.6,$D7*$E7," ")," ")," ") | N7: =IF(ISNUMBER(SEARCH("Sentadilla",$B7)),IF($C7>=0.6,IF($C7<0.7,$D7*$E7," ")," ")," ") | O7: =IF(ISNUMBER(SEARCH("Sentadilla",$B7)),IF($C7>=0.7,IF($C7<0.8,$D7*$E7," ")," ")," ") | P7: =IF(ISNUMBER(SEARCH("Sentadilla",$B7)),IF($C7>=0.8,IF($C7<0.9,$D7*$E7," ")," ")," ") | Q7: =IF(ISNUMBER(SEARCH("Sentadilla",$B7)),IF($C7>=0.9,$D7*$E7," ")," ") | R7: =IF(ISNUMBER(SEARCH("Press de banca",$B7)),IF($C7>=0.5,IF($C7<0.6,$D7*$E7," ")," ")," ") | S7: =IF(ISNUMBER(SEARCH("Press de banca",$B7)),IF($C7>=0.6,IF($C7<0.7,$D7*$E7," ")," ")," ") | T7: =IF(ISNUMBER(SEARCH("Press de banca",$B7)),IF($C7>=0.7,IF($C7<0.8,$D7*$E7," ")," ")," ") | U7: =IF(ISNUMBER(SEARCH("Press de banca",$B7)),IF($C7>=0.8,IF($C7<0.9,$D7*$E7," ")," ")," ") | V7: =IF(ISNUMBER(SEARCH("Press de banca",$B7)),IF($C7>=0.9,$D7*$E7," ")," ")
C8: 0.4 | D8: 4 | E8: 1 | F8: ='1RM'!$C$4*C8 -> 40 | G8: =D8*E8 -> 4 | H8: =F8*G8 -> 160 | M8: =IF(ISNUMBER(SEARCH("Sentadilla",$B8)),IF($C8>=0.5,IF($C8<0.6,$D8*$E8," ")," ")," ") | N8: =IF(ISNUMBER(SEARCH("Sentadilla",$B8)),IF($C8>=0.6,IF($C8<0.7,$D8*$E8," ")," ")," ") | O8: =IF(ISNUMBER(SEARCH("Sentadilla",$B8)),IF($C8>=0.7,IF($C8<0.8,$D8*$E8," ")," ")," ") | P8: =IF(ISNUMBER(SEARCH("Sentadilla",$B8)),IF($C8>=0.8,IF($C8<0.9,$D8*$E8," ")," ")," ") | Q8: =IF(ISNUMBER(SEARCH("Sentadilla",$B8)),IF($C8>=0.9,$D8*$E8," ")," ") | R8: =IF(ISNUMBER(SEARCH("Press de banca",$B8)),IF($C8>=0.5,IF($C8<0.6,$D8*$E8," ")," ")," ") | S8: =IF(ISNUMBER(SEARCH("Press de banca",$B8)),IF($C8>=0.6,IF($C8<0.7,$D8*$E8," ")," ")," ") | T8: =IF(ISNUMBER(SEARCH("Press de banca",$B8)),IF($C8>=0.7,IF($C8<0.8,$D8*$E8," ")," ")," ") | U8: =IF(ISNUMBER(SEARCH("Press de banca",$B8)),IF($C8>=0.8,IF($C8<0.9,$D8*$E8," ")," ")," ") | V8: =IF(ISNUMBER(SEARCH("Press de banca",$B8)),IF($C8>=0.9,$D8*$E8," ")," ")
C9: 0.5 | D9: 4 | E9: 3 | F9: ='1RM'!$C$4*C9 -> 50 | G9: =D9*E9 -> 12 | H9: =F9*G9 -> 600 | M9: =IF(ISNUMBER(SEARCH("Sentadilla",$B9)),IF($C9>=0.5,IF($C9<0.6,$D9*$E9," ")," ")," ") | N9: =IF(ISNUMBER(SEARCH("Sentadilla",$B9)),IF($C9>=0.6,IF($C9<0.7,$D9*$E9," ")," ")," ") | O9: =IF(ISNUMBER(SEARCH("Sentadilla",$B9)),IF($C9>=0.7,IF($C9<0.8,$D9*$E9," ")," ")," ") | P9: =IF(ISNUMBER(SEARCH("Sentadilla",$B9)),IF($C9>=0.8,IF($C9<0.9,$D9*$E9," ")," ")," ") | Q9: =IF(ISNUMBER(SEARCH("Sentadilla",$B9)),IF($C9>=0.9,$D9*$E9," ")," ") | R9: =IF(ISNUMBER(SEARCH("Press de banca",$B9)),IF($C9>=0.5,IF($C9<0.6,$D9*$E9," ")," ")," ") | S9: =IF(ISNUMBER(SEARCH("Press de banca",$B9)),IF($C9>=0.6,IF($C9<0.7,$D9*$E9," ")," ")," ") | T9: =IF(ISNUMBER(SEARCH("Press de banca",$B9)),IF($C9>=0.7,IF($C9<0.8,$D9*$E9," ")," ")," ") | U9: =IF(ISNUMBER(SEARCH("Press de banca",$B9)),IF($C9>=0.8,IF($C9<0.9,$D9*$E9," ")," ")," ") | V9: =IF(ISNUMBER(SEARCH("Press de banca",$B9)),IF($C9>=0.9,$D9*$E9," ")," ")
A10: 2 | B10: Press de banca | C10: 0.5 | D10: 5 | E10: 1 | F10: ='1RM'!$C$5*C10 -> 50 | I10: =D10*E10 -> 5 | J10: =F10*I10 -> 250 | M10: =IF(ISNUMBER(SEARCH("Sentadilla",$B10)),IF($C10>=0.5,IF($C10<0.6,$D10*$E10," ")," ")," ") | N10: =IF(ISNUMBER(SEARCH("Sentadilla",$B10)),IF($C10>=0.6,IF($C10<0.7,$D10*$E10," ")," ")," ") | O10: =IF(ISNUMBER(SEARCH("Sentadilla",$B10)),IF($C10>=0.7,IF($C10<0.8,$D10*$E10," ")," ")," ") | P10: =IF(ISNUMBER(SEARCH("Sentadilla",$B10)),IF($C10>=0.8,IF($C10<0.9,$D10*$E10," ")," ")," ") | Q10: =IF(ISNUMBER(SEARCH("Sentadilla",$B10)),IF($C10>=0.9,$D10*$E10," ")," ") | R10: =IF(ISNUMBER(SEARCH("Press de banca",$B10)),IF($C10>=0.5,IF($C10<0.6,$D10*$E10," ")," ")," ") -> 5 | S10: =IF(ISNUMBER(SEARCH("Press de banca",$B10)),IF($C10>=0.6,IF($C10<0.7,$D10*$E10," ")," ")," ") | T10: =IF(ISNUMBER(SEARCH("Press de banca",$B10)),IF($C10>=0.7,IF($C10<0.8,$D10*$E10," ")," ")," ") | U10: =IF(ISNUMBER(SEARCH("Press de banca",$B10)),IF($C10>=0.8,IF($C10<0.9,$D10*$E10," ")," ")," ") | V10: =IF(ISNUMBER(SEARCH("Press de banca",$B10)),IF($C10>=0.9,$D10*$E10," ")," ")
C11: 0.6 | D11: 4 | E11: 1 | F11: ='1RM'!$C$5*C11 -> 60 | I11: =D11*E11 -> 4 | J11: =F11*I11 -> 240 | M11: =IF(ISNUMBER(SEARCH("Sentadilla",$B11)),IF($C11>=0.5,IF($C11<0.6,$D11*$E11," ")," ")," ") | N11: =IF(ISNUMBER(SEARCH("Sentadilla",$B11)),IF($C11>=0.6,IF($C11<0.7,$D11*$E11," ")," ")," ") | O11: =IF(ISNUMBER(SEARCH("Sentadilla",$B11)),IF($C11>=0.7,IF($C11<0.8,$D11*$E11," ")," ")," ") | P11: =IF(ISNUMBER(SEARCH("Sentadilla",$B11)),IF($C11>=0.8,IF($C11<0.9,$D11*$E11," ")," ")," ") | Q11: =IF(ISNUMBER(SEARCH("Sentadilla",$B11)),IF($C11>=0.9,$D11*$E11," ")," ") | R11: =IF(ISNUMBER(SEARCH("Press de banca",$B11)),IF($C11>=0.5,IF($C11<0.6,$D11*$E11," ")," ")," ") | S11: =IF(ISNUMBER(SEARCH("Press de banca",$B11)),IF($C11>=0.6,IF($C11<0.7,$D11*$E11," ")," ")," ") | T11: =IF(ISNUMBER(SEARCH("Press de banca",$B11)),IF($C11>=0.7,IF($C11<0.8,$D11*$E11," ")," ")," ") | U11: =IF(ISNUMBER(SEARCH("Press de banca",$B11)),IF($C11>=0.8,IF($C11<0.9,$D11*$E11," ")," ")," ") | V11: =IF(ISNUMBER(SEARCH("Press de banca",$B11)),IF($C11>=0.9,$D11*$E11," ")," ")
C12: 0.7 | D12: 3 | E12: 1 | F12: ='1RM'!$C$5*C12 -> 70 | I12: =D12*E12 -> 3 | J12: =F12*I12 -> 210 | M12: =IF(ISNUMBER(SEARCH("Sentadilla",$B12)),IF($C12>=0.5,IF($C12<0.6,$D12*$E12," ")," ")," ") | N12: =IF(ISNUMBER(SEARCH("Sentadilla",$B12)),IF($C12>=0.6,IF($C12<0.7,$D12*$E12," ")," ")," ") | O12: =IF(ISNUMBER(SEARCH("Sentadilla",$B12)),IF($C12>=0.7,IF($C12<0.8,$D12*$E12," ")," ")," ") | P12: =IF(ISNUMBER(SEARCH("Sentadilla",$B12)),IF($C12>=0.8,IF($C12<0.9,$D12*$E12," ")," ")," ") | Q12: =IF(ISNUMBER(SEARCH("Sentadilla",$B12)),IF($C12>=0.9,$D12*$E12," ")," ") | R12: =IF(ISNUMBER(SEARCH("Press de banca",$B12)),IF($C12>=0.5,IF($C12<0.6,$D12*$E12," ")," ")," ") | S12: =IF(ISNUMBER(SEARCH("Press de banca",$B12)),IF($C12>=0.6,IF($C12<0.7,$D12*$E12," ")," ")," ") | T12: =IF(ISNUMBER(SEARCH("Press de banca",$B12)),IF($C12>=0.7,IF($C12<0.8,$D12*$E12," ")," ")," ") | U12: =IF(ISNUMBER(SEARCH("Press de banca",$B12)),IF($C12>=0.8,IF($C12<0.9,$D12*$E12," ")," ")," ") | V12: =IF(ISNUMBER(SEARCH("Press de banca",$B12)),IF($C12>=0.9,$D12*$E12," ")," ")
C13: 0.75 | D13: 2 | E13: 4 | F13: ='1RM'!$C$5*C13 -> 75 | I13: =D13*E13 -> 8 | J13: =F13*I13 -> 600 | M13: =IF(ISNUMBER(SEARCH("Sentadilla",$B13)),IF($C13>=0.5,IF($C13<0.6,$D13*$E13," ")," ")," ") | N13: =IF(ISNUMBER(SEARCH("Sentadilla",$B13)),IF($C13>=0.6,IF($C13<0.7,$D13*$E13," ")," ")," ") | O13: =IF(ISNUMBER(SEARCH("Sentadilla",$B13)),IF($C13>=0.7,IF($C13<0.8,$D13*$E13," ")," ")," ") | P13: =IF(ISNUMBER(SEARCH("Sentadilla",$B13)),IF($C13>=0.8,IF($C13<0.9,$D13*$E13," ")," ")," ") | Q13: =IF(ISNUMBER(SEARCH("Sentadilla",$B13)),IF($C13>=0.9,$D13*$E13," ")," ") | R13: =IF(ISNUMBER(SEARCH("Press de banca",$B13)),IF($C13>=0.5,IF($C13<0.6,$D13*$E13," ")," ")," ") | S13: =IF(ISNUMBER(SEARCH("Press de banca",$B13)),IF($C13>=0.6,IF($C13<0.7,$D13*$E13," ")," ")," ") | T13: =IF(ISNUMBER(SEARCH("Press de banca",$B13)),IF($C13>=0.7,IF($C13<0.8,$D13*$E13," ")," ")," ") | U13: =IF(ISNUMBER(SEARCH("Press de banca",$B13)),IF($C13>=0.8,IF($C13<0.9,$D13*$E13," ")," ")," ") | V13: =IF(ISNUMBER(SEARCH("Press de banca",$B13)),IF($C13>=0.9,$D13*$E13," ")," ")
A14: 3 | B14: Sentadilla | C14: 0.55 | D14: 3 | E14: 1 | F14: ='1RM'!$C$4*C14 -> 55 | G14: =D14*E14 -> 3 | H14: =F14*G14 -> 165 | M14: =IF(ISNUMBER(SEARCH("Sentadilla",$B14)),IF($C14>=0.5,IF($C14<0.6,$D14*$E14," ")," ")," ") -> 3 | N14: =IF(ISNUMBER(SEARCH("Sentadilla",$B14)),IF($C14>=0.6,IF($C14<0.7,$D14*$E14," ")," ")," ") | O14: =IF(ISNUMBER(SEARCH("Sentadilla",$B14)),IF($C14>=0.7,IF($C14<0.8,$D14*$E14," ")," ")," ") | P14: =IF(ISNUMBER(SEARCH("Sentadilla",$B14)),IF($C14>=0.8,IF($C14<0.9,$D14*$E14," ")," ")," ") | Q14: =IF(ISNUMBER(SEARCH("Sentadilla",$B14)),IF($C14>=0.9,$D14*$E14," ")," ") | R14: =IF(ISNUMBER(SEARCH("Press de banca",$B14)),IF($C14>=0.5,IF($C14<0.6,$D14*$E14," ")," ")," ") | S14: =IF(ISNUMBER(SEARCH("Press de banca",$B14)),IF($C14>=0.6,IF($C14<0.7,$D14*$E14," ")," ")," ") | T14: =IF(ISNUMBER(SEARCH("Press de banca",$B14)),IF($C14>=0.7,IF($C14<0.8,$D14*$E14," ")," ")," ") | U14: =IF(ISNUMBER(SEARCH("Press de banca",$B14)),IF($C14>=0.8,IF($C14<0.9,$D14*$E14," ")," ")," ") | V14: =IF(ISNUMBER(SEARCH("Press de banca",$B14)),IF($C14>=0.9,$D14*$E14," ")," ")
C15: 0.65 | D15: 3 | E15: 1 | F15: ='1RM'!$C$4*C15 -> 65 | G15: =D15*E15 -> 3 | H15: =F15*G15 -> 195 | M15: =IF(ISNUMBER(SEARCH("Sentadilla",$B15)),IF($C15>=0.5,IF($C15<0.6,$D15*$E15," ")," ")," ") | N15: =IF(ISNUMBER(SEARCH("Sentadilla",$B15)),IF($C15>=0.6,IF($C15<0.7,$D15*$E15," ")," ")," ") | O15: =IF(ISNUMBER(SEARCH("Sentadilla",$B15)),IF($C15>=0.7,IF($C15<0.8,$D15*$E15," ")," ")," ") | P15: =IF(ISNUMBER(SEARCH("Sentadilla",$B15)),IF($C15>=0.8,IF($C15<0.9,$D15*$E15," ")," ")," ") | Q15: =IF(ISNUMBER(SEARCH("Sentadilla",$B15)),IF($C15>=0.9,$D15*$E15," ")," ") | R15: =IF(ISNUMBER(SEARCH("Press de banca",$B15)),IF($C15>=0.5,IF($C15<0.6,$D15*$E15," ")," ")," ") | S15: =IF(ISNUMBER(SEARCH("Press de banca",$B15)),IF($C15>=0.6,IF($C15<0.7,$D15*$E15," ")," ")," ") | T15: =IF(ISNUMBER(SEARCH("Press de banca",$B15)),IF($C15>=0.7,IF($C15<0.8,$D15*$E15," ")," ")," ") | U15: =IF(ISNUMBER(SEARCH("Press de banca",$B15)),IF($C15>=0.8,IF($C15<0.9,$D15*$E15," ")," ")," ") | V15: =IF(ISNUMBER(SEARCH("Press de banca",$B15)),IF($C15>=0.9,$D15*$E15," ")," ")
C16: 0.75 | D16: 2 | E16: 4 | F16: ='1RM'!$C$4*C16 -> 75 | G16: =D16*E16 -> 8 | H16: =F16*G16 -> 600 | M16: =IF(ISNUMBER(SEARCH("Sentadilla",$B16)),IF($C16>=0.5,IF($C16<0.6,$D16*$E16," ")," ")," ") | N16: =IF(ISNUMBER(SEARCH("Sentadilla",$B16)),IF($C16>=0.6,IF($C16<0.7,$D16*$E16," ")," ")," ") | O16: =IF(ISNUMBER(SEARCH("Sentadilla",$B16)),IF($C16>=0.7,IF($C16<0.8,$D16*$E16," ")," ")," ") | P16: =IF(ISNUMBER(SEARCH("Sentadilla",$B16)),IF($C16>=0.8,IF($C16<0.9,$D16*$E16," ")," ")," ") | Q16: =IF(ISNUMBER(SEARCH("Sentadilla",$B16)),IF($C16>=0.9,$D16*$E16," ")," ") | R16: =IF(ISNUMBER(SEARCH("Press de banca",$B16)),IF($C16>=0.5,IF($C16<0.6,$D16*$E16," ")," ")," ") | S16: =IF(ISNUMBER(SEARCH("Press de banca",$B16)),IF($C16>=0.6,IF($C16<0.7,$D16*$E16," ")," ")," ") | T16: =IF(ISNUMBER(SEARCH("Press de banca",$B16)),IF($C16>=0.7,IF($C16<0.8,$D16*$E16," ")," ")," ") | U16: =IF(ISNUMBER(SEARCH("Press de banca",$B16)),IF($C16>=0.8,IF($C16<0.9,$D16*$E16," ")," ")," ") | V16: =IF(ISNUMBER(SEARCH("Press de banca",$B16)),IF($C16>=0.9,$D16*$E16," ")," ")
A17: 4 | B17: Press de banca inclinado | D17: 10 | E17: 5
A18: 5 | B18: Abs | D18: 10 | E18: 3
B20: Dia 3 | C20: % | D20: reps | E20: Series | F20: peso
A21: 1 | B21: Peso muerto hasta las rodillas | C21: 0.5 | D21: 3 | E21: 1 | F21: ='1RM'!$C$6*C21 -> 50 | K21: =D21*E21 -> 3 | L21: =F21*K21 -> 150 | R21: =IF(ISNUMBER(SEARCH("Press de banca",$B21)),IF($C21>=0.5,IF($C21<0.6,$D21*$E21," ")," ")," ") | S21: =IF(ISNUMBER(SEARCH("Press de banca",$B21)),IF($C21>=0.6,IF($C21<0.7,$D21*$E21," ")," ")," ") | T21: =IF(ISNUMBER(SEARCH("Press de banca",$B21)),IF($C21>=0.7,IF($C21<0.8,$D21*$E21," ")," ")," ") | U21: =IF(ISNUMBER(SEARCH("Press de banca",$B21)),IF($C21>=0.8,IF($C21<0.9,$D21*$E21," ")," ")," ") | V21: =IF(ISNUMBER(SEARCH("Press de banca",$B21)),IF($C21>=0.9,$D21*$E21," ")," ") | W21: =IF(ISNUMBER(SEARCH("Peso muerto",$B21)),IF($C21>=0.5,IF($C21<0.6,$D21*$E21," ")," ")," ") -> 3 | X21: =IF(ISNUMBER(SEARCH("Peso muerto",$B21)),IF($C21>=0.6,IF($C21<0.7,$D21*$E21," ")," ")," ") | Y21: =IF(ISNUMBER(SEARCH("Peso muerto",$B21)),IF($C21>=0.7,IF($C21<0.8,$D21*$E21," ")," ")," ") | Z21: =IF(ISNUMBER(SEARCH("Peso muerto",$B21)),IF($C21>=0.8,IF($C21<0.9,$D21*$E21," ")," ")," ") | AA21: =IF(ISNUMBER(SEARCH("Peso muerto",$B21)),IF($C21>=0.9,$D21*$E21," ")," ")
C22: 0.6 | D22: 3 | E22: 1 | F22: ='1RM'!$C$6*C22 -> 60 | K22: =D22*E22 -> 3 | L22: =F22*K22 -> 180 | R22: =IF(ISNUMBER(SEARCH("Press de banca",$B22)),IF($C22>=0.5,IF($C22<0.6,$D22*$E22," ")," ")," ") | S22: =IF(ISNUMBER(SEARCH("Press de banca",$B22)),IF($C22>=0.6,IF($C22<0.7,$D22*$E22," ")," ")," ") | T22: =IF(ISNUMBER(SEARCH("Press de banca",$B22)),IF($C22>=0.7,IF($C22<0.8,$D22*$E22," ")," ")," ") | U22: =IF(ISNUMBER(SEARCH("Press de banca",$B22)),IF($C22>=0.8,IF($C22<0.9,$D22*$E22," ")," ")," ") | V22: =IF(ISNUMBER(SEARCH("Press de banca",$B22)),IF($C22>=0.9,$D22*$E22," ")," ") | W22: =IF(ISNUMBER(SEARCH("Peso muerto",$B22)),IF($C22>=0.5,IF($C22<0.6,$D22*$E22," ")," ")," ") | X22: =IF(ISNUMBER(SEARCH("Peso muerto",$B22)),IF($C22>=0.6,IF($C22<0.7,$D22*$E22," ")," ")," ") | Y22: =IF(ISNUMBER(SEARCH("Peso muerto",$B22)),IF($C22>=0.7,IF($C22<0.8,$D22*$E22," ")," ")," ") | Z22: =IF(ISNUMBER(SEARCH("Peso muerto",$B22)),IF($C22>=0.8,IF($C22<0.9,$D22*$E22," ")," ")," ") | AA22: =IF(ISNUMBER(SEARCH("Peso muerto",$B22)),IF($C22>=0.9,$D22*$E22," ")," ")
C23: 0.7 | D23: 3 | E23: 4 | F23: ='1RM'!$C$6*C23 -> 70 | K23: =D23*E23 -> 12 | L23: =F23*K23 -> 840 | R23: =IF(ISNUMBER(SEARCH("Press de banca",$B23)),IF($C23>=0.5,IF($C23<0.6,$D23*$E23," ")," ")," ") | S23: =IF(ISNUMBER(SEARCH("Press de banca",$B23)),IF($C23>=0.6,IF($C23<0.7,$D23*$E23," ")," ")," ") | T23: =IF(ISNUMBER(SEARCH("Press de banca",$B23)),IF($C23>=0.7,IF($C23<0.8,$D23*$E23," ")," ")," ") | U23: =IF(ISNUMBER(SEARCH("Press de banca",$B23)),IF($C23>=0.8,IF($C23<0.9,$D23*$E23," ")," ")," ") | V23: =IF(ISNUMBER(SEARCH("Press de banca",$B23)),IF($C23>=0.9,$D23*$E23," ")," ") | W23: =IF(ISNUMBER(SEARCH("Peso muerto",$B23)),IF($C23>=0.5,IF($C23<0.6,$D23*$E23," ")," ")," ") | X23: =IF(ISNUMBER(SEARCH("Peso muerto",$B23)),IF($C23>=0.6,IF($C23<0.7,$D23*$E23," ")," ")," ") | Y23: =IF(ISNUMBER(SEARCH("Peso muerto",$B23)),IF($C23>=0.7,IF($C23<0.8,$D23*$E23," ")," ")," ") | Z23: =IF(ISNUMBER(SEARCH("Peso muerto",$B23)),IF($C23>=0.8,IF($C23<0.9,$D23*$E23," ")," ")," ") | AA23: =IF(ISNUMBER(SEARCH("Peso muerto",$B23)),IF($C23>=0.9,$D23*$E23," ")," ")
A24: 2 | B24: Press de banca | C24: 0.5 | D24: 5 | E24: 1 | F24: ='1RM'!$C$5*C24 -> 50 | I24: =D24*E24 -> 5 | J24: =F24*I24 -> 250 | R24: =IF(ISNUMBER(SEARCH("Press de banca",$B24)),IF($C24>=0.5,IF($C24<0.6,$D24*$E24," ")," ")," ") -> 5 | S24: =IF(ISNUMBER(SEARCH("Press de banca",$B24)),IF($C24>=0.6,IF($C24<0.7,$D24*$E24," ")," ")," ") | T24: =IF(ISNUMBER(SEARCH("Press de banca",$B24)),IF($C24>=0.7,IF($C24<0.8,$D24*$E24," ")," ")," ") | U24: =IF(ISNUMBER(SEARCH("Press de banca",$B24)),IF($C24>=0.8,IF($C24<0.9,$D24*$E24," ")," ")," ") | V24: =IF(ISNUMBER(SEARCH("Press de banca",$B24)),IF($C24>=0.9,$D24*$E24," ")," ") | W24: =IF(ISNUMBER(SEARCH("Peso muerto",$B24)),IF($C24>=0.5,IF($C24<0.6,$D24*$E24," ")," ")," ") | X24: =IF(ISNUMBER(SEARCH("Peso muerto",$B24)),IF($C24>=0.6,IF($C24<0.7,$D24*$E24," ")," ")," ") | Y24: =IF(ISNUMBER(SEARCH("Peso muerto",$B24)),IF($C24>=0.7,IF($C24<0.8,$D24*$E24," ")," ")," ") | Z24: =IF(ISNUMBER(SEARCH("Peso muerto",$B24)),IF($C24>=0.8,IF($C24<0.9,$D24*$E24," ")," ")," ") | AA24: =IF(ISNUMBER(SEARCH("Peso muerto",$B24)),IF($C24>=0.9,$D24*$E24," ")," ")
C25: 0.6 | D25: 5 | E25: 1 | F25: ='1RM'!$C$5*C25 -> 60 | I25: =D25*E25 -> 5 | J25: =F25*I25 -> 300 | R25: =IF(ISNUMBER(SEARCH("Press de banca",$B25)),IF($C25>=0.5,IF($C25<0.6,$D25*$E25," ")," ")," ") | S25: =IF(ISNUMBER(SEARCH("Press de banca",$B25)),IF($C25>=0.6,IF($C25<0.7,$D25*$E25," ")," ")," ") | T25: =IF(ISNUMBER(SEARCH("Press de banca",$B25)),IF($C25>=0.7,IF($C25<0.8,$D25*$E25," ")," ")," ") | U25: =IF(ISNUMBER(SEARCH("Press de banca",$B25)),IF($C25>=0.8,IF($C25<0.9,$D25*$E25," ")," ")," ") | V25: =IF(ISNUMBER(SEARCH("Press de banca",$B25)),IF($C25>=0.9,$D25*$E25," ")," ") | W25: =IF(ISNUMBER(SEARCH("Peso muerto",$B25)),IF($C25>=0.5,IF($C25<0.6,$D25*$E25," ")," ")," ") | X25: =IF(ISNUMBER(SEARCH("Peso muerto",$B25)),IF($C25>=0.6,IF($C25<0.7,$D25*$E25," ")," ")," ") | Y25: =IF(ISNUMBER(SEARCH("Peso muerto",$B25)),IF($C25>=0.7,IF($C25<0.8,$D25*$E25," ")," ")," ") | Z25: =IF(ISNUMBER(SEARCH("Peso muerto",$B25)),IF($C25>=0.8,IF($C25<0.9,$D25*$E25," ")," ")," ") | AA25: =IF(ISNUMBER(SEARCH("Peso muerto",$B25)),IF($C25>=0.9,$D25*$E25," ")," ")
C26: 0.7 | D26: 3 | E26: 1 | F26: ='1RM'!$C$5*C26 -> 70 | I26: =D26*E26 -> 3 | J26: =F26*I26 -> 210 | R26: =IF(ISNUMBER(SEARCH("Press de banca",$B26)),IF($C26>=0.5,IF($C26<0.6,$D26*$E26," ")," ")," ") | S26: =IF(ISNUMBER(SEARCH("Press de banca",$B26)),IF($C26>=0.6,IF($C26<0.7,$D26*$E26," ")," ")," ") | T26: =IF(ISNUMBER(SEARCH("Press de banca",$B26)),IF($C26>=0.7,IF($C26<0.8,$D26*$E26," ")," ")," ") | U26: =IF(ISNUMBER(SEARCH("Press de banca",$B26)),IF($C26>=0.8,IF($C26<0.9,$D26*$E26," ")," ")," ") | V26: =IF(ISNUMBER(SEARCH("Press de banca",$B26)),IF($C26>=0.9,$D26*$E26," ")," ") | W26: =IF(ISNUMBER(SEARCH("Peso muerto",$B26)),IF($C26>=0.5,IF($C26<0.6,$D26*$E26," ")," ")," ") | X26: =IF(ISNUMBER(SEARCH("Peso muerto",$B26)),IF($C26>=0.6,IF($C26<0.7,$D26*$E26," ")," ")," ") | Y26: =IF(ISNUMBER(SEARCH("Peso muerto",$B26)),IF($C26>=0.7,IF($C26<0.8,$D26*$E26," ")," ")," ") | Z26: =IF(ISNUMBER(SEARCH("Peso muerto",$B26)),IF($C26>=0.8,IF($C26<0.9,$D26*$E26," ")," ")," ") | AA26: =IF(ISNUMBER(SEARCH("Peso muerto",$B26)),IF($C26>=0.9,$D26*$E26," ")," ")
C27: 0.7 | D27: 5 | E27: 1 | F27: ='1RM'!$C$5*C27 -> 70 | I27: =D27*E27 -> 5 | J27: =F27*I27 -> 350 | R27: =IF(ISNUMBER(SEARCH("Press de banca",$B27)),IF($C27>=0.5,IF($C27<0.6,$D27*$E27," ")," ")," ") | S27: =IF(ISNUMBER(SEARCH("Press de banca",$B27)),IF($C27>=0.6,IF($C27<0.7,$D27*$E27," ")," ")," ") | T27: =IF(ISNUMBER(SEARCH("Press de banca",$B27)),IF($C27>=0.7,IF($C27<0.8,$D27*$E27," ")," ")," ") | U27: =IF(ISNUMBER(SEARCH("Press de banca",$B27)),IF($C27>=0.8,IF($C27<0.9,$D27*$E27," ")," ")," ") | V27: =IF(ISNUMBER(SEARCH("Press de banca",$B27)),IF($C27>=0.9,$D27*$E27," ")," ") | W27: =IF(ISNUMBER(SEARCH("Peso muerto",$B27)),IF($C27>=0.5,IF($C27<0.6,$D27*$E27," ")," ")," ") | X27: =IF(ISNUMBER(SEARCH("Peso muerto",$B27)),IF($C27>=0.6,IF($C27<0.7,$D27*$E27," ")," ")," ") | Y27: =IF(ISNUMBER(SEARCH("Peso muerto",$B27)),IF($C27>=0.7,IF($C27<0.8,$D27*$E27," ")," ")," ") | Z27: =IF(ISNUMBER(SEARCH("Peso muerto",$B27)),IF($C27>=0.8,IF($C27<0.9,$D27*$E27," ")," ")," ") | AA27: =IF(ISNUMBER(SEARCH("Peso muerto",$B27)),IF($C27>=0.9,$D27*$E27," ")," ")
C28: 0.7 | D28: 7 | E28: 1 | F28: ='1RM'!$C$5*C28 -> 70 | I28: =D28*E28 -> 7 | J28: =F28*I28 -> 490 | R28: =IF(ISNUMBER(SEARCH("Press de banca",$B28)),IF($C28>=0.5,IF($C28<0.6,$D28*$E28," ")," ")," ") | S28: =IF(ISNUMBER(SEARCH("Press de banca",$B28)),IF($C28>=0.6,IF($C28<0.7,$D28*$E28," ")," ")," ") | T28: =IF(ISNUMBER(SEARCH("Press de banca",$B28)),IF($C28>=0.7,IF($C28<0.8,$D28*$E28," ")," ")," ") | U28: =IF(ISNUMBER(SEARCH("Press de banca",$B28)),IF($C28>=0.8,IF($C28<0.9,$D28*$E28," ")," ")," ") | V28: =IF(ISNUMBER(SEARCH("Press de banca",$B28)),IF($C28>=0.9,$D28*$E28," ")," ") | W28: =IF(ISNUMBER(SEARCH("Peso muerto",$B28)),IF($C28>=0.5,IF($C28<0.6,$D28*$E28," ")," ")," ") | X28: =IF(ISNUMBER(SEARCH("Peso muerto",$B28)),IF($C28>=0.6,IF($C28<0.7,$D28*$E28," ")," ")," ") | Y28: =IF(ISNUMBER(SEARCH("Peso muerto",$B28)),IF($C28>=0.7,IF($C28<0.8,$D28*$E28," ")," ")," ") | Z28: =IF(ISNUMBER(SEARCH("Peso muerto",$B28)),IF($C28>=0.8,IF($C28<0.9,$D28*$E28," ")," ")," ") | AA28: =IF(ISNUMBER(SEARCH("Peso muerto",$B28)),IF($C28>=0.9,$D28*$E28," ")," ")
C29: 0.7 | D29: 4 | E29: 1 | F29: ='1RM'!$C$5*C29 -> 70 | I29: =D29*E29 -> 4 | J29: =F29*I29 -> 280 | R29: =IF(ISNUMBER(SEARCH("Press de banca",$B29)),IF($C29>=0.5,IF($C29<0.6,$D29*$E29," ")," ")," ") | S29: =IF(ISNUMBER(SEARCH("Press de banca",$B29)),IF($C29>=0.6,IF($C29<0.7,$D29*$E29," ")," ")," ") | T29: =IF(ISNUMBER(SEARCH("Press de banca",$B29)),IF($C29>=0.7,IF($C29<0.8,$D29*$E29," ")," ")," ") | U29: =IF(ISNUMBER(SEARCH("Press de banca",$B29)),IF($C29>=0.8,IF($C29<0.9,$D29*$E29," ")," ")," ") | V29: =IF(ISNUMBER(SEARCH("Press de banca",$B29)),IF($C29>=0.9,$D29*$E29," ")," ") | W29: =IF(ISNUMBER(SEARCH("Peso muerto",$B29)),IF($C29>=0.5,IF($C29<0.6,$D29*$E29," ")," ")," ") | X29: =IF(ISNUMBER(SEARCH("Peso muerto",$B29)),IF($C29>=0.6,IF($C29<0.7,$D29*$E29," ")," ")," ") | Y29: =IF(ISNUMBER(SEARCH("Peso muerto",$B29)),IF($C29>=0.7,IF($C29<0.8,$D29*$E29," ")," ")," ") | Z29: =IF(ISNUMBER(SEARCH("Peso muerto",$B29)),IF($C29>=0.8,IF($C29<0.9,$D29*$E29," ")," ")," ") | AA29: =IF(ISNUMBER(SEARCH("Peso muerto",$B29)),IF($C29>=0.9,$D29*$E29," ")," ")
C30: 0.7 | D30: 6 | E30: 1 | F30: ='1RM'!$C$5*C30 -> 70 | I30: =D30*E30 -> 6 | J30: =F30*I30 -> 420 | R30: =IF(ISNUMBER(SEARCH("Press de banca",$B30)),IF($C30>=0.5,IF($C30<0.6,$D30*$E30," ")," ")," ") | S30: =IF(ISNUMBER(SEARCH("Press de banca",$B30)),IF($C30>=0.6,IF($C30<0.7,$D30*$E30," ")," ")," ") | T30: =IF(ISNUMBER(SEARCH("Press de banca",$B30)),IF($C30>=0.7,IF($C30<0.8,$D30*$E30," ")," ")," ") | U30: =IF(ISNUMBER(SEARCH("Press de banca",$B30)),IF($C30>=0.8,IF($C30<0.9,$D30*$E30," ")," ")," ") | V30: =IF(ISNUMBER(SEARCH("Press de banca",$B30)),IF($C30>=0.9,$D30*$E30," ")," ") | W30: =IF(ISNUMBER(SEARCH("Peso muerto",$B30)),IF($C30>=0.5,IF($C30<0.6,$D30*$E30," ")," ")," ") | X30: =IF(ISNUMBER(SEARCH("Peso muerto",$B30)),IF($C30>=0.6,IF($C30<0.7,$D30*$E30," ")," ")," ") | Y30: =IF(ISNUMBER(SEARCH("Peso muerto",$B30)),IF($C30>=0.7,IF($C30<0.8,$D30*$E30," ")," ")," ") | Z30: =IF(ISNUMBER(SEARCH("Peso muerto",$B30)),IF($C30>=0.8,IF($C30<0.9,$D30*$E30," ")," ")," ") | AA30: =IF(ISNUMBER(SEARCH("Peso muerto",$B30)),IF($C30>=0.9,$D30*$E30," ")," ")
C31: 0.7 | D31: 8 | E31: 1 | F31: ='1RM'!$C$5*C31 -> 70 | I31: =D31*E31 -> 8 | J31: =F31*I31 -> 560 | R31: =IF(ISNUMBER(SEARCH("Press de banca",$B31)),IF($C31>=0.5,IF($C31<0.6,$D31*$E31," ")," ")," ") | S31: =IF(ISNUMBER(SEARCH("Press de banca",$B31)),IF($C31>=0.6,IF($C31<0.7,$D31*$E31," ")," ")," ") | T31: =IF(ISNUMBER(SEARCH("Press de banca",$B31)),IF($C31>=0.7,IF($C31<0.8,$D31*$E31," ")," ")," ") | U31: =IF(ISNUMBER(SEARCH("Press de banca",$B31)),IF($C31>=0.8,IF($C31<0.9,$D31*$E31," ")," ")," ") | V31: =IF(ISNUMBER(SEARCH("Press de banca",$B31)),IF($C31>=0.9,$D31*$E31," ")," ") | W31: =IF(ISNUMBER(SEARCH("Peso muerto",$B31)),IF($C31>=0.5,IF($C31<0.6,$D31*$E31," ")," ")," ") | X31: =IF(ISNUMBER(SEARCH("Peso muerto",$B31)),IF($C31>=0.6,IF($C31<0.7,$D31*$E31," ")," ")," ") | Y31: =IF(ISNUMBER(SEARCH("Peso muerto",$B31)),IF($C31>=0.7,IF($C31<0.8,$D31*$E31," ")," ")," ") | Z31: =IF(ISNUMBER(SEARCH("Peso muerto",$B31)),IF($C31>=0.8,IF($C31<0.9,$D31*$E31," ")," ")," ") | AA31: =IF(ISNUMBER(SEARCH("Peso muerto",$B31)),IF($C31>=0.9,$D31*$E31," ")," ")
A32: 3 | B32: Peso muerto con pausa | C32: 0.55 | D32: 3 | E32: 1 | F32: ='1RM'!$C$6*C32 -> 55 | K32: =D32*E32 -> 3 | L32: =F32*K32 -> 165 | R32: =IF(ISNUMBER(SEARCH("Press de banca",$B32)),IF($C32>=0.5,IF($C32<0.6,$D32*$E32," ")," ")," ") | S32: =IF(ISNUMBER(SEARCH("Press de banca",$B32)),IF($C32>=0.6,IF($C32<0.7,$D32*$E32," ")," ")," ") | T32: =IF(ISNUMBER(SEARCH("Press de banca",$B32)),IF($C32>=0.7,IF($C32<0.8,$D32*$E32," ")," ")," ") | U32: =IF(ISNUMBER(SEARCH("Press de banca",$B32)),IF($C32>=0.8,IF($C32<0.9,$D32*$E32," ")," ")," ") | V32: =IF(ISNUMBER(SEARCH("Press de banca",$B32)),IF($C32>=0.9,$D32*$E32," ")," ") | W32: =IF(ISNUMBER(SEARCH("Peso muerto",$B32)),IF($C32>=0.5,IF($C32<0.6,$D32*$E32," ")," ")," ") -> 3 | X32: =IF(ISNUMBER(SEARCH("Peso muerto",$B32)),IF($C32>=0.6,IF($C32<0.7,$D32*$E32," ")," ")," ") | Y32: =IF(ISNUMBER(SEARCH("Peso muerto",$B32)),IF($C32>=0.7,IF($C32<0.8,$D32*$E32," ")," ")," ") | Z32: =IF(ISNUMBER(SEARCH("Peso muerto",$B32)),IF($C32>=0.8,IF($C32<0.9,$D32*$E32," ")," ")," ") | AA32: =IF(ISNUMBER(SEARCH("Peso muerto",$B32)),IF($C32>=0.9,$D32*$E32," ")," ")
C33: 0.65 | D33: 3 | E33: 1 | F33: ='1RM'!$C$6*C33 -> 65 | K33: =D33*E33 -> 3 | L33: =F33*K33 -> 195 | R33: =IF(ISNUMBER(SEARCH("Press de banca",$B33)),IF($C33>=0.5,IF($C33<0.6,$D33*$E33," ")," ")," ") | S33: =IF(ISNUMBER(SEARCH("Press de banca",$B33)),IF($C33>=0.6,IF($C33<0.7,$D33*$E33," ")," ")," ") | T33: =IF(ISNUMBER(SEARCH("Press de banca",$B33)),IF($C33>=0.7,IF($C33<0.8,$D33*$E33," ")," ")," ") | U33: =IF(ISNUMBER(SEARCH("Press de banca",$B33)),IF($C33>=0.8,IF($C33<0.9,$D33*$E33," ")," ")," ") | V33: =IF(ISNUMBER(SEARCH("Press de banca",$B33)),IF($C33>=0.9,$D33*$E33," ")," ") | W33: =IF(ISNUMBER(SEARCH("Peso muerto",$B33)),IF($C33>=0.5,IF($C33<0.6,$D33*$E33," ")," ")," ") | X33: =IF(ISNUMBER(SEARCH("Peso muerto",$B33)),IF($C33>=0.6,IF($C33<0.7,$D33*$E33," ")," ")," ") | Y33: =IF(ISNUMBER(SEARCH("Peso muerto",$B33)),IF($C33>=0.7,IF($C33<0.8,$D33*$E33," ")," ")," ") | Z33: =IF(ISNUMBER(SEARCH("Peso muerto",$B33)),IF($C33>=0.8,IF($C33<0.9,$D33*$E33," ")," ")," ") | AA33: =IF(ISNUMBER(SEARCH("Peso muerto",$B33)),IF($C33>=0.9,$D33*$E33," ")," ")
C34: 0.75 | D34: 2 | E34: 4 | F34: ='1RM'!$C$6*C34 -> 75 | K34: =D34*E34 -> 8 | L34: =F34*K34 -> 600 | R34: =IF(ISNUMBER(SEARCH("Press de banca",$B34)),IF($C34>=0.5,IF($C34<0.6,$D34*$E34," ")," ")," ") | S34: =IF(ISNUMBER(SEARCH("Press de banca",$B34)),IF($C34>=0.6,IF($C34<0.7,$D34*$E34," ")," ")," ") | T34: =IF(ISNUMBER(SEARCH("Press de banca",$B34)),IF($C34>=0.7,IF($C34<0.8,$D34*$E34," ")," ")," ") | U34: =IF(ISNUMBER(SEARCH("Press de banca",$B34)),IF($C34>=0.8,IF($C34<0.9,$D34*$E34," ")," ")," ") | V34: =IF(ISNUMBER(SEARCH("Press de banca",$B34)),IF($C34>=0.9,$D34*$E34," ")," ") | W34: =IF(ISNUMBER(SEARCH("Peso muerto",$B34)),IF($C34>=0.5,IF($C34<0.6,$D34*$E34," ")," ")," ") | X34: =IF(ISNUMBER(SEARCH("Peso muerto",$B34)),IF($C34>=0.6,IF($C34<0.7,$D34*$E34," ")," ")," ") | Y34: =IF(ISNUMBER(SEARCH("Peso muerto",$B34)),IF($C34>=0.7,IF($C34<0.8,$D34*$E34," ")," ")," ") | Z34: =IF(ISNUMBER(SEARCH("Peso muerto",$B34)),IF($C34>=0.8,IF($C34<0.9,$D34*$E34," ")," ")," ") | AA34: =IF(ISNUMBER(SEARCH("Peso muerto",$B34)),IF($C34>=0.9,$D34*$E34," ")," ")
A35: 4 | B35: Dominadas | D35: 10 | E35: 5
A36: 5 | B36: Buenos dias | D36: 5 | E36: 5
B38: Dia 5 | C38: % | D38: reps | E38: Series | F38: peso
A39: 1 | B39: Press de banca | C39: 0.5 | D39: 5 | E39: 1 | F39: ='1RM'!$C$5*C39 -> 50 | I39: =D39*E39 -> 5 | J39: =F39*I39 -> 250 | M39: =IF(ISNUMBER(SEARCH("Sentadilla",$B39)),IF($C39>=0.5,IF($C39<0.6,$D39*$E39," ")," ")," ") | N39: =IF(ISNUMBER(SEARCH("Sentadilla",$B39)),IF($C39>=0.6,IF($C39<0.7,$D39*$E39," ")," ")," ") | O39: =IF(ISNUMBER(SEARCH("Sentadilla",$B39)),IF($C39>=0.7,IF($C39<0.8,$D39*$E39," ")," ")," ") | P39: =IF(ISNUMBER(SEARCH("Sentadilla",$B39)),IF($C39>=0.8,IF($C39<0.9,$D39*$E39," ")," ")," ") | Q39: =IF(ISNUMBER(SEARCH("Sentadilla",$B39)),IF($C39>=0.9,$D39*$E39," ")," ") | R39: =IF(ISNUMBER(SEARCH("Press de banca",$B39)),IF($C39>=0.5,IF($C39<0.6,$D39*$E39," ")," ")," ") -> 5 | S39: =IF(ISNUMBER(SEARCH("Press de banca",$B39)),IF($C39>=0.6,IF($C39<0.7,$D39*$E39," ")," ")," ") | T39: =IF(ISNUMBER(SEARCH("Press de banca",$B39)),IF($C39>=0.7,IF($C39<0.8,$D39*$E39," ")," ")," ") | U39: =IF(ISNUMBER(SEARCH("Press de banca",$B39)),IF($C39>=0.8,IF($C39<0.9,$D39*$E39," ")," ")," ") | V39: =IF(ISNUMBER(SEARCH("Press de banca",$B39)),IF($C39>=0.9,$D39*$E39," ")," ")
C40: 0.6 | D40: 4 | E40: 1 | F40: ='1RM'!$C$5*C40 -> 60 | I40: =D40*E40 -> 4 | J40: =F40*I40 -> 240 | M40: =IF(ISNUMBER(SEARCH("Sentadilla",$B40)),IF($C40>=0.5,IF($C40<0.6,$D40*$E40," ")," ")," ") | N40: =IF(ISNUMBER(SEARCH("Sentadilla",$B40)),IF($C40>=0.6,IF($C40<0.7,$D40*$E40," ")," ")," ") | O40: =IF(ISNUMBER(SEARCH("Sentadilla",$B40)),IF($C40>=0.7,IF($C40<0.8,$D40*$E40," ")," ")," ") | P40: =IF(ISNUMBER(SEARCH("Sentadilla",$B40)),IF($C40>=0.8,IF($C40<0.9,$D40*$E40," ")," ")," ") | Q40: =IF(ISNUMBER(SEARCH("Sentadilla",$B40)),IF($C40>=0.9,$D40*$E40," ")," ") | R40: =IF(ISNUMBER(SEARCH("Press de banca",$B40)),IF($C40>=0.5,IF($C40<0.6,$D40*$E40," ")," ")," ") | S40: =IF(ISNUMBER(SEARCH("Press de banca",$B40)),IF($C40>=0.6,IF($C40<0.7,$D40*$E40," ")," ")," ") | T40: =IF(ISNUMBER(SEARCH("Press de banca",$B40)),IF($C40>=0.7,IF($C40<0.8,$D40*$E40," ")," ")," ") | U40: =IF(ISNUMBER(SEARCH("Press de banca",$B40)),IF($C40>=0.8,IF($C40<0.9,$D40*$E40," ")," ")," ") | V40: =IF(ISNUMBER(SEARCH("Press de banca",$B40)),IF($C40>=0.9,$D40*$E40," ")," ")
C41: 0.7 | D41: 3 | E41: 1 | F41: ='1RM'!$C$5*C41 -> 70 | I41: =D41*E41 -> 3 | J41: =F41*I41 -> 210 | M41: =IF(ISNUMBER(SEARCH("Sentadilla",$B41)),IF($C41>=0.5,IF($C41<0.6,$D41*$E41," ")," ")," ") | N41: =IF(ISNUMBER(SEARCH("Sentadilla",$B41)),IF($C41>=0.6,IF($C41<0.7,$D41*$E41," ")," ")," ") | O41: =IF(ISNUMBER(SEARCH("Sentadilla",$B41)),IF($C41>=0.7,IF($C41<0.8,$D41*$E41," ")," ")," ") | P41: =IF(ISNUMBER(SEARCH("Sentadilla",$B41)),IF($C41>=0.8,IF($C41<0.9,$D41*$E41," ")," ")," ") | Q41: =IF(ISNUMBER(SEARCH("Sentadilla",$B41)),IF($C41>=0.9,$D41*$E41," ")," ") | R41: =IF(ISNUMBER(SEARCH("Press de banca",$B41)),IF($C41>=0.5,IF($C41<0.6,$D41*$E41," ")," ")," ") | S41: =IF(ISNUMBER(SEARCH("Press de banca",$B41)),IF($C41>=0.6,IF($C41<0.7,$D41*$E41," ")," ")," ") | T41: =IF(ISNUMBER(SEARCH("Press de banca",$B41)),IF($C41>=0.7,IF($C41<0.8,$D41*$E41," ")," ")," ") | U41: =IF(ISNUMBER(SEARCH("Press de banca",$B41)),IF($C41>=0.8,IF($C41<0.9,$D41*$E41," ")," ")," ") | V41: =IF(ISNUMBER(SEARCH("Press de banca",$B41)),IF($C41>=0.9,$D41*$E41," ")," ")
C42: 0.75 | D42: 3 | E42: 4 | F42: ='1RM'!$C$5*C42 -> 75 | I42: =D42*E42 -> 12 | J42: =F42*I42 -> 900 | M42: =IF(ISNUMBER(SEARCH("Sentadilla",$B42)),IF($C42>=0.5,IF($C42<0.6,$D42*$E42," ")," ")," ") | N42: =IF(ISNUMBER(SEARCH("Sentadilla",$B42)),IF($C42>=0.6,IF($C42<0.7,$D42*$E42," ")," ")," ") | O42: =IF(ISNUMBER(SEARCH("Sentadilla",$B42)),IF($C42>=0.7,IF($C42<0.8,$D42*$E42," ")," ")," ") | P42: =IF(ISNUMBER(SEARCH("Sentadilla",$B42)),IF($C42>=0.8,IF($C42<0.9,$D42*$E42," ")," ")," ") | Q42: =IF(ISNUMBER(SEARCH("Sentadilla",$B42)),IF($C42>=0.9,$D42*$E42," ")," ") | R42: =IF(ISNUMBER(SEARCH("Press de banca",$B42)),IF($C42>=0.5,IF($C42<0.6,$D42*$E42," ")," ")," ") | S42: =IF(ISNUMBER(SEARCH("Press de banca",$B42)),IF($C42>=0.6,IF($C42<0.7,$D42*$E42," ")," ")," ") | T42: =IF(ISNUMBER(SEARCH("Press de banca",$B42)),IF($C42>=0.7,IF($C42<0.8,$D42*$E42," ")," ")," ") | U42: =IF(ISNUMBER(SEARCH("Press de banca",$B42)),IF($C42>=0.8,IF($C42<0.9,$D42*$E42," ")," ")," ") | V42: =IF(ISNUMBER(SEARCH("Press de banca",$B42)),IF($C42>=0.9,$D42*$E42," ")," ")
A43: 2 | B43: Sentadilla con pausa | C43: 0.5 | D43: 3 | E43: 1 | F43: ='1RM'!$C$4*C43 -> 50 | G43: =D43*E43 -> 3 | H43: =F43*G43 -> 150 | M43: =IF(ISNUMBER(SEARCH("Sentadilla",$B43)),IF($C43>=0.5,IF($C43<0.6,$D43*$E43," ")," ")," ") -> 3 | N43: =IF(ISNUMBER(SEARCH("Sentadilla",$B43)),IF($C43>=0.6,IF($C43<0.7,$D43*$E43," ")," ")," ") | O43: =IF(ISNUMBER(SEARCH("Sentadilla",$B43)),IF($C43>=0.7,IF($C43<0.8,$D43*$E43," ")," ")," ") | P43: =IF(ISNUMBER(SEARCH("Sentadilla",$B43)),IF($C43>=0.8,IF($C43<0.9,$D43*$E43," ")," ")," ") | Q43: =IF(ISNUMBER(SEARCH("Sentadilla",$B43)),IF($C43>=0.9,$D43*$E43," ")," ") | R43: =IF(ISNUMBER(SEARCH("Press de banca",$B43)),IF($C43>=0.5,IF($C43<0.6,$D43*$E43," ")," ")," ") | S43: =IF(ISNUMBER(SEARCH("Press de banca",$B43)),IF($C43>=0.6,IF($C43<0.7,$D43*$E43," ")," ")," ") | T43: =IF(ISNUMBER(SEARCH("Press de banca",$B43)),IF($C43>=0.7,IF($C43<0.8,$D43*$E43," ")," ")," ") | U43: =IF(ISNUMBER(SEARCH("Press de banca",$B43)),IF($C43>=0.8,IF($C43<0.9,$D43*$E43," ")," ")," ") | V43: =IF(ISNUMBER(SEARCH("Press de banca",$B43)),IF($C43>=0.9,$D43*$E43," ")," ")
C44: 0.6 | D44: 3 | E44: 1 | F44: ='1RM'!$C$4*C44 -> 60 | G44: =D44*E44 -> 3 | H44: =F44*G44 -> 180 | M44: =IF(ISNUMBER(SEARCH("Sentadilla",$B44)),IF($C44>=0.5,IF($C44<0.6,$D44*$E44," ")," ")," ") | N44: =IF(ISNUMBER(SEARCH("Sentadilla",$B44)),IF($C44>=0.6,IF($C44<0.7,$D44*$E44," ")," ")," ") | O44: =IF(ISNUMBER(SEARCH("Sentadilla",$B44)),IF($C44>=0.7,IF($C44<0.8,$D44*$E44," ")," ")," ") | P44: =IF(ISNUMBER(SEARCH("Sentadilla",$B44)),IF($C44>=0.8,IF($C44<0.9,$D44*$E44," ")," ")," ") | Q44: =IF(ISNUMBER(SEARCH("Sentadilla",$B44)),IF($C44>=0.9,$D44*$E44," ")," ") | R44: =IF(ISNUMBER(SEARCH("Press de banca",$B44)),IF($C44>=0.5,IF($C44<0.6,$D44*$E44," ")," ")," ") | S44: =IF(ISNUMBER(SEARCH("Press de banca",$B44)),IF($C44>=0.6,IF($C44<0.7,$D44*$E44," ")," ")," ") | T44: =IF(ISNUMBER(SEARCH("Press de banca",$B44)),IF($C44>=0.7,IF($C44<0.8,$D44*$E44," ")," ")," ") | U44: =IF(ISNUMBER(SEARCH("Press de banca",$B44)),IF($C44>=0.8,IF($C44<0.9,$D44*$E44," ")," ")," ") | V44: =IF(ISNUMBER(SEARCH("Press de banca",$B44)),IF($C44>=0.9,$D44*$E44," ")," ")
C45: 0.7 | D45: 3 | E45: 4 | F45: ='1RM'!$C$4*C45 -> 70 | G45: =D45*E45 -> 12 | H45: =F45*G45 -> 840 | M45: =IF(ISNUMBER(SEARCH("Sentadilla",$B45)),IF($C45>=0.5,IF($C45<0.6,$D45*$E45," ")," ")," ") | N45: =IF(ISNUMBER(SEARCH("Sentadilla",$B45)),IF($C45>=0.6,IF($C45<0.7,$D45*$E45," ")," ")," ") | O45: =IF(ISNUMBER(SEARCH("Sentadilla",$B45)),IF($C45>=0.7,IF($C45<0.8,$D45*$E45," ")," ")," ") | P45: =IF(ISNUMBER(SEARCH("Sentadilla",$B45)),IF($C45>=0.8,IF($C45<0.9,$D45*$E45," ")," ")," ") | Q45: =IF(ISNUMBER(SEARCH("Sentadilla",$B45)),IF($C45>=0.9,$D45*$E45," ")," ") | R45: =IF(ISNUMBER(SEARCH("Press de banca",$B45)),IF($C45>=0.5,IF($C45<0.6,$D45*$E45," ")," ")," ") | S45: =IF(ISNUMBER(SEARCH("Press de banca",$B45)),IF($C45>=0.6,IF($C45<0.7,$D45*$E45," ")," ")," ") | T45: =IF(ISNUMBER(SEARCH("Press de banca",$B45)),IF($C45>=0.7,IF($C45<0.8,$D45*$E45," ")," ")," ") | U45: =IF(ISNUMBER(SEARCH("Press de banca",$B45)),IF($C45>=0.8,IF($C45<0.9,$D45*$E45," ")," ")," ") | V45: =IF(ISNUMBER(SEARCH("Press de banca",$B45)),IF($C45>=0.9,$D45*$E45," ")," ")
A46: 3 | B46: Board Press de banca | C46: 0.6 | D46: 3 | E46: 1 | F46: ='1RM'!$C$5*C46 -> 60 | I46: =D46*E46 -> 3 | J46: =F46*I46 -> 180 | M46: =IF(ISNUMBER(SEARCH("Sentadilla",$B46)),IF($C46>=0.5,IF($C46<0.6,$D46*$E46," ")," ")," ") | N46: =IF(ISNUMBER(SEARCH("Sentadilla",$B46)),IF($C46>=0.6,IF($C46<0.7,$D46*$E46," ")," ")," ") | O46: =IF(ISNUMBER(SEARCH("Sentadilla",$B46)),IF($C46>=0.7,IF($C46<0.8,$D46*$E46," ")," ")," ") | P46: =IF(ISNUMBER(SEARCH("Sentadilla",$B46)),IF($C46>=0.8,IF($C46<0.9,$D46*$E46," ")," ")," ") | Q46: =IF(ISNUMBER(SEARCH("Sentadilla",$B46)),IF($C46>=0.9,$D46*$E46," ")," ") | R46: =IF(ISNUMBER(SEARCH("Press de banca",$B46)),IF($C46>=0.5,IF($C46<0.6,$D46*$E46," ")," ")," ") | S46: =IF(ISNUMBER(SEARCH("Press de banca",$B46)),IF($C46>=0.6,IF($C46<0.7,$D46*$E46," ")," ")," ") -> 3 | T46: =IF(ISNUMBER(SEARCH("Press de banca",$B46)),IF($C46>=0.7,IF($C46<0.8,$D46*$E46," ")," ")," ") | U46: =IF(ISNUMBER(SEARCH("Press de banca",$B46)),IF($C46>=0.8,IF($C46<0.9,$D46*$E46," ")," ")," ") | V46: =IF(ISNUMBER(SEARCH("Press de banca",$B46)),IF($C46>=0.9,$D46*$E46," ")," ")
C47: 0.7 | D47: 3 | E47: 1 | F47: ='1RM'!$C$5*C47 -> 70 | I47: =D47*E47 -> 3 | J47: =F47*I47 -> 210 | M47: =IF(ISNUMBER(SEARCH("Sentadilla",$B47)),IF($C47>=0.5,IF($C47<0.6,$D47*$E47," ")," ")," ") | N47: =IF(ISNUMBER(SEARCH("Sentadilla",$B47)),IF($C47>=0.6,IF($C47<0.7,$D47*$E47," ")," ")," ") | O47: =IF(ISNUMBER(SEARCH("Sentadilla",$B47)),IF($C47>=0.7,IF($C47<0.8,$D47*$E47," ")," ")," ") | P47: =IF(ISNUMBER(SEARCH("Sentadilla",$B47)),IF($C47>=0.8,IF($C47<0.9,$D47*$E47," ")," ")," ") | Q47: =IF(ISNUMBER(SEARCH("Sentadilla",$B47)),IF($C47>=0.9,$D47*$E47," ")," ") | R47: =IF(ISNUMBER(SEARCH("Press de banca",$B47)),IF($C47>=0.5,IF($C47<0.6,$D47*$E47," ")," ")," ") | S47: =IF(ISNUMBER(SEARCH("Press de banca",$B47)),IF($C47>=0.6,IF($C47<0.7,$D47*$E47," ")," ")," ") | T47: =IF(ISNUMBER(SEARCH("Press de banca",$B47)),IF($C47>=0.7,IF($C47<0.8,$D47*$E47," ")," ")," ") | U47: =IF(ISNUMBER(SEARCH("Press de banca",$B47)),IF($C47>=0.8,IF($C47<0.9,$D47*$E47," ")," ")," ") | V47: =IF(ISNUMBER(SEARCH("Press de banca",$B47)),IF($C47>=0.9,$D47*$E47," ")," ")
C48: 0.8 | D48: 3 | E48: 2 | F48: ='1RM'!$C$5*C48 -> 80 | I48: =D48*E48 -> 6 | J48: =F48*I48 -> 480 | M48: =IF(ISNUMBER(SEARCH("Sentadilla",$B48)),IF($C48>=0.5,IF($C48<0.6,$D48*$E48," ")," ")," ") | N48: =IF(ISNUMBER(SEARCH("Sentadilla",$B48)),IF($C48>=0.6,IF($C48<0.7,$D48*$E48," ")," ")," ") | O48: =IF(ISNUMBER(SEARCH("Sentadilla",$B48)),IF($C48>=0.7,IF($C48<0.8,$D48*$E48," ")," ")," ") | P48: =IF(ISNUMBER(SEARCH("Sentadilla",$B48)),IF($C48>=0.8,IF($C48<0.9,$D48*$E48," ")," ")," ") | Q48: =IF(ISNUMBER(SEARCH("Sentadilla",$B48)),IF($C48>=0.9,$D48*$E48," ")," ") | R48: =IF(ISNUMBER(SEARCH("Press de banca",$B48)),IF($C48>=0.5,IF($C48<0.6,$D48*$E48," ")," ")," ") | S48: =IF(ISNUMBER(SEARCH("Press de banca",$B48)),IF($C48>=0.6,IF($C48<0.7,$D48*$E48," ")," ")," ") | T48: =IF(ISNUMBER(SEARCH("Press de banca",$B48)),IF($C48>=0.7,IF($C48<0.8,$D48*$E48," ")," ")," ") | U48: =IF(ISNUMBER(SEARCH("Press de banca",$B48)),IF($C48>=0.8,IF($C48<0.9,$D48*$E48," ")," ")," ") | V48: =IF(ISNUMBER(SEARCH("Press de banca",$B48)),IF($C48>=0.9,$D48*$E48," ")," ")
C49: 0.85 | D49: 2 | E49: 3 | F49: ='1RM'!$C$5*C49 -> 85 | I49: =D49*E49 -> 6 | J49: =F49*I49 -> 510 | M49: =IF(ISNUMBER(SEARCH("Sentadilla",$B49)),IF($C49>=0.5,IF($C49<0.6,$D49*$E49," ")," ")," ") | N49: =IF(ISNUMBER(SEARCH("Sentadilla",$B49)),IF($C49>=0.6,IF($C49<0.7,$D49*$E49," ")," ")," ") | O49: =IF(ISNUMBER(SEARCH("Sentadilla",$B49)),IF($C49>=0.7,IF($C49<0.8,$D49*$E49," ")," ")," ") | P49: =IF(ISNUMBER(SEARCH("Sentadilla",$B49)),IF($C49>=0.8,IF($C49<0.9,$D49*$E49," ")," ")," ") | Q49: =IF(ISNUMBER(SEARCH("Sentadilla",$B49)),IF($C49>=0.9,$D49*$E49," ")," ") | R49: =IF(ISNUMBER(SEARCH("Press de banca",$B49)),IF($C49>=0.5,IF($C49<0.6,$D49*$E49," ")," ")," ") | S49: =IF(ISNUMBER(SEARCH("Press de banca",$B49)),IF($C49>=0.6,IF($C49<0.7,$D49*$E49," ")," ")," ") | T49: =IF(ISNUMBER(SEARCH("Press de banca",$B49)),IF($C49>=0.7,IF($C49<0.8,$D49*$E49," ")," ")," ") | U49: =IF(ISNUMBER(SEARCH("Press de banca",$B49)),IF($C49>=0.8,IF($C49<0.9,$D49*$E49," ")," ")," ") | V49: =IF(ISNUMBER(SEARCH("Press de banca",$B49)),IF($C49>=0.9,$D49*$E49," ")," ")
A50: 4 | B50: Press de banca inclinado | D50: 10 | E50: 5
A51: 5 | B51: Hiperextensiones de espalda | D51: 8 | E51: 4
B53: Dia 6 | C53: % | D53: reps | E53: Series | F53: peso
A54: 1 | B54: Deficit Peso muerto | C54: 0.5 | D54: 3 | E54: 1 | F54: ='1RM'!$C$6*C54 -> 50 | K54: =D54*E54 -> 3 | L54: =F54*K54 -> 150 | W54: =IF(ISNUMBER(SEARCH("Peso muerto",$B54)),IF($C54>=0.5,IF($C54<0.6,$D54*$E54," ")," ")," ") -> 3 | X54: =IF(ISNUMBER(SEARCH("Peso muerto",$B54)),IF($C54>=0.6,IF($C54<0.7,$D54*$E54," ")," ")," ") | Y54: =IF(ISNUMBER(SEARCH("Peso muerto",$B54)),IF($C54>=0.7,IF($C54<0.8,$D54*$E54," ")," ")," ") | Z54: =IF(ISNUMBER(SEARCH("Peso muerto",$B54)),IF($C54>=0.8,IF($C54<0.9,$D54*$E54," ")," ")," ") | AA54: =IF(ISNUMBER(SEARCH("Peso muerto",$B54)),IF($C54>=0.9,$D54*$E54," ")," ")
C55: 0.6 | D55: 2 | E55: 4 | F55: ='1RM'!$C$6*C55 -> 60 | K55: =D55*E55 -> 8 | L55: =F55*K55 -> 480 | W55: =IF(ISNUMBER(SEARCH("Peso muerto",$B55)),IF($C55>=0.5,IF($C55<0.6,$D55*$E55," ")," ")," ") | X55: =IF(ISNUMBER(SEARCH("Peso muerto",$B55)),IF($C55>=0.6,IF($C55<0.7,$D55*$E55," ")," ")," ") | Y55: =IF(ISNUMBER(SEARCH("Peso muerto",$B55)),IF($C55>=0.7,IF($C55<0.8,$D55*$E55," ")," ")," ") | Z55: =IF(ISNUMBER(SEARCH("Peso muerto",$B55)),IF($C55>=0.8,IF($C55<0.9,$D55*$E55," ")," ")," ") | AA55: =IF(ISNUMBER(SEARCH("Peso muerto",$B55)),IF($C55>=0.9,$D55*$E55," ")," ")
A56: 2 | B56: Press de banca inclinado | D56: 3 | E56: 5 | W56: =IF(ISNUMBER(SEARCH("Peso muerto",$B56)),IF($C56>=0.5,IF($C56<0.6,$D56*$E56," ")," ")," ") | X56: =IF(ISNUMBER(SEARCH("Peso muerto",$B56)),IF($C56>=0.6,IF($C56<0.7,$D56*$E56," ")," ")," ") | Y56: =IF(ISNUMBER(SEARCH("Peso muerto",$B56)),IF($C56>=0.7,IF($C56<0.8,$D56*$E56," ")," ")," ") | Z56: =IF(ISNUMBER(SEARCH("Peso muerto",$B56)),IF($C56>=0.8,IF($C56<0.9,$D56*$E56," ")," ")," ") | AA56: =IF(ISNUMBER(SEARCH("Peso muerto",$B56)),IF($C56>=0.9,$D56*$E56," ")," ")
A57: 3 | B57: Peso muerto desde cajas | C57: 0.55 | D57: 3 | E57: 1 | F57: ='1RM'!$C$6*C57 -> 55 | K57: =D57*E57 -> 3 | L57: =F57*K57 -> 165 | W57: =IF(ISNUMBER(SEARCH("Peso muerto",$B57)),IF($C57>=0.5,IF($C57<0.6,$D57*$E57," ")," ")," ") -> 3 | X57: =IF(ISNUMBER(SEARCH("Peso muerto",$B57)),IF($C57>=0.6,IF($C57<0.7,$D57*$E57," ")," ")," ") | Y57: =IF(ISNUMBER(SEARCH("Peso muerto",$B57)),IF($C57>=0.7,IF($C57<0.8,$D57*$E57," ")," ")," ") | Z57: =IF(ISNUMBER(SEARCH("Peso muerto",$B57)),IF($C57>=0.8,IF($C57<0.9,$D57*$E57," ")," ")," ") | AA57: =IF(ISNUMBER(SEARCH("Peso muerto",$B57)),IF($C57>=0.9,$D57*$E57," ")," ")
C58: 0.65 | D58: 3 | E58: 1 | F58: ='1RM'!$C$6*C58 -> 65 | K58: =D58*E58 -> 3 | L58: =F58*K58 -> 195 | W58: =IF(ISNUMBER(SEARCH("Peso muerto",$B58)),IF($C58>=0.5,IF($C58<0.6,$D58*$E58," ")," ")," ") | X58: =IF(ISNUMBER(SEARCH("Peso muerto",$B58)),IF($C58>=0.6,IF($C58<0.7,$D58*$E58," ")," ")," ") | Y58: =IF(ISNUMBER(SEARCH("Peso muerto",$B58)),IF($C58>=0.7,IF($C58<0.8,$D58*$E58," ")," ")," ") | Z58: =IF(ISNUMBER(SEARCH("Peso muerto",$B58)),IF($C58>=0.8,IF($C58<0.9,$D58*$E58," ")," ")," ") | AA58: =IF(ISNUMBER(SEARCH("Peso muerto",$B58)),IF($C58>=0.9,$D58*$E58," ")," ")
C59: 0.75 | D59: 3 | E59: 2 | F59: ='1RM'!$C$6*C59 -> 75 | K59: =D59*E59 -> 6 | L59: =F59*K59 -> 450 | W59: =IF(ISNUMBER(SEARCH("Peso muerto",$B59)),IF($C59>=0.5,IF($C59<0.6,$D59*$E59," ")," ")," ") | X59: =IF(ISNUMBER(SEARCH("Peso muerto",$B59)),IF($C59>=0.6,IF($C59<0.7,$D59*$E59," ")," ")," ") | Y59: =IF(ISNUMBER(SEARCH("Peso muerto",$B59)),IF($C59>=0.7,IF($C59<0.8,$D59*$E59," ")," ")," ") | Z59: =IF(ISNUMBER(SEARCH("Peso muerto",$B59)),IF($C59>=0.8,IF($C59<0.9,$D59*$E59," ")," ")," ") | AA59: =IF(ISNUMBER(SEARCH("Peso muerto",$B59)),IF($C59>=0.9,$D59*$E59," ")," ")
C60: 0.85 | D60: 2 | E60: 3 | F60: ='1RM'!$C$6*C60 -> 85 | K60: =D60*E60 -> 6 | L60: =F60*K60 -> 510 | W60: =IF(ISNUMBER(SEARCH("Peso muerto",$B60)),IF($C60>=0.5,IF($C60<0.6,$D60*$E60," ")," ")," ") | X60: =IF(ISNUMBER(SEARCH("Peso muerto",$B60)),IF($C60>=0.6,IF($C60<0.7,$D60*$E60," ")," ")," ") | Y60: =IF(ISNUMBER(SEARCH("Peso muerto",$B60)),IF($C60>=0.7,IF($C60<0.8,$D60*$E60," ")," ")," ") | Z60: =IF(ISNUMBER(SEARCH("Peso muerto",$B60)),IF($C60>=0.8,IF($C60<0.9,$D60*$E60," ")," ")," ") | AA60: =IF(ISNUMBER(SEARCH("Peso muerto",$B60)),IF($C60>=0.9,$D60*$E60," ")," ")
A61: 4 | B61: Fondos | D61: 8 | E61: 5
A62: 5 | B62: Prensa | D62: 8 | E62: 5
A63: 6 | B63: Reverse Hypers | D63: 8 | E63: 4
G64: =SUM(G7:G63) -> 52 | H64: =SUM(H7:H63) -> 3010 | I64: =SUM(I7:I63) -> 105 | J64: =SUM(J7:J63) -> 7140 | K64: =SUM(K7:K63) -> 61 | L64: =SUM(L7:L63) -> 4080 | M64: =SUM(M7:M63) -> 6 | N64: =SUM(N7:N63) -> 0 | ... AA64: =SUM(AA7:AA63) -> 0
B65: Semana 2
B66: Dia 1 | C66: % | D66: reps | E66: Series | F66: peso
A67: 1 | B67: Sentadilla | C67: 0.5 | D67: 5 | E67: 1 | F67: ='1RM'!$C$4*C67 -> 50 | G67: =D67*E67 -> 5 | H67: =F67*G67 -> 250 | M67: =IF(ISNUMBER(SEARCH("Sentadilla",$B67)),IF($C67>=0.5,IF($C67<0.6,$D67*$E67," ")," ")," ") -> 5 | N67: =IF(ISNUMBER(SEARCH("Sentadilla",$B67)),IF($C67>=0.6,IF($C67<0.7,$D67*$E67," ")," ")," ") | O67: =IF(ISNUMBER(SEARCH("Sentadilla",$B67)),IF($C67>=0.7,IF($C67<0.8,$D67*$E67," ")," ")," ") | P67: =IF(ISNUMBER(SEARCH("Sentadilla",$B67)),IF($C67>=0.8,IF($C67<0.9,$D67*$E67," ")," ")," ") | Q67: =IF(ISNUMBER(SEARCH("Sentadilla",$B67)),IF($C67>=0.9,$D67*$E67," ")," ") | R67: =IF(ISNUMBER(SEARCH("Press de banca",$B67)),IF($C67>=0.5,IF($C67<0.6,$D67*$E67," ")," ")," ") | S67: =IF(ISNUMBER(SEARCH("Press de banca",$B67)),IF($C67>=0.6,IF($C67<0.7,$D67*$E67," ")," ")," ") | T67: =IF(ISNUMBER(SEARCH("Press de banca",$B67)),IF($C67>=0.7,IF($C67<0.8,$D67*$E67," ")," ")," ") | U67: =IF(ISNUMBER(SEARCH("Press de banca",$B67)),IF($C67>=0.8,IF($C67<0.9,$D67*$E67," ")," ")," ") | V67: =IF(ISNUMBER(SEARCH("Press de banca",$B67)),IF($C67>=0.9,$D67*$E67," ")," ")
C68: 0.6 | D68: 4 | E68: 1 | F68: ='1RM'!$C$4*C68 -> 60 | G68: =D68*E68 -> 4 | H68: =F68*G68 -> 240 | M68: =IF(ISNUMBER(SEARCH("Sentadilla",$B68)),IF($C68>=0.5,IF($C68<0.6,$D68*$E68," ")," ")," ") | N68: =IF(ISNUMBER(SEARCH("Sentadilla",$B68)),IF($C68>=0.6,IF($C68<0.7,$D68*$E68," ")," ")," ") | O68: =IF(ISNUMBER(SEARCH("Sentadilla",$B68)),IF($C68>=0.7,IF($C68<0.8,$D68*$E68," ")," ")," ") | P68: =IF(ISNUMBER(SEARCH("Sentadilla",$B68)),IF($C68>=0.8,IF($C68<0.9,$D68*$E68," ")," ")," ") | Q68: =IF(ISNUMBER(SEARCH("Sentadilla",$B68)),IF($C68>=0.9,$D68*$E68," ")," ") | R68: =IF(ISNUMBER(SEARCH("Press de banca",$B68)),IF($C68>=0.5,IF($C68<0.6,$D68*$E68," ")," ")," ") | S68: =IF(ISNUMBER(SEARCH("Press de banca",$B68)),IF($C68>=0.6,IF($C68<0.7,$D68*$E68," ")," ")," ") | T68: =IF(ISNUMBER(SEARCH("Press de banca",$B68)),IF($C68>=0.7,IF($C68<0.8,$D68*$E68," ")," ")," ") | U68: =IF(ISNUMBER(SEARCH("Press de banca",$B68)),IF($C68>=0.8,IF($C68<0.9,$D68*$E68," ")," ")," ") | V68: =IF(ISNUMBER(SEARCH("Press de banca",$B68)),IF($C68>=0.9,$D68*$E68," ")," ")
C69: 0.7 | D69: 3 | E69: 1 | F69: ='1RM'!$C$4*C69 -> 70 | G69: =D69*E69 -> 3 | H69: =F69*G69 -> 210 | M69: =IF(ISNUMBER(SEARCH("Sentadilla",$B69)),IF($C69>=0.5,IF($C69<0.6,$D69*$E69," ")," ")," ") | N69: =IF(ISNUMBER(SEARCH("Sentadilla",$B69)),IF($C69>=0.6,IF($C69<0.7,$D69*$E69," ")," ")," ") | O69: =IF(ISNUMBER(SEARCH("Sentadilla",$B69)),IF($C69>=0.7,IF($C69<0.8,$D69*$E69," ")," ")," ") | P69: =IF(ISNUMBER(SEARCH("Sentadilla",$B69)),IF($C69>=0.8,IF($C69<0.9,$D69*$E69," ")," ")," ") | Q69: =IF(ISNUMBER(SEARCH("Sentadilla",$B69)),IF($C69>=0.9,$D69*$E69," ")," ") | R69: =IF(ISNUMBER(SEARCH("Press de banca",$B69)),IF($C69>=0.5,IF($C69<0.6,$D69*$E69," ")," ")," ") | S69: =IF(ISNUMBER(SEARCH("Press de banca",$B69)),IF($C69>=0.6,IF($C69<0.7,$D69*$E69," ")," ")," ") | T69: =IF(ISNUMBER(SEARCH("Press de banca",$B69)),IF($C69>=0.7,IF($C69<0.8,$D69*$E69," ")," ")," ") | U69: =IF(ISNUMBER(SEARCH("Press de banca",$B69)),IF($C69>=0.8,IF($C69<0.9,$D69*$E69," ")," ")," ") | V69: =IF(ISNUMBER(SEARCH("Press de banca",$B69)),IF($C69>=0.9,$D69*$E69," ")," ")
C70: 0.75 | D70: 3 | E70: 1 | F70: ='1RM'!$C$4*C70 -> 75 | G70: =D70*E70 -> 3 | H70: =F70*G70 -> 225 | M70: =IF(ISNUMBER(SEARCH("Sentadilla",$B70)),IF($C70>=0.5,IF($C70<0.6,$D70*$E70," ")," ")," ") | N70: =IF(ISNUMBER(SEARCH("Sentadilla",$B70)),IF($C70>=0.6,IF($C70<0.7,$D70*$E70," ")," ")," ") | O70: =IF(ISNUMBER(SEARCH("Sentadilla",$B70)),IF($C70>=0.7,IF($C70<0.8,$D70*$E70," ")," ")," ") | P70: =IF(ISNUMBER(SEARCH("Sentadilla",$B70)),IF($C70>=0.8,IF($C70<0.9,$D70*$E70," ")," ")," ") | Q70: =IF(ISNUMBER(SEARCH("Sentadilla",$B70)),IF($C70>=0.9,$D70*$E70," ")," ") | R70: =IF(ISNUMBER(SEARCH("Press de banca",$B70)),IF($C70>=0.5,IF($C70<0.6,$D70*$E70," ")," ")," ") | S70: =IF(ISNUMBER(SEARCH("Press de banca",$B70)),IF($C70>=0.6,IF($C70<0.7,$D70*$E70," ")," ")," ") | T70: =IF(ISNUMBER(SEARCH("Press de banca",$B70)),IF($C70>=0.7,IF($C70<0.8,$D70*$E70," ")," ")," ") | U70: =IF(ISNUMBER(SEARCH("Press de banca",$B70)),IF($C70>=0.8,IF($C70<0.9,$D70*$E70," ")," ")," ") | V70: =IF(ISNUMBER(SEARCH("Press de banca",$B70)),IF($C70>=0.9,$D70*$E70," ")," ")
C71: 0.8 | D71: 4 | E71: 5 | F71: ='1RM'!$C$4*C71 -> 80 | G71: =D71*E71 -> 20 | H71: =F71*G71 -> 1600 | M71: =IF(ISNUMBER(SEARCH("Sentadilla",$B71)),IF($C71>=0.5,IF($C71<0.6,$D71*$E71," ")," ")," ") | N71: =IF(ISNUMBER(SEARCH("Sentadilla",$B71)),IF($C71>=0.6,IF($C71<0.7,$D71*$E71," ")," ")," ") | O71: =IF(ISNUMBER(SEARCH("Sentadilla",$B71)),IF($C71>=0.7,IF($C71<0.8,$D71*$E71," ")," ")," ") | P71: =IF(ISNUMBER(SEARCH("Sentadilla",$B71)),IF($C71>=0.8,IF($C71<0.9,$D71*$E71," ")," ")," ") | Q71: =IF(ISNUMBER(SEARCH("Sentadilla",$B71)),IF($C71>=0.9,$D71*$E71," ")," ") | R71: =IF(ISNUMBER(SEARCH("Press de banca",$B71)),IF($C71>=0.5,IF($C71<0.6,$D71*$E71," ")," ")," ") | S71: =IF(ISNUMBER(SEARCH("Press de banca",$B71)),IF($C71>=0.6,IF($C71<0.7,$D71*$E71," ")," ")," ") | T71: =IF(ISNUMBER(SEARCH("Press de banca",$B71)),IF($C71>=0.7,IF($C71<0.8,$D71*$E71," ")," ")," ") | U71: =IF(ISNUMBER(SEARCH("Press de banca",$B71)),IF($C71>=0.8,IF($C71<0.9,$D71*$E71," ")," ")," ") | V71: =IF(ISNUMBER(SEARCH("Press de banca",$B71)),IF($C71>=0.9,$D71*$E71," ")," ")
A72: 2 | B72: Press de banca | C72: 0.5 | D72: 5 | E72: 1 | F72: ='1RM'!$C$5*C72 -> 50 | I72: =D72*E72 -> 5 | J72: =F72*I72 -> 250 | M72: =IF(ISNUMBER(SEARCH("Sentadilla",$B72)),IF($C72>=0.5,IF($C72<0.6,$D72*$E72," ")," ")," ") | N72: =IF(ISNUMBER(SEARCH("Sentadilla",$B72)),IF($C72>=0.6,IF($C72<0.7,$D72*$E72," ")," ")," ") | O72: =IF(ISNUMBER(SEARCH("Sentadilla",$B72)),IF($C72>=0.7,IF($C72<0.8,$D72*$E72," ")," ")," ") | P72: =IF(ISNUMBER(SEARCH("Sentadilla",$B72)),IF($C72>=0.8,IF($C72<0.9,$D72*$E72," ")," ")," ") | Q72: =IF(ISNUMBER(SEARCH("Sentadilla",$B72)),IF($C72>=0.9,$D72*$E72," ")," ") | R72: =IF(ISNUMBER(SEARCH("Press de banca",$B72)),IF($C72>=0.5,IF($C72<0.6,$D72*$E72," ")," ")," ") -> 5 | S72: =IF(ISNUMBER(SEARCH("Press de banca",$B72)),IF($C72>=0.6,IF($C72<0.7,$D72*$E72," ")," ")," ") | T72: =IF(ISNUMBER(SEARCH("Press de banca",$B72)),IF($C72>=0.7,IF($C72<0.8,$D72*$E72," ")," ")," ") | U72: =IF(ISNUMBER(SEARCH("Press de banca",$B72)),IF($C72>=0.8,IF($C72<0.9,$D72*$E72," ")," ")," ") | V72: =IF(ISNUMBER(SEARCH("Press de banca",$B72)),IF($C72>=0.9,$D72*$E72," ")," ")
C73: 0.6 | D73: 4 | E73: 1 | F73: ='1RM'!$C$5*C73 -> 60 | I73: =D73*E73 -> 4 | J73: =F73*I73 -> 240 | M73: =IF(ISNUMBER(SEARCH("Sentadilla",$B73)),IF($C73>=0.5,IF($C73<0.6,$D73*$E73," ")," ")," ") | N73: =IF(ISNUMBER(SEARCH("Sentadilla",$B73)),IF($C73>=0.6,IF($C73<0.7,$D73*$E73," ")," ")," ") | O73: =IF(ISNUMBER(SEARCH("Sentadilla",$B73)),IF($C73>=0.7,IF($C73<0.8,$D73*$E73," ")," ")," ") | P73: =IF(ISNUMBER(SEARCH("Sentadilla",$B73)),IF($C73>=0.8,IF($C73<0.9,$D73*$E73," ")," ")," ") | Q73: =IF(ISNUMBER(SEARCH("Sentadilla",$B73)),IF($C73>=0.9,$D73*$E73," ")," ") | R73: =IF(ISNUMBER(SEARCH("Press de banca",$B73)),IF($C73>=0.5,IF($C73<0.6,$D73*$E73," ")," ")," ") | S73: =IF(ISNUMBER(SEARCH("Press de banca",$B73)),IF($C73>=0.6,IF($C73<0.7,$D73*$E73," ")," ")," ") | T73: =IF(ISNUMBER(SEARCH("Press de banca",$B73)),IF($C73>=0.7,IF($C73<0.8,$D73*$E73," ")," ")," ") | U73: =IF(ISNUMBER(SEARCH("Press de banca",$B73)),IF($C73>=0.8,IF($C73<0.9,$D73*$E73," ")," ")," ") | V73: =IF(ISNUMBER(SEARCH("Press de banca",$B73)),IF($C73>=0.9,$D73*$E73," ")," ")
C74: 0.7 | D74: 3 | E74: 1 | F74: ='1RM'!$C$5*C74 -> 70 | I74: =D74*E74 -> 3 | J74: =F74*I74 -> 210 | M74: =IF(ISNUMBER(SEARCH("Sentadilla",$B74)),IF($C74>=0.5,IF($C74<0.6,$D74*$E74," ")," ")," ") | N74: =IF(ISNUMBER(SEARCH("Sentadilla",$B74)),IF($C74>=0.6,IF($C74<0.7,$D74*$E74," ")," ")," ") | O74: =IF(ISNUMBER(SEARCH("Sentadilla",$B74)),IF($C74>=0.7,IF($C74<0.8,$D74*$E74," ")," ")," ") | P74: =IF(ISNUMBER(SEARCH("Sentadilla",$B74)),IF($C74>=0.8,IF($C74<0.9,$D74*$E74," ")," ")," ") | Q74: =IF(ISNUMBER(SEARCH("Sentadilla",$B74)),IF($C74>=0.9,$D74*$E74," ")," ") | R74: =IF(ISNUMBER(SEARCH("Press de banca",$B74)),IF($C74>=0.5,IF($C74<0.6,$D74*$E74," ")," ")," ") | S74: =IF(ISNUMBER(SEARCH("Press de banca",$B74)),IF($C74>=0.6,IF($C74<0.7,$D74*$E74," ")," ")," ") | T74: =IF(ISNUMBER(SEARCH("Press de banca",$B74)),IF($C74>=0.7,IF($C74<0.8,$D74*$E74," ")," ")," ") | U74: =IF(ISNUMBER(SEARCH("Press de banca",$B74)),IF($C74>=0.8,IF($C74<0.9,$D74*$E74," ")," ")," ") | V74: =IF(ISNUMBER(SEARCH("Press de banca",$B74)),IF($C74>=0.9,$D74*$E74," ")," ")
C75: 0.8 | D75: 4 | E75: 5 | F75: ='1RM'!$C$5*C75 -> 80 | I75: =D75*E75 -> 20 | J75: =F75*I75 -> 1600 | M75: =IF(ISNUMBER(SEARCH("Sentadilla",$B75)),IF($C75>=0.5,IF($C75<0.6,$D75*$E75," ")," ")," ") | N75: =IF(ISNUMBER(SEARCH("Sentadilla",$B75)),IF($C75>=0.6,IF($C75<0.7,$D75*$E75," ")," ")," ") | O75: =IF(ISNUMBER(SEARCH("Sentadilla",$B75)),IF($C75>=0.7,IF($C75<0.8,$D75*$E75," ")," ")," ") | P75: =IF(ISNUMBER(SEARCH("Sentadilla",$B75)),IF($C75>=0.8,IF($C75<0.9,$D75*$E75," ")," ")," ") | Q75: =IF(ISNUMBER(SEARCH("Sentadilla",$B75)),IF($C75>=0.9,$D75*$E75," ")," ") | R75: =IF(ISNUMBER(SEARCH("Press de banca",$B75)),IF($C75>=0.5,IF($C75<0.6,$D75*$E75," ")," ")," ") | S75: =IF(ISNUMBER(SEARCH("Press de banca",$B75)),IF($C75>=0.6,IF($C75<0.7,$D75*$E75," ")," ")," ") | T75: =IF(ISNUMBER(SEARCH("Press de banca",$B75)),IF($C75>=0.7,IF($C75<0.8,$D75*$E75," ")," ")," ") | U75: =IF(ISNUMBER(SEARCH("Press de banca",$B75)),IF($C75>=0.8,IF($C75<0.9,$D75*$E75," ")," ")," ") | V75: =IF(ISNUMBER(SEARCH("Press de banca",$B75)),IF($C75>=0.9,$D75*$E75," ")," ")
A76: 3 | B76: Press frances | D76: 10 | E76: 5
A77: 4 | B77: Press de banca inclinado | D77: 10 | E77: 5
A78: 5 | B78: Hiperextensiones de espalda | D78: 8 | E78: 4
B80: Dia 3 | C80: % | D80: reps | E80: Series | F80: peso
A81: 1 | B81: Press de banca con cadenas o bandas | C81: 0.5 | D81: 3 | E81: 1 | F81: ='1RM'!$C$5*C81 -> 50 | I81: =D81*E81 -> 3 | J81: =F81*I81 -> 150 | R81: =IF(ISNUMBER(SEARCH("Press de banca",$B81)),IF($C81>=0.5,IF($C81<0.6,$D81*$E81," ")," ")," ") -> 3 | S81: =IF(ISNUMBER(SEARCH("Press de banca",$B81)),IF($C81>=0.6,IF($C81<0.7,$D81*$E81," ")," ")," ") | T81: =IF(ISNUMBER(SEARCH("Press de banca",$B81)),IF($C81>=0.7,IF($C81<0.8,$D81*$E81," ")," ")," ") | U81: =IF(ISNUMBER(SEARCH("Press de banca",$B81)),IF($C81>=0.8,IF($C81<0.9,$D81*$E81," ")," ")," ") | V81: =IF(ISNUMBER(SEARCH("Press de banca",$B81)),IF($C81>=0.9,$D81*$E81," ")," ") | W81: =IF(ISNUMBER(SEARCH("Peso muerto",$B81)),IF($C81>=0.5,IF($C81<0.6,$D81*$E81," ")," ")," ") | X81: =IF(ISNUMBER(SEARCH("Peso muerto",$B81)),IF($C81>=0.6,IF($C81<0.7,$D81*$E81," ")," ")," ") | Y81: =IF(ISNUMBER(SEARCH("Peso muerto",$B81)),IF($C81>=0.7,IF($C81<0.8,$D81*$E81," ")," ")," ") | Z81: =IF(ISNUMBER(SEARCH("Peso muerto",$B81)),IF($C81>=0.8,IF($C81<0.9,$D81*$E81," ")," ")," ") | AA81: =IF(ISNUMBER(SEARCH("Peso muerto",$B81)),IF($C81>=0.9,$D81*$E81," ")," ")
C82: 0.6 | D82: 3 | E82: 1 | F82: ='1RM'!$C$5*C82 -> 60 | I82: =D82*E82 -> 3 | J82: =F82*I82 -> 180 | R82: =IF(ISNUMBER(SEARCH("Press de banca",$B82)),IF($C82>=0.5,IF($C82<0.6,$D82*$E82," ")," ")," ") | S82: =IF(ISNUMBER(SEARCH("Press de banca",$B82)),IF($C82>=0.6,IF($C82<0.7,$D82*$E82," ")," ")," ") | T82: =IF(ISNUMBER(SEARCH("Press de banca",$B82)),IF($C82>=0.7,IF($C82<0.8,$D82*$E82," ")," ")," ") | U82: =IF(ISNUMBER(SEARCH("Press de banca",$B82)),IF($C82>=0.8,IF($C82<0.9,$D82*$E82," ")," ")," ") | V82: =IF(ISNUMBER(SEARCH("Press de banca",$B82)),IF($C82>=0.9,$D82*$E82," ")," ") | W82: =IF(ISNUMBER(SEARCH("Peso muerto",$B82)),IF($C82>=0.5,IF($C82<0.6,$D82*$E82," ")," ")," ") | X82: =IF(ISNUMBER(SEARCH("Peso muerto",$B82)),IF($C82>=0.6,IF($C82<0.7,$D82*$E82," ")," ")," ") | Y82: =IF(ISNUMBER(SEARCH("Peso muerto",$B82)),IF($C82>=0.7,IF($C82<0.8,$D82*$E82," ")," ")," ") | Z82: =IF(ISNUMBER(SEARCH("Peso muerto",$B82)),IF($C82>=0.8,IF($C82<0.9,$D82*$E82," ")," ")," ") | AA82: =IF(ISNUMBER(SEARCH("Peso muerto",$B82)),IF($C82>=0.9,$D82*$E82," ")," ")
C83: 0.7 | D83: 3 | E83: 5 | F83: ='1RM'!$C$5*C83 -> 70 | I83: =D83*E83 -> 15 | J83: =F83*I83 -> 1050 | R83: =IF(ISNUMBER(SEARCH("Press de banca",$B83)),IF($C83>=0.5,IF($C83<0.6,$D83*$E83," ")," ")," ") | S83: =IF(ISNUMBER(SEARCH("Press de banca",$B83)),IF($C83>=0.6,IF($C83<0.7,$D83*$E83," ")," ")," ") | T83: =IF(ISNUMBER(SEARCH("Press de banca",$B83)),IF($C83>=0.7,IF($C83<0.8,$D83*$E83," ")," ")," ") | U83: =IF(ISNUMBER(SEARCH("Press de banca",$B83)),IF($C83>=0.8,IF($C83<0.9,$D83*$E83," ")," ")," ") | V83: =IF(ISNUMBER(SEARCH("Press de banca",$B83)),IF($C83>=0.9,$D83*$E83," ")," ") | W83: =IF(ISNUMBER(SEARCH("Peso muerto",$B83)),IF($C83>=0.5,IF($C83<0.6,$D83*$E83," ")," ")," ") | X83: =IF(ISNUMBER(SEARCH("Peso muerto",$B83)),IF($C83>=0.6,IF($C83<0.7,$D83*$E83," ")," ")," ") | Y83: =IF(ISNUMBER(SEARCH("Peso muerto",$B83)),IF($C83>=0.7,IF($C83<0.8,$D83*$E83," ")," ")," ") | Z83: =IF(ISNUMBER(SEARCH("Peso muerto",$B83)),IF($C83>=0.8,IF($C83<0.9,$D83*$E83," ")," ")," ") | AA83: =IF(ISNUMBER(SEARCH("Peso muerto",$B83)),IF($C83>=0.9,$D83*$E83," ")," ")
A84: 2 | B84: Peso muerto con pausa | C84: 0.5 | D84: 3 | E84: 1 | F84: ='1RM'!$C$6*C84 -> 50 | K84: =D84*E84 -> 3 | L84: =F84*K84 -> 150 | R84: =IF(ISNUMBER(SEARCH("Press de banca",$B84)),IF($C84>=0.5,IF($C84<0.6,$D84*$E84," ")," ")," ") | S84: =IF(ISNUMBER(SEARCH("Press de banca",$B84)),IF($C84>=0.6,IF($C84<0.7,$D84*$E84," ")," ")," ") | T84: =IF(ISNUMBER(SEARCH("Press de banca",$B84)),IF($C84>=0.7,IF($C84<0.8,$D84*$E84," ")," ")," ") | U84: =IF(ISNUMBER(SEARCH("Press de banca",$B84)),IF($C84>=0.8,IF($C84<0.9,$D84*$E84," ")," ")," ") | V84: =IF(ISNUMBER(SEARCH("Press de banca",$B84)),IF($C84>=0.9,$D84*$E84," ")," ") | W84: =IF(ISNUMBER(SEARCH("Peso muerto",$B84)),IF($C84>=0.5,IF($C84<0.6,$D84*$E84," ")," ")," ") -> 3 | X84: =IF(ISNUMBER(SEARCH("Peso muerto",$B84)),IF($C84>=0.6,IF($C84<0.7,$D84*$E84," ")," ")," ") | Y84: =IF(ISNUMBER(SEARCH("Peso muerto",$B84)),IF($C84>=0.7,IF($C84<0.8,$D84*$E84," ")," ")," ") | Z84: =IF(ISNUMBER(SEARCH("Peso muerto",$B84)),IF($C84>=0.8,IF($C84<0.9,$D84*$E84," ")," ")," ") | AA84: =IF(ISNUMBER(SEARCH("Peso muerto",$B84)),IF($C84>=0.9,$D84*$E84," ")," ")
C85: 0.6 | D85: 3 | E85: 1 | F85: ='1RM'!$C$6*C85 -> 60 | K85: =D85*E85 -> 3 | L85: =F85*K85 -> 180 | R85: =IF(ISNUMBER(SEARCH("Press de banca",$B85)),IF($C85>=0.5,IF($C85<0.6,$D85*$E85," ")," ")," ") | S85: =IF(ISNUMBER(SEARCH("Press de banca",$B85)),IF($C85>=0.6,IF($C85<0.7,$D85*$E85," ")," ")," ") | T85: =IF(ISNUMBER(SEARCH("Press de banca",$B85)),IF($C85>=0.7,IF($C85<0.8,$D85*$E85," ")," ")," ") | U85: =IF(ISNUMBER(SEARCH("Press de banca",$B85)),IF($C85>=0.8,IF($C85<0.9,$D85*$E85," ")," ")," ") | V85: =IF(ISNUMBER(SEARCH("Press de banca",$B85)),IF($C85>=0.9,$D85*$E85," ")," ") | W85: =IF(ISNUMBER(SEARCH("Peso muerto",$B85)),IF($C85>=0.5,IF($C85<0.6,$D85*$E85," ")," ")," ") | X85: =IF(ISNUMBER(SEARCH("Peso muerto",$B85)),IF($C85>=0.6,IF($C85<0.7,$D85*$E85," ")," ")," ") | Y85: =IF(ISNUMBER(SEARCH("Peso muerto",$B85)),IF($C85>=0.7,IF($C85<0.8,$D85*$E85," ")," ")," ") | Z85: =IF(ISNUMBER(SEARCH("Peso muerto",$B85)),IF($C85>=0.8,IF($C85<0.9,$D85*$E85," ")," ")," ") | AA85: =IF(ISNUMBER(SEARCH("Peso muerto",$B85)),IF($C85>=0.9,$D85*$E85," ")," ")
C86: 0.7 | D86: 3 | E86: 1 | F86: ='1RM'!$C$6*C86 -> 70 | K86: =D86*E86 -> 3 | L86: =F86*K86 -> 210 | R86: =IF(ISNUMBER(SEARCH("Press de banca",$B86)),IF($C86>=0.5,IF($C86<0.6,$D86*$E86," ")," ")," ") | S86: =IF(ISNUMBER(SEARCH("Press de banca",$B86)),IF($C86>=0.6,IF($C86<0.7,$D86*$E86," ")," ")," ") | T86: =IF(ISNUMBER(SEARCH("Press de banca",$B86)),IF($C86>=0.7,IF($C86<0.8,$D86*$E86," ")," ")," ") | U86: =IF(ISNUMBER(SEARCH("Press de banca",$B86)),IF($C86>=0.8,IF($C86<0.9,$D86*$E86," ")," ")," ") | V86: =IF(ISNUMBER(SEARCH("Press de banca",$B86)),IF($C86>=0.9,$D86*$E86," ")," ") | W86: =IF(ISNUMBER(SEARCH("Peso muerto",$B86)),IF($C86>=0.5,IF($C86<0.6,$D86*$E86," ")," ")," ") | X86: =IF(ISNUMBER(SEARCH("Peso muerto",$B86)),IF($C86>=0.6,IF($C86<0.7,$D86*$E86," ")," ")," ") | Y86: =IF(ISNUMBER(SEARCH("Peso muerto",$B86)),IF($C86>=0.7,IF($C86<0.8,$D86*$E86," ")," ")," ") | Z86: =IF(ISNUMBER(SEARCH("Peso muerto",$B86)),IF($C86>=0.8,IF($C86<0.9,$D86*$E86," ")," ")," ") | AA86: =IF(ISNUMBER(SEARCH("Peso muerto",$B86)),IF($C86>=0.9,$D86*$E86," ")," ")
C87: 0.75 | D87: 2 | E87: 5 | F87: ='1RM'!$C$6*C87 -> 75 | K87: =D87*E87 -> 10 | L87: =F87*K87 -> 750 | R87: =IF(ISNUMBER(SEARCH("Press de banca",$B87)),IF($C87>=0.5,IF($C87<0.6,$D87*$E87," ")," ")," ") | S87: =IF(ISNUMBER(SEARCH("Press de banca",$B87)),IF($C87>=0.6,IF($C87<0.7,$D87*$E87," ")," ")," ") | T87: =IF(ISNUMBER(SEARCH("Press de banca",$B87)),IF($C87>=0.7,IF($C87<0.8,$D87*$E87," ")," ")," ") | U87: =IF(ISNUMBER(SEARCH("Press de banca",$B87)),IF($C87>=0.8,IF($C87<0.9,$D87*$E87," ")," ")," ") | V87: =IF(ISNUMBER(SEARCH("Press de banca",$B87)),IF($C87>=0.9,$D87*$E87," ")," ") | W87: =IF(ISNUMBER(SEARCH("Peso muerto",$B87)),IF($C87>=0.5,IF($C87<0.6,$D87*$E87," ")," ")," ") | X87: =IF(ISNUMBER(SEARCH("Peso muerto",$B87)),IF($C87>=0.6,IF($C87<0.7,$D87*$E87," ")," ")," ") | Y87: =IF(ISNUMBER(SEARCH("Peso muerto",$B87)),IF($C87>=0.7,IF($C87<0.8,$D87*$E87," ")," ")," ") | Z87: =IF(ISNUMBER(SEARCH("Peso muerto",$B87)),IF($C87>=0.8,IF($C87<0.9,$D87*$E87," ")," ")," ") | AA87: =IF(ISNUMBER(SEARCH("Peso muerto",$B87)),IF($C87>=0.9,$D87*$E87," ")," ")
A88: 3 | B88: Facepulls | D88: 10 | E88: 5
A89: 4 | B89: Extension de piernas | D89: 8 | E89: 4
A91: 5 | B91: Abs | D91: 8 | E91: 4
B93: Dia 5 | C93: % | D93: reps | E93: Series | F93: peso
A94: 1 | B94: Sentadilla frontal | C94: 0.3 | D94: 4 | E94: 1 | F94: ='1RM'!$C$4*C94 -> 30 | G94: =D94*E94 -> 4 | H94: =F94*G94 -> 120 | M94: =IF(ISNUMBER(SEARCH("Sentadilla",$B94)),IF($C94>=0.5,IF($C94<0.6,$D94*$E94," ")," ")," ") | N94: =IF(ISNUMBER(SEARCH("Sentadilla",$B94)),IF($C94>=0.6,IF($C94<0.7,$D94*$E94," ")," ")," ") | O94: =IF(ISNUMBER(SEARCH("Sentadilla",$B94)),IF($C94>=0.7,IF($C94<0.8,$D94*$E94," ")," ")," ") | P94: =IF(ISNUMBER(SEARCH("Sentadilla",$B94)),IF($C94>=0.8,IF($C94<0.9,$D94*$E94," ")," ")," ") | Q94: =IF(ISNUMBER(SEARCH("Sentadilla",$B94)),IF($C94>=0.9,$D94*$E94," ")," ") | R94: =IF(ISNUMBER(SEARCH("Press de banca",$B94)),IF($C94>=0.5,IF($C94<0.6,$D94*$E94," ")," ")," ") | S94: =IF(ISNUMBER(SEARCH("Press de banca",$B94)),IF($C94>=0.6,IF($C94<0.7,$D94*$E94," ")," ")," ") | T94: =IF(ISNUMBER(SEARCH("Press de banca",$B94)),IF($C94>=0.7,IF($C94<0.8,$D94*$E94," ")," ")," ") | U94: =IF(ISNUMBER(SEARCH("Press de banca",$B94)),IF($C94>=0.8,IF($C94<0.9,$D94*$E94," ")," ")," ") | V94: =IF(ISNUMBER(SEARCH("Press de banca",$B94)),IF($C94>=0.9,$D94*$E94," ")," ")
C95: 0.4 | D95: 4 | E95: 1 | F95: ='1RM'!$C$4*C95 -> 40 | G95: =D95*E95 -> 4 | H95: =F95*G95 -> 160 | M95: =IF(ISNUMBER(SEARCH("Sentadilla",$B95)),IF($C95>=0.5,IF($C95<0.6,$D95*$E95," ")," ")," ") | N95: =IF(ISNUMBER(SEARCH("Sentadilla",$B95)),IF($C95>=0.6,IF($C95<0.7,$D95*$E95," ")," ")," ") | O95: =IF(ISNUMBER(SEARCH("Sentadilla",$B95)),IF($C95>=0.7,IF($C95<0.8,$D95*$E95," ")," ")," ") | P95: =IF(ISNUMBER(SEARCH("Sentadilla",$B95)),IF($C95>=0.8,IF($C95<0.9,$D95*$E95," ")," ")," ") | Q95: =IF(ISNUMBER(SEARCH("Sentadilla",$B95)),IF($C95>=0.9,$D95*$E95," ")," ") | R95: =IF(ISNUMBER(SEARCH("Press de banca",$B95)),IF($C95>=0.5,IF($C95<0.6,$D95*$E95," ")," ")," ") | S95: =IF(ISNUMBER(SEARCH("Press de banca",$B95)),IF($C95>=0.6,IF($C95<0.7,$D95*$E95," ")," ")," ") | T95: =IF(ISNUMBER(SEARCH("Press de banca",$B95)),IF($C95>=0.7,IF($C95<0.8,$D95*$E95," ")," ")," ") | U95: =IF(ISNUMBER(SEARCH("Press de banca",$B95)),IF($C95>=0.8,IF($C95<0.9,$D95*$E95," ")," ")," ") | V95: =IF(ISNUMBER(SEARCH("Press de banca",$B95)),IF($C95>=0.9,$D95*$E95," ")," ")
C96: 0.5 | D96: 4 | E96: 4 | F96: ='1RM'!$C$4*C96 -> 50 | G96: =D96*E96 -> 16 | H96: =F96*G96 -> 800 | M96: =IF(ISNUMBER(SEARCH("Sentadilla",$B96)),IF($C96>=0.5,IF($C96<0.6,$D96*$E96," ")," ")," ") | N96: =IF(ISNUMBER(SEARCH("Sentadilla",$B96)),IF($C96>=0.6,IF($C96<0.7,$D96*$E96," ")," ")," ") | O96: =IF(ISNUMBER(SEARCH("Sentadilla",$B96)),IF($C96>=0.7,IF($C96<0.8,$D96*$E96," ")," ")," ") | P96: =IF(ISNUMBER(SEARCH("Sentadilla",$B96)),IF($C96>=0.8,IF($C96<0.9,$D96*$E96," ")," ")," ") | Q96: =IF(ISNUMBER(SEARCH("Sentadilla",$B96)),IF($C96>=0.9,$D96*$E96," ")," ") | R96: =IF(ISNUMBER(SEARCH("Press de banca",$B96)),IF($C96>=0.5,IF($C96<0.6,$D96*$E96," ")," ")," ") | S96: =IF(ISNUMBER(SEARCH("Press de banca",$B96)),IF($C96>=0.6,IF($C96<0.7,$D96*$E96," ")," ")," ") | T96: =IF(ISNUMBER(SEARCH("Press de banca",$B96)),IF($C96>=0.7,IF($C96<0.8,$D96*$E96," ")," ")," ") | U96: =IF(ISNUMBER(SEARCH("Press de banca",$B96)),IF($C96>=0.8,IF($C96<0.9,$D96*$E96," ")," ")," ") | V96: =IF(ISNUMBER(SEARCH("Press de banca",$B96)),IF($C96>=0.9,$D96*$E96," ")," ")
A97: 2 | B97: Board Press de banca | C97: 0.6 | D97: 3 | E97: 1 | F97: ='1RM'!$C$5*C97 -> 60 | I97: =D97*E97 -> 3 | J97: =F97*I97 -> 180 | M97: =IF(ISNUMBER(SEARCH("Sentadilla",$B97)),IF($C97>=0.5,IF($C97<0.6,$D97*$E97," ")," ")," ") | N97: =IF(ISNUMBER(SEARCH("Sentadilla",$B97)),IF($C97>=0.6,IF($C97<0.7,$D97*$E97," ")," ")," ") | O97: =IF(ISNUMBER(SEARCH("Sentadilla",$B97)),IF($C97>=0.7,IF($C97<0.8,$D97*$E97," ")," ")," ") | P97: =IF(ISNUMBER(SEARCH("Sentadilla",$B97)),IF($C97>=0.8,IF($C97<0.9,$D97*$E97," ")," ")," ") | Q97: =IF(ISNUMBER(SEARCH("Sentadilla",$B97)),IF($C97>=0.9,$D97*$E97," ")," ") | R97: =IF(ISNUMBER(SEARCH("Press de banca",$B97)),IF($C97>=0.5,IF($C97<0.6,$D97*$E97," ")," ")," ") | S97: =IF(ISNUMBER(SEARCH("Press de banca",$B97)),IF($C97>=0.6,IF($C97<0.7,$D97*$E97," ")," ")," ") -> 3 | T97: =IF(ISNUMBER(SEARCH("Press de banca",$B97)),IF($C97>=0.7,IF($C97<0.8,$D97*$E97," ")," ")," ") | U97: =IF(ISNUMBER(SEARCH("Press de banca",$B97)),IF($C97>=0.8,IF($C97<0.9,$D97*$E97," ")," ")," ") | V97: =IF(ISNUMBER(SEARCH("Press de banca",$B97)),IF($C97>=0.9,$D97*$E97," ")," ")
C98: 0.7 | D98: 3 | E98: 1 | F98: ='1RM'!$C$5*C98 -> 70 | I98: =D98*E98 -> 3 | J98: =F98*I98 -> 210 | M98: =IF(ISNUMBER(SEARCH("Sentadilla",$B98)),IF($C98>=0.5,IF($C98<0.6,$D98*$E98," ")," ")," ") | N98: =IF(ISNUMBER(SEARCH("Sentadilla",$B98)),IF($C98>=0.6,IF($C98<0.7,$D98*$E98," ")," ")," ") | O98: =IF(ISNUMBER(SEARCH("Sentadilla",$B98)),IF($C98>=0.7,IF($C98<0.8,$D98*$E98," ")," ")," ") | P98: =IF(ISNUMBER(SEARCH("Sentadilla",$B98)),IF($C98>=0.8,IF($C98<0.9,$D98*$E98," ")," ")," ") | Q98: =IF(ISNUMBER(SEARCH("Sentadilla",$B98)),IF($C98>=0.9,$D98*$E98," ")," ") | R98: =IF(ISNUMBER(SEARCH("Press de banca",$B98)),IF($C98>=0.5,IF($C98<0.6,$D98*$E98," ")," ")," ") | S98: =IF(ISNUMBER(SEARCH("Press de banca",$B98)),IF($C98>=0.6,IF($C98<0.7,$D98*$E98," ")," ")," ") | T98: =IF(ISNUMBER(SEARCH("Press de banca",$B98)),IF($C98>=0.7,IF($C98<0.8,$D98*$E98," ")," ")," ") | U98: =IF(ISNUMBER(SEARCH("Press de banca",$B98)),IF($C98>=0.8,IF($C98<0.9,$D98*$E98," ")," ")," ") | V98: =IF(ISNUMBER(SEARCH("Press de banca",$B98)),IF($C98>=0.9,$D98*$E98," ")," ")
C99: 0.8 | D99: 3 | E99: 1 | F99: ='1RM'!$C$5*C99 -> 80 | I99: =D99*E99 -> 3 | J99: =F99*I99 -> 240 | M99: =IF(ISNUMBER(SEARCH("Sentadilla",$B99)),IF($C99>=0.5,IF($C99<0.6,$D99*$E99," ")," ")," ") | N99: =IF(ISNUMBER(SEARCH("Sentadilla",$B99)),IF($C99>=0.6,IF($C99<0.7,$D99*$E99," ")," ")," ") | O99: =IF(ISNUMBER(SEARCH("Sentadilla",$B99)),IF($C99>=0.7,IF($C99<0.8,$D99*$E99," ")," ")," ") | P99: =IF(ISNUMBER(SEARCH("Sentadilla",$B99)),IF($C99>=0.8,IF($C99<0.9,$D99*$E99," ")," ")," ") | Q99: =IF(ISNUMBER(SEARCH("Sentadilla",$B99)),IF($C99>=0.9,$D99*$E99," ")," ") | R99: =IF(ISNUMBER(SEARCH("Press de banca",$B99)),IF($C99>=0.5,IF($C99<0.6,$D99*$E99," ")," ")," ") | S99: =IF(ISNUMBER(SEARCH("Press de banca",$B99)),IF($C99>=0.6,IF($C99<0.7,$D99*$E99," ")," ")," ") | T99: =IF(ISNUMBER(SEARCH("Press de banca",$B99)),IF($C99>=0.7,IF($C99<0.8,$D99*$E99," ")," ")," ") | U99: =IF(ISNUMBER(SEARCH("Press de banca",$B99)),IF($C99>=0.8,IF($C99<0.9,$D99*$E99," ")," ")," ") | V99: =IF(ISNUMBER(SEARCH("Press de banca",$B99)),IF($C99>=0.9,$D99*$E99," ")," ")
C100: 0.85 | D100: 2 | E100: 2 | F100: ='1RM'!$C$5*C100 -> 85 | I100: =D100*E100 -> 4 | J100: =F100*I100 -> 340 | M100: =IF(ISNUMBER(SEARCH("Sentadilla",$B100)),IF($C100>=0.5,IF($C100<0.6,$D100*$E100," ")," ")," ") | N100: =IF(ISNUMBER(SEARCH("Sentadilla",$B100)),IF($C100>=0.6,IF($C100<0.7,$D100*$E100," ")," ")," ") | O100: =IF(ISNUMBER(SEARCH("Sentadilla",$B100)),IF($C100>=0.7,IF($C100<0.8,$D100*$E100," ")," ")," ") | P100: =IF(ISNUMBER(SEARCH("Sentadilla",$B100)),IF($C100>=0.8,IF($C100<0.9,$D100*$E100," ")," ")," ") | Q100: =IF(ISNUMBER(SEARCH("Sentadilla",$B100)),IF($C100>=0.9,$D100*$E100," ")," ") | R100: =IF(ISNUMBER(SEARCH("Press de banca",$B100)),IF($C100>=0.5,IF($C100<0.6,$D100*$E100," ")," ")," ") | S100: =IF(ISNUMBER(SEARCH("Press de banca",$B100)),IF($C100>=0.6,IF($C100<0.7,$D100*$E100," ")," ")," ") | T100: =IF(ISNUMBER(SEARCH("Press de banca",$B100)),IF($C100>=0.7,IF($C100<0.8,$D100*$E100," ")," ")," ") | U100: =IF(ISNUMBER(SEARCH("Press de banca",$B100)),IF($C100>=0.8,IF($C100<0.9,$D100*$E100," ")," ")," ") | V100: =IF(ISNUMBER(SEARCH("Press de banca",$B100)),IF($C100>=0.9,$D100*$E100," ")," ")
C101: 0.9 | D101: 1 | E101: 3 | F101: ='1RM'!$C$5*C101 -> 90 | I101: =D101*E101 -> 3 | J101: =F101*I101 -> 270 | M101: =IF(ISNUMBER(SEARCH("Sentadilla",$B101)),IF($C101>=0.5,IF($C101<0.6,$D101*$E101," ")," ")," ") | N101: =IF(ISNUMBER(SEARCH("Sentadilla",$B101)),IF($C101>=0.6,IF($C101<0.7,$D101*$E101," ")," ")," ") | O101: =IF(ISNUMBER(SEARCH("Sentadilla",$B101)),IF($C101>=0.7,IF($C101<0.8,$D101*$E101," ")," ")," ") | P101: =IF(ISNUMBER(SEARCH("Sentadilla",$B101)),IF($C101>=0.8,IF($C101<0.9,$D101*$E101," ")," ")," ") | Q101: =IF(ISNUMBER(SEARCH("Sentadilla",$B101)),IF($C101>=0.9,$D101*$E101," ")," ") | R101: =IF(ISNUMBER(SEARCH("Press de banca",$B101)),IF($C101>=0.5,IF($C101<0.6,$D101*$E101," ")," ")," ") | S101: =IF(ISNUMBER(SEARCH("Press de banca",$B101)),IF($C101>=0.6,IF($C101<0.7,$D101*$E101," ")," ")," ") | T101: =IF(ISNUMBER(SEARCH("Press de banca",$B101)),IF($C101>=0.7,IF($C101<0.8,$D101*$E101," ")," ")," ") | U101: =IF(ISNUMBER(SEARCH("Press de banca",$B101)),IF($C101>=0.8,IF($C101<0.9,$D101*$E101," ")," ")," ") | V101: =IF(ISNUMBER(SEARCH("Press de banca",$B101)),IF($C101>=0.9,$D101*$E101," ")," ")
A102: 3 | B102: Fondos | D102: 10 | E102: 5
A103: 4 | B103: Dominadas | D103: 10 | E103: 5
A104: 5 | B104: Buenos dias | D104: 5 | E104: 5
B106: Dia 6 | C106: % | D106: reps | E106: Series | F106: peso
A107: 1 | B107: Press de banca narrow grip | C107: 0.5 | D107: 4 | E107: 1 | F107: ='1RM'!$C$5*C107 -> 50 | I107: =D107*E107 -> 4 | J107: =F107*I107 -> 200 | R107: =IF(ISNUMBER(SEARCH("Press de banca",$B107)),IF($C107>=0.5,IF($C107<0.6,$D107*$E107," ")," ")," ") -> 4 | S107: =IF(ISNUMBER(SEARCH("Press de banca",$B107)),IF($C107>=0.6,IF($C107<0.7,$D107*$E107," ")," ")," ") | T107: =IF(ISNUMBER(SEARCH("Press de banca",$B107)),IF($C107>=0.7,IF($C107<0.8,$D107*$E107," ")," ")," ") | U107: =IF(ISNUMBER(SEARCH("Press de banca",$B107)),IF($C107>=0.8,IF($C107<0.9,$D107*$E107," ")," ")," ") | V107: =IF(ISNUMBER(SEARCH("Press de banca",$B107)),IF($C107>=0.9,$D107*$E107," ")," ") | W107: =IF(ISNUMBER(SEARCH("Peso muerto",$B107)),IF($C107>=0.5,IF($C107<0.6,$D107*$E107," ")," ")," ") | X107: =IF(ISNUMBER(SEARCH("Peso muerto",$B107)),IF($C107>=0.6,IF($C107<0.7,$D107*$E107," ")," ")," ") | Y107: =IF(ISNUMBER(SEARCH("Peso muerto",$B107)),IF($C107>=0.7,IF($C107<0.8,$D107*$E107," ")," ")," ") | Z107: =IF(ISNUMBER(SEARCH("Peso muerto",$B107)),IF($C107>=0.8,IF($C107<0.9,$D107*$E107," ")," ")," ") | AA107: =IF(ISNUMBER(SEARCH("Peso muerto",$B107)),IF($C107>=0.9,$D107*$E107," ")," ")
C108: 0.6 | D108: 3 | E108: 1 | F108: ='1RM'!$C$5*C108 -> 60 | I108: =D108*E108 -> 3 | J108: =F108*I108 -> 180 | R108: =IF(ISNUMBER(SEARCH("Press de banca",$B108)),IF($C108>=0.5,IF($C108<0.6,$D108*$E108," ")," ")," ") | S108: =IF(ISNUMBER(SEARCH("Press de banca",$B108)),IF($C108>=0.6,IF($C108<0.7,$D108*$E108," ")," ")," ") | T108: =IF(ISNUMBER(SEARCH("Press de banca",$B108)),IF($C108>=0.7,IF($C108<0.8,$D108*$E108," ")," ")," ") | U108: =IF(ISNUMBER(SEARCH("Press de banca",$B108)),IF($C108>=0.8,IF($C108<0.9,$D108*$E108," ")," ")," ") | V108: =IF(ISNUMBER(SEARCH("Press de banca",$B108)),IF($C108>=0.9,$D108*$E108," ")," ") | W108: =IF(ISNUMBER(SEARCH("Peso muerto",$B108)),IF($C108>=0.5,IF($C108<0.6,$D108*$E108," ")," ")," ") | X108: =IF(ISNUMBER(SEARCH("Peso muerto",$B108)),IF($C108>=0.6,IF($C108<0.7,$D108*$E108," ")," ")," ") | Y108: =IF(ISNUMBER(SEARCH("Peso muerto",$B108)),IF($C108>=0.7,IF($C108<0.8,$D108*$E108," ")," ")," ") | Z108: =IF(ISNUMBER(SEARCH("Peso muerto",$B108)),IF($C108>=0.8,IF($C108<0.9,$D108*$E108," ")," ")," ") | AA108: =IF(ISNUMBER(SEARCH("Peso muerto",$B108)),IF($C108>=0.9,$D108*$E108," ")," ")
C109: 0.65 | D109: 8 | E109: 4 | F109: ='1RM'!$C$5*C109 -> 65 | I109: =D109*E109 -> 32 | J109: =F109*I109 -> 2080 | R109: =IF(ISNUMBER(SEARCH("Press de banca",$B109)),IF($C109>=0.5,IF($C109<0.6,$D109*$E109," ")," ")," ") | S109: =IF(ISNUMBER(SEARCH("Press de banca",$B109)),IF($C109>=0.6,IF($C109<0.7,$D109*$E109," ")," ")," ") | T109: =IF(ISNUMBER(SEARCH("Press de banca",$B109)),IF($C109>=0.7,IF($C109<0.8,$D109*$E109," ")," ")," ") | U109: =IF(ISNUMBER(SEARCH("Press de banca",$B109)),IF($C109>=0.8,IF($C109<0.9,$D109*$E109," ")," ")," ") | V109: =IF(ISNUMBER(SEARCH("Press de banca",$B109)),IF($C109>=0.9,$D109*$E109," ")," ") | W109: =IF(ISNUMBER(SEARCH("Peso muerto",$B109)),IF($C109>=0.5,IF($C109<0.6,$D109*$E109," ")," ")," ") | X109: =IF(ISNUMBER(SEARCH("Peso muerto",$B109)),IF($C109>=0.6,IF($C109<0.7,$D109*$E109," ")," ")," ") | Y109: =IF(ISNUMBER(SEARCH("Peso muerto",$B109)),IF($C109>=0.7,IF($C109<0.8,$D109*$E109," ")," ")," ") | Z109: =IF(ISNUMBER(SEARCH("Peso muerto",$B109)),IF($C109>=0.8,IF($C109<0.9,$D109*$E109," ")," ")," ") | AA109: =IF(ISNUMBER(SEARCH("Peso muerto",$B109)),IF($C109>=0.9,$D109*$E109," ")," ")
...

Sheet Ciclo 2
B1: Sheiko | AC1: WWW.BIBLIOTECADERUTINAS.COM
B2: Preparatory Period for Class 1 & CMS
A5: Semana 1 | M5: Sentadilla | R5: Press de banca | W5: Peso muerto
A6: Dia 1 | C6: % | D6: reps | E6: Series | F6: peso | M6: 50-59 | N6: 60-69 | O6: 70-79 | P6: 80-89 | Q6: 90+ | R6: 50-59 | S6: 60-69 | T6: 70-79 | U6: 80-89 | V6: 90+ | W6: 50-59 | X6: 60-69 | Y6: 70-79 | Z6: 80-89 | AA6: 90+
A7: 1 | B7: Press de banca | C7: 0.5 | D7: 5 | E7: 1 | F7: ='1RM'!$C$5*C7 -> 50 | I7: =D7*E7 -> 5 | J7: =F7*I7 -> 250 | R7: =IF(ISNUMBER(SEARCH("Press de banca",$B7)),IF($C7>=0.5,IF($C7<0.6,$D7*$E7," ")," ")," ") -> 5 | S7: =IF(ISNUMBER(SEARCH("Press de banca",$B7)),IF($C7>=0.6,IF($C7<0.7,$D7*$E7," ")," ")," ") | T7: =IF(ISNUMBER(SEARCH("Press de banca",$B7)),IF($C7>=0.7,IF($C7<0.8,$D7*$E7," ")," ")," ") | U7: =IF(ISNUMBER(SEARCH("Press de banca",$B7)),IF($C7>=0.8,IF($C7<0.9,$D7*$E7," ")," ")," ") | V7: =IF(ISNUMBER(SEARCH("Press de banca",$B7)),IF($C7>=0.9,$D7*$E7," ")," ")
B8: Press de banca | C8: 0.6 | D8: 4 | E8: 1 | F8: ='1RM'!$C$5*C8 -> 60 | I8: =D8*E8 -> 4 | J8: =F8*I8 -> 240 | R8: =IF(ISNUMBER(SEARCH("Press de banca",$B8)),IF($C8>=0.5,IF($C8<0.6,$D8*$E8," ")," ")," ") | S8: =IF(ISNUMBER(SEARCH("Press de banca",$B8)),IF($C8>=0.6,IF($C8<0.7,$D8*$E8," ")," ")," ") -> 4 | T8: =IF(ISNUMBER(SEARCH("Press de banca",$B8)),IF($C8>=0.7,IF($C8<0.8,$D8*$E8," ")," ")," ") | U8: =IF(ISNUMBER(SEARCH("Press de banca",$B8)),IF($C8>=0.8,IF($C8<0.9,$D8*$E8," ")," ")," ") | V8: =IF(ISNUMBER(SEARCH("Press de banca",$B8)),IF($C8>=0.9,$D8*$E8," ")," ")
B9: Press de banca | C9: 0.7 | D9: 3 | E9: 1 | F9: ='1RM'!$C$5*C9 -> 70 | I9: =D9*E9 -> 3 | J9: =F9*I9 -> 210 | R9: =IF(ISNUMBER(SEARCH("Press de banca",$B9)),IF($C9>=0.5,IF($C9<0.6,$D9*$E9," ")," ")," ") | S9: =IF(ISNUMBER(SEARCH("Press de banca",$B9)),IF($C9>=0.6,IF($C9<0.7,$D9*$E9," ")," ")," ") | T9: =IF(ISNUMBER(SEARCH("Press de banca",$B9)),IF($C9>=0.7,IF($C9<0.8,$D9*$E9," ")," ")," ") -> 3 | U9: =IF(ISNUMBER(SEARCH("Press de banca",$B9)),IF($C9>=0.8,IF($C9<0.9,$D9*$E9," ")," ")," ") | V9: =IF(ISNUMBER(SEARCH("Press de banca",$B9)),IF($C9>=0.9,$D9*$E9," ")," ")
B10: Press de banca | C10: 0.8 | D10: 5 | E10: 4 | F10: ='1RM'!$C$5*C10 -> 80 | I10: =D10*E10 -> 20 | J10: =F10*I10 -> 1600 | R10: =IF(ISNUMBER(SEARCH("Press de banca",$B10)),IF($C10>=0.5,IF($C10<0.6,$D10*$E10," ")," ")," ") | S10: =IF(ISNUMBER(SEARCH("Press de banca",$B10)),IF($C10>=0.6,IF($C10<0.7,$D10*$E10," ")," ")," ") | T10: =IF(ISNUMBER(SEARCH("Press de banca",$B10)),IF($C10>=0.7,IF($C10<0.8,$D10*$E10," ")," ")," ") | U10: =IF(ISNUMBER(SEARCH("Press de banca",$B10)),IF($C10>=0.8,IF($C10<0.9,$D10*$E10," ")," ")," ") -> 20 | V10: =IF(ISNUMBER(SEARCH("Press de banca",$B10)),IF($C10>=0.9,$D10*$E10," ")," ")
A11: 2 | B11: Sentadilla | C11: 0.5 | D11: 5 | E11: 1 | F11: ='1RM'!$C$4*C11 -> 50 | G11: =D11*E11 -> 5 | H11: =F11*G11 -> 250 | M11: =IF(ISNUMBER(SEARCH("Sentadilla",$B11)),IF($C11>=0.5,IF($C11<0.6,$D11*$E11," ")," ")," ") -> 5 | N11: =IF(ISNUMBER(SEARCH("Sentadilla",$B11)),IF($C11>=0.6,IF($C11<0.7,$D11*$E11," ")," ")," ") | O11: =IF(ISNUMBER(SEARCH("Sentadilla",$B11)),IF($C11>=0.7,IF($C11<0.8,$D11*$E11," ")," ")," ") | P11: =IF(ISNUMBER(SEARCH("Sentadilla",$B11)),IF($C11>=0.8,IF($C11<0.9,$D11*$E11," ")," ")," ") | Q11: =IF(ISNUMBER(SEARCH("Sentadilla",$B11)),IF($C11>=0.9,$D11*$E11," ")," ")
B12: Sentadilla | C12: 0.6 | D12: 5 | E12: 1 | F12: ='1RM'!$C$4*C12 -> 60 | G12: =D12*E12 -> 5 | H12: =F12*G12 -> 300 | M12: =IF(ISNUMBER(SEARCH("Sentadilla",$B12)),IF($C12>=0.5,IF($C12<0.6,$D12*$E12," ")," ")," ") | N12: =IF(ISNUMBER(SEARCH("Sentadilla",$B12)),IF($C12>=0.6,IF($C12<0.7,$D12*$E12," ")," ")," ") -> 5 | O12: =IF(ISNUMBER(SEARCH("Sentadilla",$B12)),IF($C12>=0.7,IF($C12<0.8,$D12*$E12," ")," ")," ") | P12: =IF(ISNUMBER(SEARCH("Sentadilla",$B12)),IF($C12>=0.8,IF($C12<0.9,$D12*$E12," ")," ")," ") | Q12: =IF(ISNUMBER(SEARCH("Sentadilla",$B12)),IF($C12>=0.9,$D12*$E12," ")," ")
B13: Sentadilla | C13: 0.7 | D13: 5 | E13: 1 | F13: ='1RM'!$C$4*C13 -> 70 | G13: =D13*E13 -> 5 | H13: =F13*G13 -> 350 | M13: =IF(ISNUMBER(SEARCH("Sentadilla",$B13)),IF($C13>=0.5,IF($C13<0.6,$D13*$E13," ")," ")," ") | N13: =IF(ISNUMBER(SEARCH("Sentadilla",$B13)),IF($C13>=0.6,IF($C13<0.7,$D13*$E13," ")," ")," ") | O13: =IF(ISNUMBER(SEARCH("Sentadilla",$B13)),IF($C13>=0.7,IF($C13<0.8,$D13*$E13," ")," ")," ") -> 5 | P13: =IF(ISNUMBER(SEARCH("Sentadilla",$B13)),IF($C13>=0.8,IF($C13<0.9,$D13*$E13," ")," ")," ") | Q13: =IF(ISNUMBER(SEARCH("Sentadilla",$B13)),IF($C13>=0.9,$D13*$E13," ")," ")
B14: Sentadilla | C14: 0.7 | D14: 8 | E14: 1 | F14: ='1RM'!$C$4*C14 -> 70 | G14: =D14*E14 -> 8 | H14: =F14*G14 -> 560 | M14: =IF(ISNUMBER(SEARCH("Sentadilla",$B14)),IF($C14>=0.5,IF($C14<0.6,$D14*$E14," ")," ")," ") | N14: =IF(ISNUMBER(SEARCH("Sentadilla",$B14)),IF($C14>=0.6,IF($C14<0.7,$D14*$E14," ")," ")," ") | O14: =IF(ISNUMBER(SEARCH("Sentadilla",$B14)),IF($C14>=0.7,IF($C14<0.8,$D14*$E14," ")," ")," ") -> 8 | P14: =IF(ISNUMBER(SEARCH("Sentadilla",$B14)),IF($C14>=0.8,IF($C14<0.9,$D14*$E14," ")," ")," ") | Q14: =IF(ISNUMBER(SEARCH("Sentadilla",$B14)),IF($C14>=0.9,$D14*$E14," ")," ")
B15: Sentadilla | C15: 0.7 | D15: 5 | E15: 1 | F15: ='1RM'!$C$4*C15 -> 70 | G15: =D15*E15 -> 5 | H15: =F15*G15 -> 350 | M15: =IF(ISNUMBER(SEARCH("Sentadilla",$B15)),IF($C15>=0.5,IF($C15<0.6,$D15*$E15," ")," ")," ") | N15: =IF(ISNUMBER(SEARCH("Sentadilla",$B15)),IF($C15>=0.6,IF($C15<0.7,$D15*$E15," ")," ")," ") | O15: =IF(ISNUMBER(SEARCH("Sentadilla",$B15)),IF($C15>=0.7,IF($C15<0.8,$D15*$E15," ")," ")," ") -> 5 | P15: =IF(ISNUMBER(SEARCH("Sentadilla",$B15)),IF($C15>=0.8,IF($C15<0.9,$D15*$E15," ")," ")," ") | Q15: =IF(ISNUMBER(SEARCH("Sentadilla",$B15)),IF($C15>=0.9,$D15*$E15," ")," ")
B16: Sentadilla | C16: 0.7 | D16: 8 | E16: 1 | F16: ='1RM'!$C$4*C16 -> 70 | G16: =D16*E16 -> 8 | H16: =F16*G16 -> 560 | M16: =IF(ISNUMBER(SEARCH("Sentadilla",$B16)),IF($C16>=0.5,IF($C16<0.6,$D16*$E16," ")," ")," ") | N16: =IF(ISNUMBER(SEARCH("Sentadilla",$B16)),IF($C16>=0.6,IF($C16<0.7,$D16*$E16," ")," ")," ") | O16: =IF(ISNUMBER(SEARCH("Sentadilla",$B16)),IF($C16>=0.7,IF($C16<0.8,$D16*$E16," ")," ")," ") -> 8 | P16: =IF(ISNUMBER(SEARCH("Sentadilla",$B16)),IF($C16>=0.8,IF($C16<0.9,$D16*$E16," ")," ")," ") | Q16: =IF(ISNUMBER(SEARCH("Sentadilla",$B16)),IF($C16>=0.9,$D16*$E16," ")," ")
B17: Sentadilla | C17: 0.7 | D17: 5 | E17: 1 | F17: ='1RM'!$C$4*C17 -> 70 | G17: =D17*E17 -> 5 | H17: =F17*G17 -> 350 | M17: =IF(ISNUMBER(SEARCH("Sentadilla",$B17)),IF($C17>=0.5,IF($C17<0.6,$D17*$E17," ")," ")," ") | N17: =IF(ISNUMBER(SEARCH("Sentadilla",$B17)),IF($C17>=0.6,IF($C17<0.7,$D17*$E17," ")," ")," ") | O17: =IF(ISNUMBER(SEARCH("Sentadilla",$B17)),IF($C17>=0.7,IF($C17<0.8,$D17*$E17," ")," ")," ") -> 5 | P17: =IF(ISNUMBER(SEARCH("Sentadilla",$B17)),IF($C17>=0.8,IF($C17<0.9,$D17*$E17," ")," ")," ") | Q17: =IF(ISNUMBER(SEARCH("Sentadilla",$B17)),IF($C17>=0.9,$D17*$E17," ")," ")
B18: Sentadilla | C18: 0.7 | D18: 8 | E18: 1 | F18: ='1RM'!$C$4*C18 -> 70 | G18: =D18*E18 -> 8 | H18: =F18*G18 -> 560 | M18: =IF(ISNUMBER(SEARCH("Sentadilla",$B18)),IF($C18>=0.5,IF($C18<0.6,$D18*$E18," ")," ")," ") | N18: =IF(ISNUMBER(SEARCH("Sentadilla",$B18)),IF($C18>=0.6,IF($C18<0.7,$D18*$E18," ")," ")," ") | O18: =IF(ISNUMBER(SEARCH("Sentadilla",$B18)),IF($C18>=0.7,IF($C18<0.8,$D18*$E18," ")," ")," ") -> 8 | P18: =IF(ISNUMBER(SEARCH("Sentadilla",$B18)),IF($C18>=0.8,IF($C18<0.9,$D18*$E18," ")," ")," ") | Q18: =IF(ISNUMBER(SEARCH("Sentadilla",$B18)),IF($C18>=0.9,$D18*$E18," ")," ")
A19: 3 | B19: Press de banca w/board | C19: 0.6 | D19: 3 | E19: 1 | F19: ='1RM'!$C$5*C19 -> 60 | I19: =D19*E19 -> 3 | J19: =F19*I19 -> 180 | R19: =IF(ISNUMBER(SEARCH("Press de banca",$B19)),IF($C19>=0.5,IF($C19<0.6,$D19*$E19," ")," ")," ") | S19: =IF(ISNUMBER(SEARCH("Press de banca",$B19)),IF($C19>=0.6,IF($C19<0.7,$D19*$E19," ")," ")," ") -> 3 | T19: =IF(ISNUMBER(SEARCH("Press de banca",$B19)),IF($C19>=0.7,IF($C19<0.8,$D19*$E19," ")," ")," ") | U19: =IF(ISNUMBER(SEARCH("Press de banca",$B19)),IF($C19>=0.8,IF($C19<0.9,$D19*$E19," ")," ")," ") | V19: =IF(ISNUMBER(SEARCH("Press de banca",$B19)),IF($C19>=0.9,$D19*$E19," ")," ")
B20: Press de banca w/board | C20: 0.7 | D20: 3 | E20: 1 | F20: ='1RM'!$C$5*C20 -> 70 | I20: =D20*E20 -> 3 | J20: =F20*I20 -> 210 | R20: =IF(ISNUMBER(SEARCH("Press de banca",$B20)),IF($C20>=0.5,IF($C20<0.6,$D20*$E20," ")," ")," ") | S20: =IF(ISNUMBER(SEARCH("Press de banca",$B20)),IF($C20>=0.6,IF($C20<0.7,$D20*$E20," ")," ")," ") | T20: =IF(ISNUMBER(SEARCH("Press de banca",$B20)),IF($C20>=0.7,IF($C20<0.8,$D20*$E20," ")," ")," ") -> 3 | U20: =IF(ISNUMBER(SEARCH("Press de banca",$B20)),IF($C20>=0.8,IF($C20<0.9,$D20*$E20," ")," ")," ") | V20: =IF(ISNUMBER(SEARCH("Press de banca",$B20)),IF($C20>=0.9,$D20*$E20," ")," ")
B21: Press de banca w/board | C21: 0.8 | D21: 3 | E21: 2 | F21: ='1RM'!$C$5*C21 -> 80 | I21: =D21*E21 -> 6 | J21: =F21*I21 -> 480 | R21: =IF(ISNUMBER(SEARCH("Press de banca",$B21)),IF($C21>=0.5,IF($C21<0.6,$D21*$E21," ")," ")," ") | S21: =IF(ISNUMBER(SEARCH("Press de banca",$B21)),IF($C21>=0.6,IF($C21<0.7,$D21*$E21," ")," ")," ") | T21: =IF(ISNUMBER(SEARCH("Press de banca",$B21)),IF($C21>=0.7,IF($C21<0.8,$D21*$E21," ")," ")," ") | U21: =IF(ISNUMBER(SEARCH("Press de banca",$B21)),IF($C21>=0.8,IF($C21<0.9,$D21*$E21," ")," ")," ") -> 6 | V21: =IF(ISNUMBER(SEARCH("Press de banca",$B21)),IF($C21>=0.9,$D21*$E21," ")," ")
B22: Press de banca w/board | C22: 0.85 | D22: 2 | E22: 3 | F22: ='1RM'!$C$5*C22 -> 85 | I22: =D22*E22 -> 6 | J22: =F22*I22 -> 510 | R22: =IF(ISNUMBER(SEARCH("Press de banca",$B22)),IF($C22>=0.5,IF($C22<0.6,$D22*$E22," ")," ")," ") | S22: =IF(ISNUMBER(SEARCH("Press de banca",$B22)),IF($C22>=0.6,IF($C22<0.7,$D22*$E22," ")," ")," ") | T22: =IF(ISNUMBER(SEARCH("Press de banca",$B22)),IF($C22>=0.7,IF($C22<0.8,$D22*$E22," ")," ")," ") | U22: =IF(ISNUMBER(SEARCH("Press de banca",$B22)),IF($C22>=0.8,IF($C22<0.9,$D22*$E22," ")," ")," ") -> 6 | V22: =IF(ISNUMBER(SEARCH("Press de banca",$B22)),IF($C22>=0.9,$D22*$E22," ")," ")
A23: 4 | B23: Press de banca inclinado | D23: 10 | E23: 5
A24: 5 | B24: Abs | D24: 8 | E24: 3
A26: Dia 3 | C26: % | D26: reps | E26: Series | F26: peso
A27: 1 | B27: Deficit Peso muerto | C27: 0.5 | D27: 3 | E27: 1 | F27: ='1RM'!$C$6*C27 -> 50 | K27: =D27*E27 -> 3 | L27: =F27*K27 -> 150 | W27: =IF(ISNUMBER(SEARCH("Peso muerto",$B27)),IF($C27>=0.5,IF($C27<0.6,$D27*$E27," ")," ")," ") -> 3 | X27: =IF(ISNUMBER(SEARCH("Peso muerto",$B27)),IF($C27>=0.6,IF($C27<0.7,$D27*$E27," ")," ")," ") | Y27: =IF(ISNUMBER(SEARCH("Peso muerto",$B27)),IF($C27>=0.7,IF($C27<0.8,$D27*$E27," ")," ")," ") | Z27: =IF(ISNUMBER(SEARCH("Peso muerto",$B27)),IF($C27>=0.8,IF($C27<0.9,$D27*$E27," ")," ")," ") | AA27: =IF(ISNUMBER(SEARCH("Peso muerto",$B27)),IF($C27>=0.9,$D27*$E27," ")," ")
B28: Deficit Peso muerto | C28: 0.6 | D28: 3 | E28: 1 | F28: ='1RM'!$C$6*C28 -> 60 | K28: =D28*E28 -> 3 | L28: =F28*K28 -> 180 | W28: =IF(ISNUMBER(SEARCH("Peso muerto",$B28)),IF($C28>=0.5,IF($C28<0.6,$D28*$E28," ")," ")," ") | X28: =IF(ISNUMBER(SEARCH("Peso muerto",$B28)),IF($C28>=0.6,IF($C28<0.7,$D28*$E28," ")," ")," ") -> 3 | Y28: =IF(ISNUMBER(SEARCH("Peso muerto",$B28)),IF($C28>=0.7,IF($C28<0.8,$D28*$E28," ")," ")," ") | Z28: =IF(ISNUMBER(SEARCH("Peso muerto",$B28)),IF($C28>=0.8,IF($C28<0.9,$D28*$E28," ")," ")," ") | AA28: =IF(ISNUMBER(SEARCH("Peso muerto",$B28)),IF($C28>=0.9,$D28*$E28," ")," ")
B29: Deficit Peso muerto | C29: 0.7 | D29: 2 | E29: 4 | F29: ='1RM'!$C$6*C29 -> 70 | K29: =D29*E29 -> 8 | L29: =F29*K29 -> 560 | W29: =IF(ISNUMBER(SEARCH("Peso muerto",$B29)),IF($C29>=0.5,IF($C29<0.6,$D29*$E29," ")," ")," ") | X29: =IF(ISNUMBER(SEARCH("Peso muerto",$B29)),IF($C29>=0.6,IF($C29<0.7,$D29*$E29," ")," ")," ") | Y29: =IF(ISNUMBER(SEARCH("Peso muerto",$B29)),IF($C29>=0.7,IF($C29<0.8,$D29*$E29," ")," ")," ") -> 8 | Z29: =IF(ISNUMBER(SEARCH("Peso muerto",$B29)),IF($C29>=0.8,IF($C29<0.9,$D29*$E29," ")," ")," ") | AA29: =IF(ISNUMBER(SEARCH("Peso muerto",$B29)),IF($C29>=0.9,$D29*$E29," ")," ")
A30: 2 | B30: Press de banca with chains | C30: 0.5 | D30: 3 | E30: 1 | F30: ='1RM'!$C$5*C30 -> 50 | I30: =D30*E30 -> 3 | J30: =F30*I30 -> 150 | R30: =IF(ISNUMBER(SEARCH("Press de banca",$B30)),IF($C30>=0.5,IF($C30<0.6,$D30*$E30," ")," ")," ") -> 3 | S30: =IF(ISNUMBER(SEARCH("Press de banca",$B30)),IF($C30>=0.6,IF($C30<0.7,$D30*$E30," ")," ")," ") | T30: =IF(ISNUMBER(SEARCH("Press de banca",$B30)),IF($C30>=0.7,IF($C30<0.8,$D30*$E30," ")," ")," ") | U30: =IF(ISNUMBER(SEARCH("Press de banca",$B30)),IF($C30>=0.8,IF($C30<0.9,$D30*$E30," ")," ")," ") | V30: =IF(ISNUMBER(SEARCH("Press de banca",$B30)),IF($C30>=0.9,$D30*$E30," ")," ")
B31: Press de banca with chains | C31: 0.6 | D31: 3 | E31: 1 | F31: ='1RM'!$C$5*C31 -> 60 | I31: =D31*E31 -> 3 | J31: =F31*I31 -> 180 | R31: =IF(ISNUMBER(SEARCH("Press de banca",$B31)),IF($C31>=0.5,IF($C31<0.6,$D31*$E31," ")," ")," ") | S31: =IF(ISNUMBER(SEARCH("Press de banca",$B31)),IF($C31>=0.6,IF($C31<0.7,$D31*$E31," ")," ")," ") -> 3 | T31: =IF(ISNUMBER(SEARCH("Press de banca",$B31)),IF($C31>=0.7,IF($C31<0.8,$D31*$E31," ")," ")," ") | U31: =IF(ISNUMBER(SEARCH("Press de banca",$B31)),IF($C31>=0.8,IF($C31<0.9,$D31*$E31," ")," ")," ") | V31: =IF(ISNUMBER(SEARCH("Press de banca",$B31)),IF($C31>=0.9,$D31*$E31," ")," ")
B32: Press de banca with chains | C32: 0.7 | D32: 3 | E32: 1 | F32: ='1RM'!$C$5*C32 -> 70 | I32: =D32*E32 -> 3 | J32: =F32*I32 -> 210 | R32: =IF(ISNUMBER(SEARCH("Press de banca",$B32)),IF($C32>=0.5,IF($C32<0.6,$D32*$E32," ")," ")," ") | S32: =IF(ISNUMBER(SEARCH("Press de banca",$B32)),IF($C32>=0.6,IF($C32<0.7,$D32*$E32," ")," ")," ") | T32: =IF(ISNUMBER(SEARCH("Press de banca",$B32)),IF($C32>=0.7,IF($C32<0.8,$D32*$E32," ")," ")," ") -> 3 | U32: =IF(ISNUMBER(SEARCH("Press de banca",$B32)),IF($C32>=0.8,IF($C32<0.9,$D32*$E32," ")," ")," ") | V32: =IF(ISNUMBER(SEARCH("Press de banca",$B32)),IF($C32>=0.9,$D32*$E32," ")," ")
B33: Press de banca with chains | C33: 0.75 | D33: 2 | E33: 4 | F33: ='1RM'!$C$5*C33 -> 75 | I33: =D33*E33 -> 8 | J33: =F33*I33 -> 600 | R33: =IF(ISNUMBER(SEARCH("Press de banca",$B33)),IF($C33>=0.5,IF($C33<0.6,$D33*$E33," ")," ")," ") | S33: =IF(ISNUMBER(SEARCH("Press de banca",$B33)),IF($C33>=0.6,IF($C33<0.7,$D33*$E33," ")," ")," ") | T33: =IF(ISNUMBER(SEARCH("Press de banca",$B33)),IF($C33>=0.7,IF($C33<0.8,$D33*$E33," ")," ")," ") -> 8 | U33: =IF(ISNUMBER(SEARCH("Press de banca",$B33)),IF($C33>=0.8,IF($C33<0.9,$D33*$E33," ")," ")," ") | V33: =IF(ISNUMBER(SEARCH("Press de banca",$B33)),IF($C33>=0.9,$D33*$E33," ")," ")
A34: 3 | B34: Peso muerto desde cajas | C34: 0.6 | D34: 3 | E34: 1 | F34: ='1RM'!$C$6*C34 -> 60 | K34: =D34*E34 -> 3 | L34: =F34*K34 -> 180 | W34: =IF(ISNUMBER(SEARCH("Peso muerto",$B34)),IF($C34>=0.5,IF($C34<0.6,$D34*$E34," ")," ")," ") | X34: =IF(ISNUMBER(SEARCH("Peso muerto",$B34)),IF($C34>=0.6,IF($C34<0.7,$D34*$E34," ")," ")," ") -> 3 | Y34: =IF(ISNUMBER(SEARCH("Peso muerto",$B34)),IF($C34>=0.7,IF($C34<0.8,$D34*$E34," ")," ")," ") | Z34: =IF(ISNUMBER(SEARCH("Peso muerto",$B34)),IF($C34>=0.8,IF($C34<0.9,$D34*$E34," ")," ")," ") | AA34: =IF(ISNUMBER(SEARCH("Peso muerto",$B34)),IF($C34>=0.9,$D34*$E34," ")," ")
B35: Peso muerto desde cajas | C35: 0.7 | D35: 3 | E35: 1 | F35: ='1RM'!$C$6*C35 -> 70 | K35: =D35*E35 -> 3 | L35: =F35*K35 -> 210 | W35: =IF(ISNUMBER(SEARCH("Peso muerto",$B35)),IF($C35>=0.5,IF($C35<0.6,$D35*$E35," ")," ")," ") | X35: =IF(ISNUMBER(SEARCH("Peso muerto",$B35)),IF($C35>=0.6,IF($C35<0.7,$D35*$E35," ")," ")," ") | Y35: =IF(ISNUMBER(SEARCH("Peso muerto",$B35)),IF($C35>=0.7,IF($C35<0.8,$D35*$E35," ")," ")," ") -> 3 | Z35: =IF(ISNUMBER(SEARCH("Peso muerto",$B35)),IF($C35>=0.8,IF($C35<0.9,$D35*$E35," ")," ")," ") | AA35: =IF(ISNUMBER(SEARCH("Peso muerto",$B35)),IF($C35>=0.9,$D35*$E35," ")," ")
B36: Peso muerto desde cajas | C36: 0.8 | D36: 3 | E36: 2 | F36: ='1RM'!$C$6*C36 -> 80 | K36: =D36*E36 -> 6 | L36: =F36*K36 -> 480 | W36: =IF(ISNUMBER(SEARCH("Peso muerto",$B36)),IF($C36>=0.5,IF($C36<0.6,$D36*$E36," ")," ")," ") | X36: =IF(ISNUMBER(SEARCH("Peso muerto",$B36)),IF($C36>=0.6,IF($C36<0.7,$D36*$E36," ")," ")," ") | Y36: =IF(ISNUMBER(SEARCH("Peso muerto",$B36)),IF($C36>=0.7,IF($C36<0.8,$D36*$E36," ")," ")," ") | Z36: =IF(ISNUMBER(SEARCH("Peso muerto",$B36)),IF($C36>=0.8,IF($C36<0.9,$D36*$E36," ")," ")," ") -> 6 | AA36: =IF(ISNUMBER(SEARCH("Peso muerto",$B36)),IF($C36>=0.9,$D36*$E36," ")," ")
B37: Peso muerto desde cajas | C37: 0.85 | D37: 3 | E37: 3 | F37: ='1RM'!$C$6*C37 -> 85 | K37: =D37*E37 -> 9 | L37: =F37*K37 -> 765 | W37: =IF(ISNUMBER(SEARCH("Peso muerto",$B37)),IF($C37>=0.5,IF($C37<0.6,$D37*$E37," ")," ")," ") | X37: =IF(ISNUMBER(SEARCH("Peso muerto",$B37)),IF($C37>=0.6,IF($C37<0.7,$D37*$E37," ")," ")," ") | Y37: =IF(ISNUMBER(SEARCH("Peso muerto",$B37)),IF($C37>=0.7,IF($C37<0.8,$D37*$E37," ")," ")," ") | Z37: =IF(ISNUMBER(SEARCH("Peso muerto",$B37)),IF($C37>=0.8,IF($C37<0.9,$D37*$E37," ")," ")," ") -> 9 | AA37: =IF(ISNUMBER(SEARCH("Peso muerto",$B37)),IF($C37>=0.9,$D37*$E37," ")," ")
A38: 4 | B38: Dominadas | D38: 10 | E38: 5
A39: 5 | B39: Fondos | D39: 10 | E39: 5
A40: 6 | B40: Buenos dias | D40: 5 | E40: 5
A42: Dia 5 | C42: % | D42: reps | E42: Series | F42: peso
A43: 1 | B43: Press de banca | C43: 0.55 | D43: 5 | E43: 1 | F43: ='1RM'!$C$5*C43 -> 55 | I43: =D43*E43 -> 5 | J43: =F43*I43 -> 275 | R43: =IF(ISNUMBER(SEARCH("Press de banca",$B43)),IF($C43>=0.5,IF($C43<0.6,$D43*$E43," ")," ")," ") -> 5 | S43: =IF(ISNUMBER(SEARCH("Press de banca",$B43)),IF($C43>=0.6,IF($C43<0.7,$D43*$E43," ")," ")," ") | T43: =IF(ISNUMBER(SEARCH("Press de banca",$B43)),IF($C43>=0.7,IF($C43<0.8,$D43*$E43," ")," ")," ") | U43: =IF(ISNUMBER(SEARCH("Press de banca",$B43)),IF($C43>=0.8,IF($C43<0.9,$D43*$E43," ")," ")," ") | V43: =IF(ISNUMBER(SEARCH("Press de banca",$B43)),IF($C43>=0.9,$D43*$E43," ")," ")
B44: Press de banca | C44: 0.65 | D44: 4 | E44: 1 | F44: ='1RM'!$C$5*C44 -> 65 | I44: =D44*E44 -> 4 | J44: =F44*I44 -> 260 | R44: =IF(ISNUMBER(SEARCH("Press de banca",$B44)),IF($C44>=0.5,IF($C44<0.6,$D44*$E44," ")," ")," ") | S44: =IF(ISNUMBER(SEARCH("Press de banca",$B44)),IF($C44>=0.6,IF($C44<0.7,$D44*$E44," ")," ")," ") -> 4 | T44: =IF(ISNUMBER(SEARCH("Press de banca",$B44)),IF($C44>=0.7,IF($C44<0.8,$D44*$E44," ")," ")," ") | U44: =IF(ISNUMBER(SEARCH("Press de banca",$B44)),IF($C44>=0.8,IF($C44<0.9,$D44*$E44," ")," ")," ") | V44: =IF(ISNUMBER(SEARCH("Press de banca",$B44)),IF($C44>=0.9,$D44*$E44," ")," ")
B45: Press de banca | C45: 0.75 | D45: 3 | E45: 1 | F45: ='1RM'!$C$5*C45 -> 75 | I45: =D45*E45 -> 3 | J45: =F45*I45 -> 225 | R45: =IF(ISNUMBER(SEARCH("Press de banca",$B45)),IF($C45>=0.5,IF($C45<0.6,$D45*$E45," ")," ")," ") | S45: =IF(ISNUMBER(SEARCH("Press de banca",$B45)),IF($C45>=0.6,IF($C45<0.7,$D45*$E45," ")," ")," ") | T45: =IF(ISNUMBER(SEARCH("Press de banca",$B45)),IF($C45>=0.7,IF($C45<0.8,$D45*$E45," ")," ")," ") -> 3 | U45: =IF(ISNUMBER(SEARCH("Press de banca",$B45)),IF($C45>=0.8,IF($C45<0.9,$D45*$E45," ")," ")," ") | V45: =IF(ISNUMBER(SEARCH("Press de banca",$B45)),IF($C45>=0.9,$D45*$E45," ")," ")
B46: Press de banca | C46: 0.85 | D46: 2 | E46: 4 | F46: ='1RM'!$C$5*C46 -> 85 | I46: =D46*E46 -> 8 | J46: =F46*I46 -> 680 | R46: =IF(ISNUMBER(SEARCH("Press de banca",$B46)),IF($C46>=0.5,IF($C46<0.6,$D46*$E46," ")," ")," ") | S46: =IF(ISNUMBER(SEARCH("Press de banca",$B46)),IF($C46>=0.6,IF($C46<0.7,$D46*$E46," ")," ")," ") | T46: =IF(ISNUMBER(SEARCH("Press de banca",$B46)),IF($C46>=0.7,IF($C46<0.8,$D46*$E46," ")," ")," ") | U46: =IF(ISNUMBER(SEARCH("Press de banca",$B46)),IF($C46>=0.8,IF($C46<0.9,$D46*$E46," ")," ")," ") -> 8 | V46: =IF(ISNUMBER(SEARCH("Press de banca",$B46)),IF($C46>=0.9,$D46*$E46," ")," ")
A47: 2 | B47: Sentadilla | C47: 0.5 | D47: 5 | E47: 1 | F47: ='1RM'!$C$4*C47 -> 50 | G47: =D47*E47 -> 5 | H47: =F47*G47 -> 250 | M47: =IF(ISNUMBER(SEARCH("Sentadilla",$B47)),IF($C47>=0.5,IF($C47<0.6,$D47*$E47," ")," ")," ") -> 5 | N47: =IF(ISNUMBER(SEARCH("Sentadilla",$B47)),IF($C47>=0.6,IF($C47<0.7,$D47*$E47," ")," ")," ") | O47: =IF(ISNUMBER(SEARCH("Sentadilla",$B47)),IF($C47>=0.7,IF($C47<0.8,$D47*$E47," ")," ")," ") | P47: =IF(ISNUMBER(SEARCH("Sentadilla",$B47)),IF($C47>=0.8,IF($C47<0.9,$D47*$E47," ")," ")," ") | Q47: =IF(ISNUMBER(SEARCH("Sentadilla",$B47)),IF($C47>=0.9,$D47*$E47," ")," ")
B48: Sentadilla | C48: 0.6 | D48: 4 | E48: 1 | F48: ='1RM'!$C$4*C48 -> 60 | G48: =D48*E48 -> 4 | H48: =F48*G48 -> 240 | M48: =IF(ISNUMBER(SEARCH("Sentadilla",$B48)),IF($C48>=0.5,IF($C48<0.6,$D48*$E48," ")," ")," ") | N48: =IF(ISNUMBER(SEARCH("Sentadilla",$B48)),IF($C48>=0.6,IF($C48<0.7,$D48*$E48," ")," ")," ") -> 4 | O48: =IF(ISNUMBER(SEARCH("Sentadilla",$B48)),IF($C48>=0.7,IF($C48<0.8,$D48*$E48," ")," ")," ") | P48: =IF(ISNUMBER(SEARCH("Sentadilla",$B48)),IF($C48>=0.8,IF($C48<0.9,$D48*$E48," ")," ")," ") | Q48: =IF(ISNUMBER(SEARCH("Sentadilla",$B48)),IF($C48>=0.9,$D48*$E48," ")," ")
B49: Sentadilla | C49: 0.7 | D49: 3 | E49: 1 | F49: ='1RM'!$C$4*C49 -> 70 | G49: =D49*E49 -> 3 | H49: =F49*G49 -> 210 | M49: =IF(ISNUMBER(SEARCH("Sentadilla",$B49)),IF($C49>=0.5,IF($C49<0.6,$D49*$E49," ")," ")," ") | N49: =IF(ISNUMBER(SEARCH("Sentadilla",$B49)),IF($C49>=0.6,IF($C49<0.7,$D49*$E49," ")," ")," ") | O49: =IF(ISNUMBER(SEARCH("Sentadilla",$B49)),IF($C49>=0.7,IF($C49<0.8,$D49*$E49," ")," ")," ") -> 3 | P49: =IF(ISNUMBER(SEARCH("Sentadilla",$B49)),IF($C49>=0.8,IF($C49<0.9,$D49*$E49," ")," ")," ") | Q49: =IF(ISNUMBER(SEARCH("Sentadilla",$B49)),IF($C49>=0.9,$D49*$E49," ")," ")
B50: Sentadilla | C50: 0.8 | D50: 5 | E50: 4 | F50: ='1RM'!$C$4*C50 -> 80 | G50: =D50*E50 -> 20 | H50: =F50*G50 -> 1600 | M50: =IF(ISNUMBER(SEARCH("Sentadilla",$B50)),IF($C50>=0.5,IF($C50<0.6,$D50*$E50," ")," ")," ") | N50: =IF(ISNUMBER(SEARCH("Sentadilla",$B50)),IF($C50>=0.6,IF($C50<0.7,$D50*$E50," ")," ")," ") | O50: =IF(ISNUMBER(SEARCH("Sentadilla",$B50)),IF($C50>=0.7,IF($C50<0.8,$D50*$E50," ")," ")," ") | P50: =IF(ISNUMBER(SEARCH("Sentadilla",$B50)),IF($C50>=0.8,IF($C50<0.9,$D50*$E50," ")," ")," ") -> 20 | Q50: =IF(ISNUMBER(SEARCH("Sentadilla",$B50)),IF($C50>=0.9,$D50*$E50," ")," ")
A51: 3 | B51: Press de banca | C51: 0.5 | D51: 4 | E51: 1 | F51: ='1RM'!$C$5*C51 -> 50 | I51: =D51*E51 -> 4 | J51: =F51*I51 -> 200 | R51: =IF(ISNUMBER(SEARCH("Press de banca",$B51)),IF($C51>=0.5,IF($C51<0.6,$D51*$E51," ")," ")," ") -> 4 | S51: =IF(ISNUMBER(SEARCH("Press de banca",$B51)),IF($C51>=0.6,IF($C51<0.7,$D51*$E51," ")," ")," ") | T51: =IF(ISNUMBER(SEARCH("Press de banca",$B51)),IF($C51>=0.7,IF($C51<0.8,$D51*$E51," ")," ")," ") | U51: =IF(ISNUMBER(SEARCH("Press de banca",$B51)),IF($C51>=0.8,IF($C51<0.9,$D51*$E51," ")," ")," ") | V51: =IF(ISNUMBER(SEARCH("Press de banca",$B51)),IF($C51>=0.9,$D51*$E51," ")," ")
B52: Press de banca | C52: 0.6 | D52: 4 | E52: 1 | F52: ='1RM'!$C$5*C52 -> 60 | I52: =D52*E52 -> 4 | J52: =F52*I52 -> 240 | R52: =IF(ISNUMBER(SEARCH("Press de banca",$B52)),IF($C52>=0.5,IF($C52<0.6,$D52*$E52," ")," ")," ") | S52: =IF(ISNUMBER(SEARCH("Press de banca",$B52)),IF($C52>=0.6,IF($C52<0.7,$D52*$E52," ")," ")," ") -> 4 | T52: =IF(ISNUMBER(SEARCH("Press de banca",$B52)),IF($C52>=0.7,IF($C52<0.8,$D52*$E52," ")," ")," ") | U52: =IF(ISNUMBER(SEARCH("Press de banca",$B52)),IF($C52>=0.8,IF($C52<0.9,$D52*$E52," ")," ")," ") | V52: =IF(ISNUMBER(SEARCH("Press de banca",$B52)),IF($C52>=0.9,$D52*$E52," ")," ")
B53: Press de banca | C53: 0.7 | D53: 8 | E53: 4 | F53: ='1RM'!$C$5*C53 -> 70 | I53: =D53*E53 -> 32 | J53: =F53*I53 -> 2240 | R53: =IF(ISNUMBER(SEARCH("Press de banca",$B53)),IF($C53>=0.5,IF($C53<0.6,$D53*$E53," ")," ")," ") | S53: =IF(ISNUMBER(SEARCH("Press de banca",$B53)),IF($C53>=0.6,IF($C53<0.7,$D53*$E53," ")," ")," ") | T53: =IF(ISNUMBER(SEARCH("Press de banca",$B53)),IF($C53>=0.7,IF($C53<0.8,$D53*$E53," ")," ")," ") -> 32 | U53: =IF(ISNUMBER(SEARCH("Press de banca",$B53)),IF($C53>=0.8,IF($C53<0.9,$D53*$E53," ")," ")," ") | V53: =IF(ISNUMBER(SEARCH("Press de banca",$B53)),IF($C53>=0.9,$D53*$E53," ")," ")
A54: 4 | B54: Press de banca inclinado | D54: 10 | E54: 5
A55: 5 | B55: Abs | D55: 10 | E55: 3
A57: Dia 6 | C57: % | D57: reps | E57: Series | F57: peso
A58: 1 | B58: Peso muerto desde cajas | C58: 0.6 | D58: 3 | E58: 1 | F58: ='1RM'!$C$6*C58 -> 60 | K58: =D58*E58 -> 3 | L58: =F58*K58 -> 180 | W58: =IF(ISNUMBER(SEARCH("Peso muerto",$B58)),IF($C58>=0.5,IF($C58<0.6,$D58*$E58," ")," ")," ") | X58: =IF(ISNUMBER(SEARCH("Peso muerto",$B58)),IF($C58>=0.6,IF($C58<0.7,$D58*$E58," ")," ")," ") -> 3 | Y58: =IF(ISNUMBER(SEARCH("Peso muerto",$B58)),IF($C58>=0.7,IF($C58<0.8,$D58*$E58," ")," ")," ") | Z58: =IF(ISNUMBER(SEARCH("Peso muerto",$B58)),IF($C58>=0.8,IF($C58<0.9,$D58*$E58," ")," ")," ") | AA58: =IF(ISNUMBER(SEARCH("Peso muerto",$B58)),IF($C58>=0.9,$D58*$E58," ")," ")
B59: Peso muerto desde cajas | C59: 0.7 | D59: 3 | E59: 1 | F59: ='1RM'!$C$6*C59 -> 70 | K59: =D59*E59 -> 3 | L59: =F59*K59 -> 210 | W59: =IF(ISNUMBER(SEARCH("Peso muerto",$B59)),IF($C59>=0.5,IF($C59<0.6,$D59*$E59," ")," ")," ") | X59: =IF(ISNUMBER(SEARCH("Peso muerto",$B59)),IF($C59>=0.6,IF($C59<0.7,$D59*$E59," ")," ")," ") | Y59: =IF(ISNUMBER(SEARCH("Peso muerto",$B59)),IF($C59>=0.7,IF($C59<0.8,$D59*$E59," ")," ")," ") -> 3 | Z59: =IF(ISNUMBER(SEARCH("Peso muerto",$B59)),IF($C59>=0.8,IF($C59<0.9,$D59*$E59," ")," ")," ") | AA59: =IF(ISNUMBER(SEARCH("Peso muerto",$B59)),IF($C59>=0.9,$D59*$E59," ")," ")
B60: Peso muerto desde cajas | C60: 0.8 | D60: 3 | E60: 2 | F60: ='1RM'!$C$6*C60 -> 80 | K60: =D60*E60 -> 6 | L60: =F60*K60 -> 480 | W60: =IF(ISNUMBER(SEARCH("Peso muerto",$B60)),IF($C60>=0.5,IF($C60<0.6,$D60*$E60," ")," ")," ") | X60: =IF(ISNUMBER(SEARCH("Peso muerto",$B60)),IF($C60>=0.6,IF($C60<0.7,$D60*$E60," ")," ")," ") | Y60: =IF(ISNUMBER(SEARCH("Peso muerto",$B60)),IF($C60>=0.7,IF($C60<0.8,$D60*$E60," ")," ")," ") | Z60: =IF(ISNUMBER(SEARCH("Peso muerto",$B60)),IF($C60>=0.8,IF($C60<0.9,$D60*$E60," ")," ")," ") -> 6 | AA60: =IF(ISNUMBER(SEARCH("Peso muerto",$B60)),IF($C60>=0.9,$D60*$E60," ")," ")
B61: Peso muerto desde cajas | C61: 0.85 | D61: 3 | E61: 4 | F61: ='1RM'!$C$6*C61 -> 85 | K61: =D61*E61 -> 12 | L61: =F61*K61 -> 1020 | W61: =IF(ISNUMBER(SEARCH("Peso muerto",$B61)),IF($C61>=0.5,IF($C61<0.6,$D61*$E61," ")," ")," ") | X61: =IF(ISNUMBER(SEARCH("Peso muerto",$B61)),IF($C61>=0.6,IF($C61<0.7,$D61*$E61," ")," ")," ") | Y61: =IF(ISNUMBER(SEARCH("Peso muerto",$B61)),IF($C61>=0.7,IF($C61<0.8,$D61*$E61," ")," ")," ") | Z61: =IF(ISNUMBER(SEARCH("Peso muerto",$B61)),IF($C61>=0.8,IF($C61<0.9,$D61*$E61," ")," ")," ") -> 12 | AA61: =IF(ISNUMBER(SEARCH("Peso muerto",$B61)),IF($C61>=0.9,$D61*$E61," ")," ")
A62: 2 | B62: Press militar en banco | D62: 10 | E62: 5
A63: 3 | B63: Facepulls | D63: 10 | E63: 5
A64: 4 | B64: Dominadas | D64: 10 | E64: 5
A65: 5 | B65: Hiperextensiones de espalda | D65: 8 | E65: 4
G66: =SUM(G7:G65) -> 81 | H66: =SUM(H7:H65) -> 5580 | I66: =SUM(I7:I65) -> 127 | J66: =SUM(J7:J65) -> 8940 | K66: =SUM(K7:K65) -> 59 | L66: =SUM(L7:L65) -> 4415 | M66: =SUM(M7:M65) -> 10 | N66: =SUM(N7:N65) -> 9 | ... AA66: =SUM(AA7:AA65) -> 0
A67: Semana 2
A68: Dia 1 | C68: % | D68: reps | E68: Series | F68: peso
A69: 1 | B69: Press de banca | C69: 0.5 | D69: 5 | E69: 1 | F69: ='1RM'!$C$5*C69 -> 50 | I69: =D69*E69 -> 5 | J69: =F69*I69 -> 250 | R69: =IF(ISNUMBER(SEARCH("Press de banca",$B69)),IF($C69>=0.5,IF($C69<0.6,$D69*$E69," ")," ")," ") -> 5 | S69: =IF(ISNUMBER(SEARCH("Press de banca",$B69)),IF($C69>=0.6,IF($C69<0.7,$D69*$E69," ")," ")," ") | T69: =IF(ISNUMBER(SEARCH("Press de banca",$B69)),IF($C69>=0.7,IF($C69<0.8,$D69*$E69," ")," ")," ") | U69: =IF(ISNUMBER(SEARCH("Press de banca",$B69)),IF($C69>=0.8,IF($C69<0.9,$D69*$E69," ")," ")," ") | V69: =IF(ISNUMBER(SEARCH("Press de banca",$B69)),IF($C69>=0.9,$D69*$E69," ")," ")
B70: Press de banca | C70: 0.6 | D70: 4 | E70: 1 | F70: ='1RM'!$C$5*C70 -> 60 | I70: =D70*E70 -> 4 | J70: =F70*I70 -> 240 | R70: =IF(ISNUMBER(SEARCH("Press de banca",$B70)),IF($C70>=0.5,IF($C70<0.6,$D70*$E70," ")," ")," ") | S70: =IF(ISNUMBER(SEARCH("Press de banca",$B70)),IF($C70>=0.6,IF($C70<0.7,$D70*$E70," ")," ")," ") -> 4 | T70: =IF(ISNUMBER(SEARCH("Press de banca",$B70)),IF($C70>=0.7,IF($C70<0.8,$D70*$E70," ")," ")," ") | U70: =IF(ISNUMBER(SEARCH("Press de banca",$B70)),IF($C70>=0.8,IF($C70<0.9,$D70*$E70," ")," ")," ") | V70: =IF(ISNUMBER(SEARCH("Press de banca",$B70)),IF($C70>=0.9,$D70*$E70," ")," ")
B71: Press de banca | C71: 0.7 | D71: 3 | E71: 1 | F71: ='1RM'!$C$5*C71 -> 70 | I71: =D71*E71 -> 3 | J71: =F71*I71 -> 210 | R71: =IF(ISNUMBER(SEARCH("Press de banca",$B71)),IF($C71>=0.5,IF($C71<0.6,$D71*$E71," ")," ")," ") | S71: =IF(ISNUMBER(SEARCH("Press de banca",$B71)),IF($C71>=0.6,IF($C71<0.7,$D71*$E71," ")," ")," ") | T71: =IF(ISNUMBER(SEARCH("Press de banca",$B71)),IF($C71>=0.7,IF($C71<0.8,$D71*$E71," ")," ")," ") -> 3 | U71: =IF(ISNUMBER(SEARCH("Press de banca",$B71)),IF($C71>=0.8,IF($C71<0.9,$D71*$E71," ")," ")," ") | V71: =IF(ISNUMBER(SEARCH("Press de banca",$B71)),IF($C71>=0.9,$D71*$E71," ")," ")
B72: Press de banca | C72: 0.8 | D72: 5 | E72: 4 | F72: ='1RM'!$C$5*C72 -> 80 | I72: =D72*E72 -> 20 | J72: =F72*I72 -> 1600 | R72: =IF(ISNUMBER(SEARCH("Press de banca",$B72)),IF($C72>=0.5,IF($C72<0.6,$D72*$E72," ")," ")," ") | S72: =IF(ISNUMBER(SEARCH("Press de banca",$B72)),IF($C72>=0.6,IF($C72<0.7,$D72*$E72," ")," ")," ") | T72: =IF(ISNUMBER(SEARCH("Press de banca",$B72)),IF($C72>=0.7,IF($C72<0.8,$D72*$E72," ")," ")," ") | U72: =IF(ISNUMBER(SEARCH("Press de banca",$B72)),IF($C72>=0.8,IF($C72<0.9,$D72*$E72," ")," ")," ") -> 20 | V72: =IF(ISNUMBER(SEARCH("Press de banca",$B72)),IF($C72>=0.9,$D72*$E72," ")," ")
A73: 2 | B73: Sentadilla | C73: 0.5 | D73: 5 | E73: 1 | F73: ='1RM'!$C$4*C73 -> 50 | G73: =D73*E73 -> 5 | H73: =F73*G73 -> 250 | M73: =IF(ISNUMBER(SEARCH("Sentadilla",$B73)),IF($C73>=0.5,IF($C73<0.6,$D73*$E73," ")," ")," ") -> 5 | N73: =IF(ISNUMBER(SEARCH("Sentadilla",$B73)),IF($C73>=0.6,IF($C73<0.7,$D73*$E73," ")," ")," ") | O73: =IF(ISNUMBER(SEARCH("Sentadilla",$B73)),IF($C73>=0.7,IF($C73<0.8,$D73*$E73," ")," ")," ") | P73: =IF(ISNUMBER(SEARCH("Sentadilla",$B73)),IF($C73>=0.8,IF($C73<0.9,$D73*$E73," ")," ")," ") | Q73: =IF(ISNUMBER(SEARCH("Sentadilla",$B73)),IF($C73>=0.9,$D73*$E73," ")," ")
B74: Sentadilla | C74: 0.6 | D74: 4 | E74: 1 | F74: ='1RM'!$C$4*C74 -> 60 | G74: =D74*E74 -> 4 | H74: =F74*G74 -> 240 | M74: =IF(ISNUMBER(SEARCH("Sentadilla",$B74)),IF($C74>=0.5,IF($C74<0.6,$D74*$E74," ")," ")," ") | N74: =IF(ISNUMBER(SEARCH("Sentadilla",$B74)),IF($C74>=0.6,IF($C74<0.7,$D74*$E74," ")," ")," ") -> 4 | O74: =IF(ISNUMBER(SEARCH("Sentadilla",$B74)),IF($C74>=0.7,IF($C74<0.8,$D74*$E74," ")," ")," ") | P74: =IF(ISNUMBER(SEARCH("Sentadilla",$B74)),IF($C74>=0.8,IF($C74<0.9,$D74*$E74," ")," ")," ") | Q74: =IF(ISNUMBER(SEARCH("Sentadilla",$B74)),IF($C74>=0.9,$D74*$E74," ")," ")
B75: Sentadilla | C75: 0.7 | D75: 3 | E75: 1 | F75: ='1RM'!$C$4*C75 -> 70 | G75: =D75*E75 -> 3 | H75: =F75*G75 -> 210 | M75: =IF(ISNUMBER(SEARCH("Sentadilla",$B75)),IF($C75>=0.5,IF($C75<0.6,$D75*$E75," ")," ")," ") | N75: =IF(ISNUMBER(SEARCH("Sentadilla",$B75)),IF($C75>=0.6,IF($C75<0.7,$D75*$E75," ")," ")," ") | O75: =IF(ISNUMBER(SEARCH("Sentadilla",$B75)),IF($C75>=0.7,IF($C75<0.8,$D75*$E75," ")," ")," ") -> 3 | P75: =IF(ISNUMBER(SEARCH("Sentadilla",$B75)),IF($C75>=0.8,IF($C75<0.9,$D75*$E75," ")," ")," ") | Q75: =IF(ISNUMBER(SEARCH("Sentadilla",$B75)),IF($C75>=0.9,$D75*$E75," ")," ")
B76: Sentadilla | C76: 0.8 | D76: 5 | E76: 4 | F76: ='1RM'!$C$4*C76 -> 80 | G76: =D76*E76 -> 20 | H76: =F76*G76 -> 1600 | M76: =IF(ISNUMBER(SEARCH("Sentadilla",$B76)),IF($C76>=0.5,IF($C76<0.6,$D76*$E76," ")," ")," ") | N76: =IF(ISNUMBER(SEARCH("Sentadilla",$B76)),IF($C76>=0.6,IF($C76<0.7,$D76*$E76," ")," ")," ") | O76: =IF(ISNUMBER(SEARCH("Sentadilla",$B76)),IF($C76>=0.7,IF($C76<0.8,$D76*$E76," ")," ")," ") | P76: =IF(ISNUMBER(SEARCH("Sentadilla",$B76)),IF($C76>=0.8,IF($C76<0.9,$D76*$E76," ")," ")," ") -> 20 | Q76: =IF(ISNUMBER(SEARCH("Sentadilla",$B76)),IF($C76>=0.9,$D76*$E76," ")," ")
A77: 3 | B77: Press de banca w/chains | C77: 0.5 | D77: 3 | E77: 1 | F77: ='1RM'!$C$5*C77 -> 50 | I77: =D77*E77 -> 3 | J77: =F77*I77 -> 150 | R77: =IF(ISNUMBER(SEARCH("Press de banca",$B77)),IF($C77>=0.5,IF($C77<0.6,$D77*$E77," ")," ")," ") -> 3 | S77: =IF(ISNUMBER(SEARCH("Press de banca",$B77)),IF($C77>=0.6,IF($C77<0.7,$D77*$E77," ")," ")," ") | T77: =IF(ISNUMBER(SEARCH("Press de banca",$B77)),IF($C77>=0.7,IF($C77<0.8,$D77*$E77," ")," ")," ") | U77: =IF(ISNUMBER(SEARCH("Press de banca",$B77)),IF($C77>=0.8,IF($C77<0.9,$D77*$E77," ")," ")," ") | V77: =IF(ISNUMBER(SEARCH("Press de banca",$B77)),IF($C77>=0.9,$D77*$E77," ")," ")
B78: Press de banca w/chains | C78: 0.6 | D78: 3 | E78: 1 | F78: ='1RM'!$C$5*C78 -> 60 | I78: =D78*E78 -> 3 | J78: =F78*I78 -> 180 | R78: =IF(ISNUMBER(SEARCH("Press de banca",$B78)),IF($C78>=0.5,IF($C78<0.6,$D78*$E78," ")," ")," ") | S78: =IF(ISNUMBER(SEARCH("Press de banca",$B78)),IF($C78>=0.6,IF($C78<0.7,$D78*$E78," ")," ")," ") -> 3 | T78: =IF(ISNUMBER(SEARCH("Press de banca",$B78)),IF($C78>=0.7,IF($C78<0.8,$D78*$E78," ")," ")," ") | U78: =IF(ISNUMBER(SEARCH("Press de banca",$B78)),IF($C78>=0.8,IF($C78<0.9,$D78*$E78," ")," ")," ") | V78: =IF(ISNUMBER(SEARCH("Press de banca",$B78)),IF($C78>=0.9,$D78*$E78," ")," ")
B79: Press de banca w/chains | C79: 0.7 | D79: 3 | E79: 1 | F79: ='1RM'!$C$5*C79 -> 70 | I79: =D79*E79 -> 3 | J79: =F79*I79 -> 210 | R79: =IF(ISNUMBER(SEARCH("Press de banca",$B79)),IF($C79>=0.5,IF($C79<0.6,$D79*$E79," ")," ")," ") | S79: =IF(ISNUMBER(SEARCH("Press de banca",$B79)),IF($C79>=0.6,IF($C79<0.7,$D79*$E79," ")," ")," ") | T79: =IF(ISNUMBER(SEARCH("Press de banca",$B79)),IF($C79>=0.7,IF($C79<0.8,$D79*$E79," ")," ")," ") -> 3 | U79: =IF(ISNUMBER(SEARCH("Press de banca",$B79)),IF($C79>=0.8,IF($C79<0.9,$D79*$E79," ")," ")," ") | V79: =IF(ISNUMBER(SEARCH("Press de banca",$B79)),IF($C79>=0.9,$D79*$E79," ")," ")
B80: Press de banca w/chains | C80: 0.75 | D80: 2 | E80: 4 | F80: ='1RM'!$C$5*C80 -> 75 | I80: =D80*E80 -> 8 | J80: =F80*I80 -> 600 | R80: =IF(ISNUMBER(SEARCH("Press de banca",$B80)),IF($C80>=0.5,IF($C80<0.6,$D80*$E80," ")," ")," ") | S80: =IF(ISNUMBER(SEARCH("Press de banca",$B80)),IF($C80>=0.6,IF($C80<0.7,$D80*$E80," ")," ")," ") | T80: =IF(ISNUMBER(SEARCH("Press de banca",$B80)),IF($C80>=0.7,IF($C80<0.8,$D80*$E80," ")," ")," ") -> 8 | U80: =IF(ISNUMBER(SEARCH("Press de banca",$B80)),IF($C80>=0.8,IF($C80<0.9,$D80*$E80," ")," ")," ") | V80: =IF(ISNUMBER(SEARCH("Press de banca",$B80)),IF($C80>=0.9,$D80*$E80," ")," ")
A81: 4 | B81: Press de banca inclinado | D81: 10 | E81: 5
A82: 5 | B82: Buenos dias | D82: 5 | E82: 5
A84: Dia 3 | C84: % | D84: reps | E84: Series | F84: peso
A85: 1 | B85: Peso muerto to knees | C85: 0.5 | D85: 3 | E85: 1 | F85: ='1RM'!$C$6*C85 -> 50 | K85: =D85*E85 -> 3 | L85: =F85*K85 -> 150 | W85: =IF(ISNUMBER(SEARCH("Peso muerto",$B85)),IF($C85>=0.5,IF($C85<0.6,$D85*$E85," ")," ")," ") -> 3 | X85: =IF(ISNUMBER(SEARCH("Peso muerto",$B85)),IF($C85>=0.6,IF($C85<0.7,$D85*$E85," ")," ")," ") | Y85: =IF(ISNUMBER(SEARCH("Peso muerto",$B85)),IF($C85>=0.7,IF($C85<0.8,$D85*$E85," ")," ")," ") | Z85: =IF(ISNUMBER(SEARCH("Peso muerto",$B85)),IF($C85>=0.8,IF($C85<0.9,$D85*$E85," ")," ")," ") | AA85: =IF(ISNUMBER(SEARCH("Peso muerto",$B85)),IF($C85>=0.9,$D85*$E85," ")," ")
B86: Peso muerto to knees | C86: 0.6 | D86: 3 | E86: 1 | F86: ='1RM'!$C$6*C86 -> 60 | K86: =D86*E86 -> 3 | L86: =F86*K86 -> 180 | W86: =IF(ISNUMBER(SEARCH("Peso muerto",$B86)),IF($C86>=0.5,IF($C86<0.6,$D86*$E86," ")," ")," ") | X86: =IF(ISNUMBER(SEARCH("Peso muerto",$B86)),IF($C86>=0.6,IF($C86<0.7,$D86*$E86," ")," ")," ") -> 3 | Y86: =IF(ISNUMBER(SEARCH("Peso muerto",$B86)),IF($C86>=0.7,IF($C86<0.8,$D86*$E86," ")," ")," ") | Z86: =IF(ISNUMBER(SEARCH("Peso muerto",$B86)),IF($C86>=0.8,IF($C86<0.9,$D86*$E86," ")," ")," ") | AA86: =IF(ISNUMBER(SEARCH("Peso muerto",$B86)),IF($C86>=0.9,$D86*$E86," ")," ")
B87: Peso muerto to knees | C87: 0.7 | D87: 2 | E87: 4 | F87: ='1RM'!$C$6*C87 -> 70 | K87: =D87*E87 -> 8 | L87: =F87*K87 -> 560 | W87: =IF(ISNUMBER(SEARCH("Peso muerto",$B87)),IF($C87>=0.5,IF($C87<0.6,$D87*$E87," ")," ")," ") | X87: =IF(ISNUMBER(SEARCH("Peso muerto",$B87)),IF($C87>=0.6,IF($C87<0.7,$D87*$E87," ")," ")," ") | Y87: =IF(ISNUMBER(SEARCH("Peso muerto",$B87)),IF($C87>=0.7,IF($C87<0.8,$D87*$E87," ")," ")," ") -> 8 | Z87: =IF(ISNUMBER(SEARCH("Peso muerto",$B87)),IF($C87>=0.8,IF($C87<0.9,$D87*$E87," ")," ")," ") | AA87: =IF(ISNUMBER(SEARCH("Peso muerto",$B87)),IF($C87>=0.9,$D87*$E87," ")," ")
A88: 2 | B88: Press de banca w/board | C88: 0.55 | D88: 5 | E88: 1 | F88: ='1RM'!$C$5*C88 -> 55 | I88: =D88*E88 -> 5 | J88: =F88*I88 -> 275 | R88: =IF(ISNUMBER(SEARCH("Press de banca",$B88)),IF($C88>=0.5,IF($C88<0.6,$D88*$E88," ")," ")," ") -> 5 | S88: =IF(ISNUMBER(SEARCH("Press de banca",$B88)),IF($C88>=0.6,IF($C88<0.7,$D88*$E88," ")," ")," ") | T88: =IF(ISNUMBER(SEARCH("Press de banca",$B88)),IF($C88>=0.7,IF($C88<0.8,$D88*$E88," ")," ")," ") | U88: =IF(ISNUMBER(SEARCH("Press de banca",$B88)),IF($C88>=0.8,IF($C88<0.9,$D88*$E88," ")," ")," ") | V88: =IF(ISNUMBER(SEARCH("Press de banca",$B88)),IF($C88>=0.9,$D88*$E88," ")," ")
B89: Press de banca w/board | C89: 0.65 | D89: 4 | E89: 1 | F89: ='1RM'!$C$5*C89 -> 65 | I89: =D89*E89 -> 4 | J89: =F89*I89 -> 260 | R89: =IF(ISNUMBER(SEARCH("Press de banca",$B89)),IF($C89>=0.5,IF($C89<0.6,$D89*$E89," ")," ")," ") | S89: =IF(ISNUMBER(SEARCH("Press de banca",$B89)),IF($C89>=0.6,IF($C89<0.7,$D89*$E89," ")," ")," ") -> 4 | T89: =IF(ISNUMBER(SEARCH("Press de banca",$B89)),IF($C89>=0.7,IF($C89<0.8,$D89*$E89," ")," ")," ") | U89: =IF(ISNUMBER(SEARCH("Press de banca",$B89)),IF($C89>=0.8,IF($C89<0.9,$D89*$E89," ")," ")," ") | V89: =IF(ISNUMBER(SEARCH("Press de banca",$B89)),IF($C89>=0.9,$D89*$E89," ")," ")
B90: Press de banca w/board | C90: 0.75 | D90: 4 | E90: 2 | F90: ='1RM'!$C$5*C90 -> 75 | I90: =D90*E90 -> 8 | J90: =F90*I90 -> 600 | R90: =IF(ISNUMBER(SEARCH("Press de banca",$B90)),IF($C90>=0.5,IF($C90<0.6,$D90*$E90," ")," ")," ") | S90: =IF(ISNUMBER(SEARCH("Press de banca",$B90)),IF($C90>=0.6,IF($C90<0.7,$D90*$E90," ")," ")," ") | T90: =IF(ISNUMBER(SEARCH("Press de banca",$B90)),IF($C90>=0.7,IF($C90<0.8,$D90*$E90," ")," ")," ") -> 8 | U90: =IF(ISNUMBER(SEARCH("Press de banca",$B90)),IF($C90>=0.8,IF($C90<0.9,$D90*$E90," ")," ")," ") | V90: =IF(ISNUMBER(SEARCH("Press de banca",$B90)),IF($C90>=0.9,$D90*$E90," ")," ")
B91: Press de banca w/board | C91: 0.85 | D91: 3 | E91: 2 | F91: ='1RM'!$C$5*C91 -> 85 | I91: =D91*E91 -> 6 | J91: =F91*I91 -> 510 | R91: =IF(ISNUMBER(SEARCH("Press de banca",$B91)),IF($C91>=0.5,IF($C91<0.6,$D91*$E91," ")," ")," ") | S91: =IF(ISNUMBER(SEARCH("Press de banca",$B91)),IF($C91>=0.6,IF($C91<0.7,$D91*$E91," ")," ")," ") | T91: =IF(ISNUMBER(SEARCH("Press de banca",$B91)),IF($C91>=0.7,IF($C91<0.8,$D91*$E91," ")," ")," ") | U91: =IF(ISNUMBER(SEARCH("Press de banca",$B91)),IF($C91>=0.8,IF($C91<0.9,$D91*$E91," ")," ")," ") -> 6 | V91: =IF(ISNUMBER(SEARCH("Press de banca",$B91)),IF($C91>=0.9,$D91*$E91," ")," ")
B92: Press de banca w/board | C92: 0.9 | D92: 2 | E92: 3 | F92: ='1RM'!$C$5*C92 -> 90 | I92: =D92*E92 -> 6 | J92: =F92*I92 -> 540 | R92: =IF(ISNUMBER(SEARCH("Press de banca",$B92)),IF($C92>=0.5,IF($C92<0.6,$D92*$E92," ")," ")," ") | S92: =IF(ISNUMBER(SEARCH("Press de banca",$B92)),IF($C92>=0.6,IF($C92<0.7,$D92*$E92," ")," ")," ") | T92: =IF(ISNUMBER(SEARCH("Press de banca",$B92)),IF($C92>=0.7,IF($C92<0.8,$D92*$E92," ")," ")," ") | U92: =IF(ISNUMBER(SEARCH("Press de banca",$B92)),IF($C92>=0.8,IF($C92<0.9,$D92*$E92," ")," ")," ") | V92: =IF(ISNUMBER(SEARCH("Press de banca",$B92)),IF($C92>=0.9,$D92*$E92," ")," ") -> 6
A93: 3 | B93: Peso muerto con cadenas | C93: 0.5 | D93: 3 | E93: 1 | F93: ='1RM'!$C$6*C93 -> 50 | K93: =D93*E93 -> 3 | L93: =F93*K93 -> 150 | W93: =IF(ISNUMBER(SEARCH("Peso muerto",$B93)),IF($C93>=0.5,IF($C93<0.6,$D93*$E93," ")," ")," ") -> 3 | X93: =IF(ISNUMBER(SEARCH("Peso muerto",$B93)),IF($C93>=0.6,IF($C93<0.7,$D93*$E93," ")," ")," ") | Y93: =IF(ISNUMBER(SEARCH("Peso muerto",$B93)),IF($C93>=0.7,IF($C93<0.8,$D93*$E93," ")," ")," ") | Z93: =IF(ISNUMBER(SEARCH("Peso muerto",$B93)),IF($C93>=0.8,IF($C93<0.9,$D93*$E93," ")," ")," ") | AA93: =IF(ISNUMBER(SEARCH("Peso muerto",$B93)),IF($C93>=0.9,$D93*$E93," ")," ")
B94: Peso muerto con cadenas | C94: 0.6 | D94: 3 | E94: 1 | F94: ='1RM'!$C$6*C94 -> 60 | K94: =D94*E94 -> 3 | L94: =F94*K94 -> 180 | W94: =IF(ISNUMBER(SEARCH("Peso muerto",$B94)),IF($C94>=0.5,IF($C94<0.6,$D94*$E94," ")," ")," ") | X94: =IF(ISNUMBER(SEARCH("Peso muerto",$B94)),IF($C94>=0.6,IF($C94<0.7,$D94*$E94," ")," ")," ") -> 3 | Y94: =IF(ISNUMBER(SEARCH("Peso muerto",$B94)),IF($C94>=0.7,IF($C94<0.8,$D94*$E94," ")," ")," ") | Z94: =IF(ISNUMBER(SEARCH("Peso muerto",$B94)),IF($C94>=0.8,IF($C94<0.9,$D94*$E94," ")," ")," ") | AA94: =IF(ISNUMBER(SEARCH("Peso muerto",$B94)),IF($C94>=0.9,$D94*$E94," ")," ")
B95: Peso muerto con cadenas | C95: 0.7 | D95: 3 | E95: 1 | F95: ='1RM'!$C$6*C95 -> 70 | K95: =D95*E95 -> 3 | L95: =F95*K95 -> 210 | W95: =IF(ISNUMBER(SEARCH("Peso muerto",$B95)),IF($C95>=0.5,IF($C95<0.6,$D95*$E95," ")," ")," ") | X95: =IF(ISNUMBER(SEARCH("Peso muerto",$B95)),IF($C95>=0.6,IF($C95<0.7,$D95*$E95," ")," ")," ") | Y95: =IF(ISNUMBER(SEARCH("Peso muerto",$B95)),IF($C95>=0.7,IF($C95<0.8,$D95*$E95," ")," ")," ") -> 3 | Z95: =IF(ISNUMBER(SEARCH("Peso muerto",$B95)),IF($C95>=0.8,IF($C95<0.9,$D95*$E95," ")," ")," ") | AA95: =IF(ISNUMBER(SEARCH("Peso muerto",$B95)),IF($C95>=0.9,$D95*$E95," ")," ")
B96: Peso muerto con cadenas | C96: 0.75 | D96: 2 | E96: 4 | F96: ='1RM'!$C$6*C96 -> 75 | K96: =D96*E96 -> 8 | L96: =F96*K96 -> 600 | W96: =IF(ISNUMBER(SEARCH("Peso muerto",$B96)),IF($C96>=0.5,IF($C96<0.6,$D96*$E96," ")," ")," ") | X96: =IF(ISNUMBER(SEARCH("Peso muerto",$B96)),IF($C96>=0.6,IF($C96<0.7,$D96*$E96," ")," ")," ") | Y96: =IF(ISNUMBER(SEARCH("Peso muerto",$B96)),IF($C96>=0.7,IF($C96<0.8,$D96*$E96," ")," ")," ") -> 8 | Z96: =IF(ISNUMBER(SEARCH("Peso muerto",$B96)),IF($C96>=0.8,IF($C96<0.9,$D96*$E96," ")," ")," ") | AA96: =IF(ISNUMBER(SEARCH("Peso muerto",$B96)),IF($C96>=0.9,$D96*$E96," ")," ")
A97: 4 | B97: Extension de triceps | D97: 12 | E97: 5
A98: 5 | B98: Abs | D98: 10 | E98: 4
A100: Dia 5 | C100: % | D100: reps | E100: Series | F100: peso
A101: 1 | B101: Sentadilla | C101: 0.55 | D101: 5 | E101: 1 | F101: ='1RM'!$C$4*C101 -> 55 | G101: =D101*E101 -> 5 | H101: =F101*G101 -> 275 | M101: =IF(ISNUMBER(SEARCH("Sentadilla",$B101)),IF($C101>=0.5,IF($C101<0.6,$D101*$E101," ")," ")," ") -> 5 | N101: =IF(ISNUMBER(SEARCH("Sentadilla",$B101)),IF($C101>=0.6,IF($C101<0.7,$D101*$E101," ")," ")," ") | O101: =IF(ISNUMBER(SEARCH("Sentadilla",$B101)),IF($C101>=0.7,IF($C101<0.8,$D101*$E101," ")," ")," ") | P101: =IF(ISNUMBER(SEARCH("Sentadilla",$B101)),IF($C101>=0.8,IF($C101<0.9,$D101*$E101," ")," ")," ") | Q101: =IF(ISNUMBER(SEARCH("Sentadilla",$B101)),IF($C101>=0.9,$D101*$E101," ")," ")
B102: Sentadilla | C102: 0.65 | D102: 4 | E102: 1 | F102: ='1RM'!$C$4*C102 -> 65 | G102: =D102*E102 -> 4 | H102: =F102*G102 -> 260 | M102: =IF(ISNUMBER(SEARCH("Sentadilla",$B102)),IF($C102>=0.5,IF($C102<0.6,$D102*$E102," ")," ")," ") | N102: =IF(ISNUMBER(SEARCH("Sentadilla",$B102)),IF($C102>=0.6,IF($C102<0.7,$D102*$E102," ")," ")," ") -> 4 | O102: =IF(ISNUMBER(SEARCH("Sentadilla",$B102)),IF($C102>=0.7,IF($C102<0.8,$D102*$E102," ")," ")," ") | P102: =IF(ISNUMBER(SEARCH("Sentadilla",$B102)),IF($C102>=0.8,IF($C102<0.9,$D102*$E102," ")," ")," ") | Q102: =IF(ISNUMBER(SEARCH("Sentadilla",$B102)),IF($C102>=0.9,$D102*$E102," ")," ")
B103: Sentadilla | C103: 0.75 | D103: 3 | E103: 1 | F103: ='1RM'!$C$4*C103 -> 75 | G103: =D103*E103 -> 3 | H103: =F103*G103 -> 225 | M103: =IF(ISNUMBER(SEARCH("Sentadilla",$B103)),IF($C103>=0.5,IF($C103<0.6,$D103*$E103," ")," ")," ") | N103: =IF(ISNUMBER(SEARCH("Sentadilla",$B103)),IF($C103>=0.6,IF($C103<0.7,$D103*$E103," ")," ")," ") | O103: =IF(ISNUMBER(SEARCH("Sentadilla",$B103)),IF($C103>=0.7,IF($C103<0.8,$D103*$E103," ")," ")," ") -> 3 | P103: =IF(ISNUMBER(SEARCH("Sentadilla",$B103)),IF($C103>=0.8,IF($C103<0.9,$D103*$E103," ")," ")," ") | Q103: =IF(ISNUMBER(SEARCH("Sentadilla",$B103)),IF($C103>=0.9,$D103*$E103," ")," ")
B104: Sentadilla | C104: 0.85 | D104: 2 | E104: 4 | F104: ='1RM'!$C$4*C104 -> 85 | G104: =D104*E104 -> 8 | H104: =F104*G104 -> 680 | M104: =IF(ISNUMBER(SEARCH("Sentadilla",$B104)),IF($C104>=0.5,IF($C104<0.6,$D104*$E104," ")," ")," ") | N104: =IF(ISNUMBER(SEARCH("Sentadilla",$B104)),IF($C104>=0.6,IF($C104<0.7,$D104*$E104," ")," ")," ") | O104: =IF(ISNUMBER(SEARCH("Sentadilla",$B104)),IF($C104>=0.7,IF($C104<0.8,$D104*$E104," ")," ")," ") | P104: =IF(ISNUMBER(SEARCH("Sentadilla",$B104)),IF($C104>=0.8,IF($C104<0.9,$D104*$E104," ")," ")," ") -> 8 | Q104: =IF(ISNUMBER(SEARCH("Sentadilla",$B104)),IF($C104>=0.9,$D104*$E104," ")," ")
A105: 2 | B105: Press de banca | C105: 0.5 | D105: 5 | E105: 1 | F105: ='1RM'!$C$5*C105 -> 50 | I105: =D105*E105 -> 5 | J105: =F105*I105 -> 250 | R105: =IF(ISNUMBER(SEARCH("Press de banca",$B105)),IF($C105>=0.5,IF($C105<0.6,$D105*$E105," ")," ")," ") -> 5 | S105: =IF(ISNUMBER(SEARCH("Press de banca",$B105)),IF($C105>=0.6,IF($C105<0.7,$D105*$E105," ")," ")," ") | T105: =IF(ISNUMBER(SEARCH("Press de banca",$B105)),IF($C105>=0.7,IF($C105<0.8,$D105*$E105," ")," ")," ") | U105: =IF(ISNUMBER(SEARCH("Press de banca",$B105)),IF($C105>=0.8,IF($C105<0.9,$D105*$E105," ")," ")," ") | V105: =IF(ISNUMBER(SEARCH("Press de banca",$B105)),IF($C105>=0.9,$D105*$E105," ")," ")
B106: Press de banca | C106: 0.6 | D106: 4 | E106: 1 | F106: ='1RM'!$C$5*C106 -> 60 | I106: =D106*E106 -> 4 | J106: =F106*I106 -> 240 | R106: =IF(ISNUMBER(SEARCH("Press de banca",$B106)),IF($C106>=0.5,IF($C106<0.6,$D106*$E106," ")," ")," ") | S106: =IF(ISNUMBER(SEARCH("Press de banca",$B106)),IF($C106>=0.6,IF($C106<0.7,$D106*$E106," ")," ")," ") -> 4 | T106: =IF(ISNUMBER(SEARCH("Press de banca",$B106)),IF($C106>=0.7,IF($C106<0.8,$D106*$E106," ")," ")," ") | U106: =IF(ISNUMBER(SEARCH("Press de banca",$B106)),IF($C106>=0.8,IF($C106<0.9,$D106*$E106," ")," ")," ") | V106: =IF(ISNUMBER(SEARCH("Press de banca",$B106)),IF($C106>=0.9,$D106*$E106," ")," ")
B107: Press de banca | C107: 0.7 | D107: 3 | E107: 1 | F107: ='1RM'!$C$5*C107 -> 70 | I107: =D107*E107 -> 3 | J107: =F107*I107 -> 210 | R107: =IF(ISNUMBER(SEARCH("Press de banca",$B107)),IF($C107>=0.5,IF($C107<0.6,$D107*$E107," ")," ")," ") | S107: =IF(ISNUMBER(SEARCH("Press de banca",$B107)),IF($C107>=0.6,IF($C107<0.7,$D107*$E107," ")," ")," ") | T107: =IF(ISNUMBER(SEARCH("Press de banca",$B107)),IF($C107>=0.7,IF($C107<0.8,$D107*$E107," ")," ")," ") -> 3 | U107: =IF(ISNUMBER(SEARCH("Press de banca",$B107)),IF($C107>=0.8,IF($C107<0.9,$D107*$E107," ")," ")," ") | V107: =IF(ISNUMBER(SEARCH("Press de banca",$B107)),IF($C107>=0.9,$D107*$E107," ")," ")
...

Sheet Ciclo 3
B1: Sheiko | AC1: WWW.BIBLIOTECADERUTINAS.COM
B2: Preparatory Period for Class 1 & CMS
A5: Semana 1 | M5: Sentadilla | R5: Press de banca | W5: Peso muerto
A6: Dia 1 | C6: % | D6: reps | E6: Series | F6: peso | M6: 50-59 | N6: 60-69 | O6: 70-79 | P6: 80-89 | Q6: 90+ | R6: 50-59 | S6: 60-69 | T6: 70-79 | U6: 80-89 | V6: 90+ | W6: 50-59 | X6: 60-69 | Y6: 70-79 | Z6: 80-89 | AA6: 90+
A7: 1 | B7: Sentadilla | C7: 0.55 | D7: 5 | E7: 1 | F7: ='1RM'!$C$4*C7 -> 55 | G7: =D7*E7 -> 5 | H7: =F7*G7 -> 275 | M7: =IF(ISNUMBER(SEARCH("Sentadilla",$B7)),IF($C7>=0.5,IF($C7<0.6,$D7*$E7," ")," ")," ") -> 5 | N7: =IF(ISNUMBER(SEARCH("Sentadilla",$B7)),IF($C7>=0.6,IF($C7<0.7,$D7*$E7," ")," ")," ") | O7: =IF(ISNUMBER(SEARCH("Sentadilla",$B7)),IF($C7>=0.7,IF($C7<0.8,$D7*$E7," ")," ")," ") | P7: =IF(ISNUMBER(SEARCH("Sentadilla",$B7)),IF($C7>=0.8,IF($C7<0.9,$D7*$E7," ")," ")," ") | Q7: =IF(ISNUMBER(SEARCH("Sentadilla",$B7)),IF($C7>=0.9,$D7*$E7," ")," ")
B8: Sentadilla | C8: 0.65 | D8: 4 | E8: 1 | F8: ='1RM'!$C$4*C8 -> 65 | G8: =D8*E8 -> 4 | H8: =F8*G8 -> 260 | M8: =IF(ISNUMBER(SEARCH("Sentadilla",$B8)),IF($C8>=0.5,IF($C8<0.6,$D8*$E8," ")," ")," ") | N8: =IF(ISNUMBER(SEARCH("Sentadilla",$B8)),IF($C8>=0.6,IF($C8<0.7,$D8*$E8," ")," ")," ") -> 4 | O8: =IF(ISNUMBER(SEARCH("Sentadilla",$B8)),IF($C8>=0.7,IF($C8<0.8,$D8*$E8," ")," ")," ") | P8: =IF(ISNUMBER(SEARCH("Sentadilla",$B8)),IF($C8>=0.8,IF($C8<0.9,$D8*$E8," ")," ")," ") | Q8: =IF(ISNUMBER(SEARCH("Sentadilla",$B8)),IF($C8>=0.9,$D8*$E8," ")," ")
B9: Sentadilla | C9: 0.75 | D9: 3 | E9: 1 | F9: ='1RM'!$C$4*C9 -> 75 | G9: =D9*E9 -> 3 | H9: =F9*G9 -> 225 | M9: =IF(ISNUMBER(SEARCH("Sentadilla",$B9)),IF($C9>=0.5,IF($C9<0.6,$D9*$E9," ")," ")," ") | N9: =IF(ISNUMBER(SEARCH("Sentadilla",$B9)),IF($C9>=0.6,IF($C9<0.7,$D9*$E9," ")," ")," ") | O9: =IF(ISNUMBER(SEARCH("Sentadilla",$B9)),IF($C9>=0.7,IF($C9<0.8,$D9*$E9," ")," ")," ") -> 3 | P9: =IF(ISNUMBER(SEARCH("Sentadilla",$B9)),IF($C9>=0.8,IF($C9<0.9,$D9*$E9," ")," ")," ") | Q9: =IF(ISNUMBER(SEARCH("Sentadilla",$B9)),IF($C9>=0.9,$D9*$E9," ")," ")
B10: Sentadilla | C10: 0.85 | D10: 2 | E10: 3 | F10: ='1RM'!$C$4*C10 -> 85 | G10: =D10*E10 -> 6 | H10: =F10*G10 -> 510 | M10: =IF(ISNUMBER(SEARCH("Sentadilla",$B10)),IF($C10>=0.5,IF($C10<0.6,$D10*$E10," ")," ")," ") | N10: =IF(ISNUMBER(SEARCH("Sentadilla",$B10)),IF($C10>=0.6,IF($C10<0.7,$D10*$E10," ")," ")," ") | O10: =IF(ISNUMBER(SEARCH("Sentadilla",$B10)),IF($C10>=0.7,IF($C10<0.8,$D10*$E10," ")," ")," ") | P10: =IF(ISNUMBER(SEARCH("Sentadilla",$B10)),IF($C10>=0.8,IF($C10<0.9,$D10*$E10," ")," ")," ") -> 6 | Q10: =IF(ISNUMBER(SEARCH("Sentadilla",$B10)),IF($C10>=0.9,$D10*$E10," ")," ")
A11: 2 | B11: Press de banca | C11: 0.5 | D11: 5 | E11: 1 | F11: ='1RM'!$C$5*C11 -> 50 | I11: =D11*E11 -> 5 | J11: =F11*I11 -> 250 | R11: =IF(ISNUMBER(SEARCH("Press de banca",$B11)),IF($C11>=0.5,IF($C11<0.6,$D11*$E11," ")," ")," ") -> 5 | S11: =IF(ISNUMBER(SEARCH("Press de banca",$B11)),IF($C11>=0.6,IF($C11<0.7,$D11*$E11," ")," ")," ") | T11: =IF(ISNUMBER(SEARCH("Press de banca",$B11)),IF($C11>=0.7,IF($C11<0.8,$D11*$E11," ")," ")," ") | U11: =IF(ISNUMBER(SEARCH("Press de banca",$B11)),IF($C11>=0.8,IF($C11<0.9,$D11*$E11," ")," ")," ") | V11: =IF(ISNUMBER(SEARCH("Press de banca",$B11)),IF($C11>=0.9,$D11*$E11," ")," ")
B12: Press de banca | C12: 0.6 | D12: 4 | E12: 1 | F12: ='1RM'!$C$5*C12 -> 60 | I12: =D12*E12 -> 4 | J12: =F12*I12 -> 240 | R12: =IF(ISNUMBER(SEARCH("Press de banca",$B12)),IF($C12>=0.5,IF($C12<0.6,$D12*$E12," ")," ")," ") | S12: =IF(ISNUMBER(SEARCH("Press de banca",$B12)),IF($C12>=0.6,IF($C12<0.7,$D12*$E12," ")," ")," ") -> 4 | T12: =IF(ISNUMBER(SEARCH("Press de banca",$B12)),IF($C12>=0.7,IF($C12<0.8,$D12*$E12," ")," ")," ") | U12: =IF(ISNUMBER(SEARCH("Press de banca",$B12)),IF($C12>=0.8,IF($C12<0.9,$D12*$E12," ")," ")," ") | V12: =IF(ISNUMBER(SEARCH("Press de banca",$B12)),IF($C12>=0.9,$D12*$E12," ")," ")
B13: Press de banca | C13: 0.7 | D13: 3 | E13: 1 | F13: ='1RM'!$C$5*C13 -> 70 | I13: =D13*E13 -> 3 | J13: =F13*I13 -> 210 | R13: =IF(ISNUMBER(SEARCH("Press de banca",$B13)),IF($C13>=0.5,IF($C13<0.6,$D13*$E13," ")," ")," ") | S13: =IF(ISNUMBER(SEARCH("Press de banca",$B13)),IF($C13>=0.6,IF($C13<0.7,$D13*$E13," ")," ")," ") | T13: =IF(ISNUMBER(SEARCH("Press de banca",$B13)),IF($C13>=0.7,IF($C13<0.8,$D13*$E13," ")," ")," ") -> 3 | U13: =IF(ISNUMBER(SEARCH("Press de banca",$B13)),IF($C13>=0.8,IF($C13<0.9,$D13*$E13," ")," ")," ") | V13: =IF(ISNUMBER(SEARCH("Press de banca",$B13)),IF($C13>=0.9,$D13*$E13," ")," ")
B14: Press de banca | C14: 0.8 | D14: 3 | E14: 4 | F14: ='1RM'!$C$5*C14 -> 80 | I14: =D14*E14 -> 12 | J14: =F14*I14 -> 960 | R14: =IF(ISNUMBER(SEARCH("Press de banca",$B14)),IF($C14>=0.5,IF($C14<0.6,$D14*$E14," ")," ")," ") | S14: =IF(ISNUMBER(SEARCH("Press de banca",$B14)),IF($C14>=0.6,IF($C14<0.7,$D14*$E14," ")," ")," ") | T14: =IF(ISNUMBER(SEARCH("Press de banca",$B14)),IF($C14>=0.7,IF($C14<0.8,$D14*$E14," ")," ")," ") | U14: =IF(ISNUMBER(SEARCH("Press de banca",$B14)),IF($C14>=0.8,IF($C14<0.9,$D14*$E14," ")," ")," ") -> 12 | V14: =IF(ISNUMBER(SEARCH("Press de banca",$B14)),IF($C14>=0.9,$D14*$E14," ")," ")
A15: 4 | B15: Sentadilla | C15: 0.5 | D15: 3 | E15: 1 | F15: ='1RM'!$C$4*C15 -> 50 | G15: =D15*E15 -> 3 | H15: =F15*G15 -> 150 | M15: =IF(ISNUMBER(SEARCH("Sentadilla",$B15)),IF($C15>=0.5,IF($C15<0.6,$D15*$E15," ")," ")," ") -> 3 | N15: =IF(ISNUMBER(SEARCH("Sentadilla",$B15)),IF($C15>=0.6,IF($C15<0.7,$D15*$E15," ")," ")," ") | O15: =IF(ISNUMBER(SEARCH("Sentadilla",$B15)),IF($C15>=0.7,IF($C15<0.8,$D15*$E15," ")," ")," ") | P15: =IF(ISNUMBER(SEARCH("Sentadilla",$B15)),IF($C15>=0.8,IF($C15<0.9,$D15*$E15," ")," ")," ") | Q15: =IF(ISNUMBER(SEARCH("Sentadilla",$B15)),IF($C15>=0.9,$D15*$E15," ")," ")
B16: Sentadilla | C16: 0.6 | D16: 3 | E16: 1 | F16: ='1RM'!$C$4*C16 -> 60 | G16: =D16*E16 -> 3 | H16: =F16*G16 -> 180 | M16: =IF(ISNUMBER(SEARCH("Sentadilla",$B16)),IF($C16>=0.5,IF($C16<0.6,$D16*$E16," ")," ")," ") | N16: =IF(ISNUMBER(SEARCH("Sentadilla",$B16)),IF($C16>=0.6,IF($C16<0.7,$D16*$E16," ")," ")," ") -> 3 | O16: =IF(ISNUMBER(SEARCH("Sentadilla",$B16)),IF($C16>=0.7,IF($C16<0.8,$D16*$E16," ")," ")," ") | P16: =IF(ISNUMBER(SEARCH("Sentadilla",$B16)),IF($C16>=0.8,IF($C16<0.9,$D16*$E16," ")," ")," ") | Q16: =IF(ISNUMBER(SEARCH("Sentadilla",$B16)),IF($C16>=0.9,$D16*$E16," ")," ")
B17: Sentadilla | C17: 0.7 | D17: 3 | E17: 1 | F17: ='1RM'!$C$4*C17 -> 70 | G17: =D17*E17 -> 3 | H17: =F17*G17 -> 210 | M17: =IF(ISNUMBER(SEARCH("Sentadilla",$B17)),IF($C17>=0.5,IF($C17<0.6,$D17*$E17," ")," ")," ") | N17: =IF(ISNUMBER(SEARCH("Sentadilla",$B17)),IF($C17>=0.6,IF($C17<0.7,$D17*$E17," ")," ")," ") | O17: =IF(ISNUMBER(SEARCH("Sentadilla",$B17)),IF($C17>=0.7,IF($C17<0.8,$D17*$E17," ")," ")," ") -> 3 | P17: =IF(ISNUMBER(SEARCH("Sentadilla",$B17)),IF($C17>=0.8,IF($C17<0.9,$D17*$E17," ")," ")," ") | Q17: =IF(ISNUMBER(SEARCH("Sentadilla",$B17)),IF($C17>=0.9,$D17*$E17," ")," ")
B18: Sentadilla | C18: 0.8 | D18: 3 | E18: 4 | F18: ='1RM'!$C$4*C18 -> 80 | G18: =D18*E18 -> 12 | H18: =F18*G18 -> 960 | M18: =IF(ISNUMBER(SEARCH("Sentadilla",$B18)),IF($C18>=0.5,IF($C18<0.6,$D18*$E18," ")," ")," ") | N18: =IF(ISNUMBER(SEARCH("Sentadilla",$B18)),IF($C18>=0.6,IF($C18<0.7,$D18*$E18," ")," ")," ") | O18: =IF(ISNUMBER(SEARCH("Sentadilla",$B18)),IF($C18>=0.7,IF($C18<0.8,$D18*$E18," ")," ")," ") | P18: =IF(ISNUMBER(SEARCH("Sentadilla",$B18)),IF($C18>=0.8,IF($C18<0.9,$D18*$E18," ")," ")," ") -> 12 | Q18: =IF(ISNUMBER(SEARCH("Sentadilla",$B18)),IF($C18>=0.9,$D18*$E18," ")," ")
A19: 3 | B19: Press de banca inclinado | D19: 6 | E19: 4
A20: 5 | B20: Buenos dias | D20: 5 | E20: 5
A22: Dia 3 | C22: % | D22: reps | E22: Series | F22: peso
A23: 1 | B23: Press de banca | C23: 0.5 | D23: 5 | E23: 1 | F23: ='1RM'!$C$5*C23 -> 50 | I23: =D23*E23 -> 5 | J23: =F23*I23 -> 250 | R23: =IF(ISNUMBER(SEARCH("Press de banca",$B23)),IF($C23>=0.5,IF($C23<0.6,$D23*$E23," ")," ")," ") -> 5 | S23: =IF(ISNUMBER(SEARCH("Press de banca",$B23)),IF($C23>=0.6,IF($C23<0.7,$D23*$E23," ")," ")," ") | T23: =IF(ISNUMBER(SEARCH("Press de banca",$B23)),IF($C23>=0.7,IF($C23<0.8,$D23*$E23," ")," ")," ") | U23: =IF(ISNUMBER(SEARCH("Press de banca",$B23)),IF($C23>=0.8,IF($C23<0.9,$D23*$E23," ")," ")," ") | V23: =IF(ISNUMBER(SEARCH("Press de banca",$B23)),IF($C23>=0.9,$D23*$E23," ")," ")
B24: Press de banca | C24: 0.6 | D24: 4 | E24: 1 | F24: ='1RM'!$C$5*C24 -> 60 | I24: =D24*E24 -> 4 | J24: =F24*I24 -> 240 | R24: =IF(ISNUMBER(SEARCH("Press de banca",$B24)),IF($C24>=0.5,IF($C24<0.6,$D24*$E24," ")," ")," ") | S24: =IF(ISNUMBER(SEARCH("Press de banca",$B24)),IF($C24>=0.6,IF($C24<0.7,$D24*$E24," ")," ")," ") -> 4 | T24: =IF(ISNUMBER(SEARCH("Press de banca",$B24)),IF($C24>=0.7,IF($C24<0.8,$D24*$E24," ")," ")," ") | U24: =IF(ISNUMBER(SEARCH("Press de banca",$B24)),IF($C24>=0.8,IF($C24<0.9,$D24*$E24," ")," ")," ") | V24: =IF(ISNUMBER(SEARCH("Press de banca",$B24)),IF($C24>=0.9,$D24*$E24," ")," ")
B25: Press de banca | C25: 0.7 | D25: 3 | E25: 1 | F25: ='1RM'!$C$5*C25 -> 70 | I25: =D25*E25 -> 3 | J25: =F25*I25 -> 210 | R25: =IF(ISNUMBER(SEARCH("Press de banca",$B25)),IF($C25>=0.5,IF($C25<0.6,$D25*$E25," ")," ")," ") | S25: =IF(ISNUMBER(SEARCH("Press de banca",$B25)),IF($C25>=0.6,IF($C25<0.7,$D25*$E25," ")," ")," ") | T25: =IF(ISNUMBER(SEARCH("Press de banca",$B25)),IF($C25>=0.7,IF($C25<0.8,$D25*$E25," ")," ")," ") -> 3 | U25: =IF(ISNUMBER(SEARCH("Press de banca",$B25)),IF($C25>=0.8,IF($C25<0.9,$D25*$E25," ")," ")," ") | V25: =IF(ISNUMBER(SEARCH("Press de banca",$B25)),IF($C25>=0.9,$D25*$E25," ")," ")
B26: Press de banca | C26: 0.8 | D26: 2 | E26: 2 | F26: ='1RM'!$C$5*C26 -> 80 | I26: =D26*E26 -> 4 | J26: =F26*I26 -> 320 | R26: =IF(ISNUMBER(SEARCH("Press de banca",$B26)),IF($C26>=0.5,IF($C26<0.6,$D26*$E26," ")," ")," ") | S26: =IF(ISNUMBER(SEARCH("Press de banca",$B26)),IF($C26>=0.6,IF($C26<0.7,$D26*$E26," ")," ")," ") | T26: =IF(ISNUMBER(SEARCH("Press de banca",$B26)),IF($C26>=0.7,IF($C26<0.8,$D26*$E26," ")," ")," ") | U26: =IF(ISNUMBER(SEARCH("Press de banca",$B26)),IF($C26>=0.8,IF($C26<0.9,$D26*$E26," ")," ")," ") -> 4 | V26: =IF(ISNUMBER(SEARCH("Press de banca",$B26)),IF($C26>=0.9,$D26*$E26," ")," ")
B27: Press de banca | C27: 0.85 | D27: 1 | E27: 2 | F27: ='1RM'!$C$5*C27 -> 85 | I27: =D27*E27 -> 2 | J27: =F27*I27 -> 170 | R27: =IF(ISNUMBER(SEARCH("Press de banca",$B27)),IF($C27>=0.5,IF($C27<0.6,$D27*$E27," ")," ")," ") | S27: =IF(ISNUMBER(SEARCH("Press de banca",$B27)),IF($C27>=0.6,IF($C27<0.7,$D27*$E27," ")," ")," ") | T27: =IF(ISNUMBER(SEARCH("Press de banca",$B27)),IF($C27>=0.7,IF($C27<0.8,$D27*$E27," ")," ")," ") | U27: =IF(ISNUMBER(SEARCH("Press de banca",$B27)),IF($C27>=0.8,IF($C27<0.9,$D27*$E27," ")," ")," ") -> 2 | V27: =IF(ISNUMBER(SEARCH("Press de banca",$B27)),IF($C27>=0.9,$D27*$E27," ")," ")
B28: Press de banca | C28: 0.8 | D28: 2 | E28: 2 | F28: ='1RM'!$C$5*C28 -> 80 | I28: =D28*E28 -> 4 | J28: =F28*I28 -> 320 | R28: =IF(ISNUMBER(SEARCH("Press de banca",$B28)),IF($C28>=0.5,IF($C28<0.6,$D28*$E28," ")," ")," ") | S28: =IF(ISNUMBER(SEARCH("Press de banca",$B28)),IF($C28>=0.6,IF($C28<0.7,$D28*$E28," ")," ")," ") | T28: =IF(ISNUMBER(SEARCH("Press de banca",$B28)),IF($C28>=0.7,IF($C28<0.8,$D28*$E28," ")," ")," ") | U28: =IF(ISNUMBER(SEARCH("Press de banca",$B28)),IF($C28>=0.8,IF($C28<0.9,$D28*$E28," ")," ")," ") -> 4 | V28: =IF(ISNUMBER(SEARCH("Press de banca",$B28)),IF($C28>=0.9,$D28*$E28," ")," ")
A29: 2 | B29: Peso muerto desde cajas | C29: 0.65 | D29: 3 | E29: 1 | F29: ='1RM'!$C$6*C29 -> 65 | K29: =D29*E29 -> 3 | L29: =F29*K29 -> 195 | W29: =IF(ISNUMBER(SEARCH("Peso muerto",$B29)),IF($C29>=0.5,IF($C29<0.6,$D29*$E29," ")," ")," ") | X29: =IF(ISNUMBER(SEARCH("Peso muerto",$B29)),IF($C29>=0.6,IF($C29<0.7,$D29*$E29," ")," ")," ") -> 3 | Y29: =IF(ISNUMBER(SEARCH("Peso muerto",$B29)),IF($C29>=0.7,IF($C29<0.8,$D29*$E29," ")," ")," ") | Z29: =IF(ISNUMBER(SEARCH("Peso muerto",$B29)),IF($C29>=0.8,IF($C29<0.9,$D29*$E29," ")," ")," ") | AA29: =IF(ISNUMBER(SEARCH("Peso muerto",$B29)),IF($C29>=0.9,$D29*$E29," ")," ")
B30: Peso muerto desde cajas | C30: 0.75 | D30: 3 | E30: 1 | F30: ='1RM'!$C$6*C30 -> 75 | K30: =D30*E30 -> 3 | L30: =F30*K30 -> 225 | W30: =IF(ISNUMBER(SEARCH("Peso muerto",$B30)),IF($C30>=0.5,IF($C30<0.6,$D30*$E30," ")," ")," ") | X30: =IF(ISNUMBER(SEARCH("Peso muerto",$B30)),IF($C30>=0.6,IF($C30<0.7,$D30*$E30," ")," ")," ") | Y30: =IF(ISNUMBER(SEARCH("Peso muerto",$B30)),IF($C30>=0.7,IF($C30<0.8,$D30*$E30," ")," ")," ") -> 3 | Z30: =IF(ISNUMBER(SEARCH("Peso muerto",$B30)),IF($C30>=0.8,IF($C30<0.9,$D30*$E30," ")," ")," ") | AA30: =IF(ISNUMBER(SEARCH("Peso muerto",$B30)),IF($C30>=0.9,$D30*$E30," ")," ")
B31: Peso muerto desde cajas | C31: 0.85 | D31: 3 | E31: 2 | F31: ='1RM'!$C$6*C31 -> 85 | K31: =D31*E31 -> 6 | L31: =F31*K31 -> 510 | W31: =IF(ISNUMBER(SEARCH("Peso muerto",$B31)),IF($C31>=0.5,IF($C31<0.6,$D31*$E31," ")," ")," ") | X31: =IF(ISNUMBER(SEARCH("Peso muerto",$B31)),IF($C31>=0.6,IF($C31<0.7,$D31*$E31," ")," ")," ") | Y31: =IF(ISNUMBER(SEARCH("Peso muerto",$B31)),IF($C31>=0.7,IF($C31<0.8,$D31*$E31," ")," ")," ") | Z31: =IF(ISNUMBER(SEARCH("Peso muerto",$B31)),IF($C31>=0.8,IF($C31<0.9,$D31*$E31," ")," ")," ") -> 6 | AA31: =IF(ISNUMBER(SEARCH("Peso muerto",$B31)),IF($C31>=0.9,$D31*$E31," ")," ")
B32: Peso muerto desde cajas | C32: 0.9 | D32: 2 | E32: 3 | F32: ='1RM'!$C$6*C32 -> 90 | K32: =D32*E32 -> 6 | L32: =F32*K32 -> 540 | W32: =IF(ISNUMBER(SEARCH("Peso muerto",$B32)),IF($C32>=0.5,IF($C32<0.6,$D32*$E32," ")," ")," ") | X32: =IF(ISNUMBER(SEARCH("Peso muerto",$B32)),IF($C32>=0.6,IF($C32<0.7,$D32*$E32," ")," ")," ") | Y32: =IF(ISNUMBER(SEARCH("Peso muerto",$B32)),IF($C32>=0.7,IF($C32<0.8,$D32*$E32," ")," ")," ") | Z32: =IF(ISNUMBER(SEARCH("Peso muerto",$B32)),IF($C32>=0.8,IF($C32<0.9,$D32*$E32," ")," ")," ") | AA32: =IF(ISNUMBER(SEARCH("Peso muerto",$B32)),IF($C32>=0.9,$D32*$E32," ")," ") -> 6
A33: 3 | B33: Extension de triceps | D33: 6 | E33: 5
A34: 4 | B34: Dominadas | D34: 6 | E34: 5
A35: 5 | B35: Abs | D35: 8 | E35: 4
A37: Dia 5 | C37: % | D37: reps | E37: Series | F37: peso
A38: 1 | B38: Sentadilla | C38: 0.5 | D38: 5 | E38: 1 | F38: ='1RM'!$C$4*C38 -> 50 | G38: =D38*E38 -> 5 | H38: =F38*G38 -> 250 | M38: =IF(ISNUMBER(SEARCH("Sentadilla",$B38)),IF($C38>=0.5,IF($C38<0.6,$D38*$E38," ")," ")," ") -> 5 | N38: =IF(ISNUMBER(SEARCH("Sentadilla",$B38)),IF($C38>=0.6,IF($C38<0.7,$D38*$E38," ")," ")," ") | O38: =IF(ISNUMBER(SEARCH("Sentadilla",$B38)),IF($C38>=0.7,IF($C38<0.8,$D38*$E38," ")," ")," ") | P38: =IF(ISNUMBER(SEARCH("Sentadilla",$B38)),IF($C38>=0.8,IF($C38<0.9,$D38*$E38," ")," ")," ") | Q38: =IF(ISNUMBER(SEARCH("Sentadilla",$B38)),IF($C38>=0.9,$D38*$E38," ")," ")
B39: Sentadilla | C39: 0.6 | D39: 4 | E39: 1 | F39: ='1RM'!$C$4*C39 -> 60 | G39: =D39*E39 -> 4 | H39: =F39*G39 -> 240 | M39: =IF(ISNUMBER(SEARCH("Sentadilla",$B39)),IF($C39>=0.5,IF($C39<0.6,$D39*$E39," ")," ")," ") | N39: =IF(ISNUMBER(SEARCH("Sentadilla",$B39)),IF($C39>=0.6,IF($C39<0.7,$D39*$E39," ")," ")," ") -> 4 | O39: =IF(ISNUMBER(SEARCH("Sentadilla",$B39)),IF($C39>=0.7,IF($C39<0.8,$D39*$E39," ")," ")," ") | P39: =IF(ISNUMBER(SEARCH("Sentadilla",$B39)),IF($C39>=0.8,IF($C39<0.9,$D39*$E39," ")," ")," ") | Q39: =IF(ISNUMBER(SEARCH("Sentadilla",$B39)),IF($C39>=0.9,$D39*$E39," ")," ")
B40: Sentadilla | C40: 0.7 | D40: 3 | E40: 1 | F40: ='1RM'!$C$4*C40 -> 70 | G40: =D40*E40 -> 3 | H40: =F40*G40 -> 210 | M40: =IF(ISNUMBER(SEARCH("Sentadilla",$B40)),IF($C40>=0.5,IF($C40<0.6,$D40*$E40," ")," ")," ") | N40: =IF(ISNUMBER(SEARCH("Sentadilla",$B40)),IF($C40>=0.6,IF($C40<0.7,$D40*$E40," ")," ")," ") | O40: =IF(ISNUMBER(SEARCH("Sentadilla",$B40)),IF($C40>=0.7,IF($C40<0.8,$D40*$E40," ")," ")," ") -> 3 | P40: =IF(ISNUMBER(SEARCH("Sentadilla",$B40)),IF($C40>=0.8,IF($C40<0.9,$D40*$E40," ")," ")," ") | Q40: =IF(ISNUMBER(SEARCH("Sentadilla",$B40)),IF($C40>=0.9,$D40*$E40," ")," ")
B41: Sentadilla | C41: 0.75 | D41: 4 | E41: 4 | F41: ='1RM'!$C$4*C41 -> 75 | G41: =D41*E41 -> 16 | H41: =F41*G41 -> 1200 | M41: =IF(ISNUMBER(SEARCH("Sentadilla",$B41)),IF($C41>=0.5,IF($C41<0.6,$D41*$E41," ")," ")," ") | N41: =IF(ISNUMBER(SEARCH("Sentadilla",$B41)),IF($C41>=0.6,IF($C41<0.7,$D41*$E41," ")," ")," ") | O41: =IF(ISNUMBER(SEARCH("Sentadilla",$B41)),IF($C41>=0.7,IF($C41<0.8,$D41*$E41," ")," ")," ") -> 16 | P41: =IF(ISNUMBER(SEARCH("Sentadilla",$B41)),IF($C41>=0.8,IF($C41<0.9,$D41*$E41," ")," ")," ") | Q41: =IF(ISNUMBER(SEARCH("Sentadilla",$B41)),IF($C41>=0.9,$D41*$E41," ")," ")
A42: 2 | B42: Press de banca | C42: 0.5 | D42: 5 | E42: 1 | F42: ='1RM'!$C$5*C42 -> 50 | I42: =D42*E42 -> 5 | J42: =F42*I42 -> 250 | R42: =IF(ISNUMBER(SEARCH("Press de banca",$B42)),IF($C42>=0.5,IF($C42<0.6,$D42*$E42," ")," ")," ") -> 5 | S42: =IF(ISNUMBER(SEARCH("Press de banca",$B42)),IF($C42>=0.6,IF($C42<0.7,$D42*$E42," ")," ")," ") | T42: =IF(ISNUMBER(SEARCH("Press de banca",$B42)),IF($C42>=0.7,IF($C42<0.8,$D42*$E42," ")," ")," ") | U42: =IF(ISNUMBER(SEARCH("Press de banca",$B42)),IF($C42>=0.8,IF($C42<0.9,$D42*$E42," ")," ")," ") | V42: =IF(ISNUMBER(SEARCH("Press de banca",$B42)),IF($C42>=0.9,$D42*$E42," ")," ")
B43: Press de banca | C43: 0.6 | D43: 4 | E43: 1 | F43: ='1RM'!$C$5*C43 -> 60 | I43: =D43*E43 -> 4 | J43: =F43*I43 -> 240 | R43: =IF(ISNUMBER(SEARCH("Press de banca",$B43)),IF($C43>=0.5,IF($C43<0.6,$D43*$E43," ")," ")," ") | S43: =IF(ISNUMBER(SEARCH("Press de banca",$B43)),IF($C43>=0.6,IF($C43<0.7,$D43*$E43," ")," ")," ") -> 4 | T43: =IF(ISNUMBER(SEARCH("Press de banca",$B43)),IF($C43>=0.7,IF($C43<0.8,$D43*$E43," ")," ")," ") | U43: =IF(ISNUMBER(SEARCH("Press de banca",$B43)),IF($C43>=0.8,IF($C43<0.9,$D43*$E43," ")," ")," ") | V43: =IF(ISNUMBER(SEARCH("Press de banca",$B43)),IF($C43>=0.9,$D43*$E43," ")," ")
B44: Press de banca | C44: 0.7 | D44: 3 | E44: 1 | F44: ='1RM'!$C$5*C44 -> 70 | I44: =D44*E44 -> 3 | J44: =F44*I44 -> 210 | R44: =IF(ISNUMBER(SEARCH("Press de banca",$B44)),IF($C44>=0.5,IF($C44<0.6,$D44*$E44," ")," ")," ") | S44: =IF(ISNUMBER(SEARCH("Press de banca",$B44)),IF($C44>=0.6,IF($C44<0.7,$D44*$E44," ")," ")," ") | T44: =IF(ISNUMBER(SEARCH("Press de banca",$B44)),IF($C44>=0.7,IF($C44<0.8,$D44*$E44," ")," ")," ") -> 3 | U44: =IF(ISNUMBER(SEARCH("Press de banca",$B44)),IF($C44>=0.8,IF($C44<0.9,$D44*$E44," ")," ")," ") | V44: =IF(ISNUMBER(SEARCH("Press de banca",$B44)),IF($C44>=0.9,$D44*$E44," ")," ")
B45: Press de banca | C45: 0.75 | D45: 4 | E45: 4 | F45: ='1RM'!$C$5*C45 -> 75 | I45: =D45*E45 -> 16 | J45: =F45*I45 -> 1200 | R45: =IF(ISNUMBER(SEARCH("Press de banca",$B45)),IF($C45>=0.5,IF($C45<0.6,$D45*$E45," ")," ")," ") | S45: =IF(ISNUMBER(SEARCH("Press de banca",$B45)),IF($C45>=0.6,IF($C45<0.7,$D45*$E45," ")," ")," ") | T45: =IF(ISNUMBER(SEARCH("Press de banca",$B45)),IF($C45>=0.7,IF($C45<0.8,$D45*$E45," ")," ")," ") -> 16 | U45: =IF(ISNUMBER(SEARCH("Press de banca",$B45)),IF($C45>=0.8,IF($C45<0.9,$D45*$E45," ")," ")," ") | V45: =IF(ISNUMBER(SEARCH("Press de banca",$B45)),IF($C45>=0.9,$D45*$E45," ")," ")
A46: 3 | B46: Press de banca inclinado | D46: 6 | E46: 5
A47: 4 | B47: Fondos | D47: 5 | E47: 5
A48: 5 | B48: Buenos dias | D48: 5 | E48: 5
A50: Dia 6 | C50: % | D50: reps | E50: Series | F50: peso
A51: 1 | B51: Press militar en banco | D51: 3 | E51: 5
A52: 2 | B52: Peso muerto w/pause 5cm above knees | C52: 0.5 | D52: 3 | E52: 1 | F52: ='1RM'!$C$6*C52 -> 50 | K52: =D52*E52 -> 3 | L52: =F52*K52 -> 150 | W52: =IF(ISNUMBER(SEARCH("Peso muerto",$B52)),IF($C52>=0.5,IF($C52<0.6,$D52*$E52," ")," ")," ") -> 3 | X52: =IF(ISNUMBER(SEARCH("Peso muerto",$B52)),IF($C52>=0.6,IF($C52<0.7,$D52*$E52," ")," ")," ") | Y52: =IF(ISNUMBER(SEARCH("Peso muerto",$B52)),IF($C52>=0.7,IF($C52<0.8,$D52*$E52," ")," ")," ") | Z52: =IF(ISNUMBER(SEARCH("Peso muerto",$B52)),IF($C52>=0.8,IF($C52<0.9,$D52*$E52," ")," ")," ") | AA52: =IF(ISNUMBER(SEARCH("Peso muerto",$B52)),IF($C52>=0.9,$D52*$E52," ")," ")
B53: Peso muerto w/pause 5cm above knees | C53: 0.6 | D53: 3 | E53: 1 | F53: ='1RM'!$C$6*C53 -> 60 | K53: =D53*E53 -> 3 | L53: =F53*K53 -> 180 | W53: =IF(ISNUMBER(SEARCH("Peso muerto",$B53)),IF($C53>=0.5,IF($C53<0.6,$D53*$E53," ")," ")," ") | X53: =IF(ISNUMBER(SEARCH("Peso muerto",$B53)),IF($C53>=0.6,IF($C53<0.7,$D53*$E53," ")," ")," ") -> 3 | Y53: =IF(ISNUMBER(SEARCH("Peso muerto",$B53)),IF($C53>=0.7,IF($C53<0.8,$D53*$E53," ")," ")," ") | Z53: =IF(ISNUMBER(SEARCH("Peso muerto",$B53)),IF($C53>=0.8,IF($C53<0.9,$D53*$E53," ")," ")," ") | AA53: =IF(ISNUMBER(SEARCH("Peso muerto",$B53)),IF($C53>=0.9,$D53*$E53," ")," ")
B54: Peso muerto w/pause 5cm above knees | C54: 0.7 | D54: 3 | E54: 1 | F54: ='1RM'!$C$6*C54 -> 70 | K54: =D54*E54 -> 3 | L54: =F54*K54 -> 210 | W54: =IF(ISNUMBER(SEARCH("Peso muerto",$B54)),IF($C54>=0.5,IF($C54<0.6,$D54*$E54," ")," ")," ") | X54: =IF(ISNUMBER(SEARCH("Peso muerto",$B54)),IF($C54>=0.6,IF($C54<0.7,$D54*$E54," ")," ")," ") | Y54: =IF(ISNUMBER(SEARCH("Peso muerto",$B54)),IF($C54>=0.7,IF($C54<0.8,$D54*$E54," ")," ")," ") -> 3 | Z54: =IF(ISNUMBER(SEARCH("Peso muerto",$B54)),IF($C54>=0.8,IF($C54<0.9,$D54*$E54," ")," ")," ") | AA54: =IF(ISNUMBER(SEARCH("Peso muerto",$B54)),IF($C54>=0.9,$D54*$E54," ")," ")
B55: Peso muerto w/pause 5cm above knees | C55: 0.75 | D55: 2 | E55: 4 | F55: ='1RM'!$C$6*C55 -> 75 | K55: =D55*E55 -> 8 | L55: =F55*K55 -> 600 | W55: =IF(ISNUMBER(SEARCH("Peso muerto",$B55)),IF($C55>=0.5,IF($C55<0.6,$D55*$E55," ")," ")," ") | X55: =IF(ISNUMBER(SEARCH("Peso muerto",$B55)),IF($C55>=0.6,IF($C55<0.7,$D55*$E55," ")," ")," ") | Y55: =IF(ISNUMBER(SEARCH("Peso muerto",$B55)),IF($C55>=0.7,IF($C55<0.8,$D55*$E55," ")," ")," ") -> 8 | Z55: =IF(ISNUMBER(SEARCH("Peso muerto",$B55)),IF($C55>=0.8,IF($C55<0.9,$D55*$E55," ")," ")," ") | AA55: =IF(ISNUMBER(SEARCH("Peso muerto",$B55)),IF($C55>=0.9,$D55*$E55," ")," ")
A56: 2 | B56: Dominadas | D56: 6 | E56: 4
A57: 4 | B57: Hiperextensiones de espalda | D57: 8 | E57: 4
G58: =SUM(G7:G57) -> 67 | H58: =SUM(H7:H57) -> 4670 | I58: =SUM(I7:I57) -> 74 | J58: =SUM(J7:J57) -> 5070 | K58: =SUM(K7:K57) -> 35 | L58: =SUM(L7:L57) -> 2610 | M58: =SUM(M7:M57) -> 13 | N58: =SUM(N7:N57) -> 11 | ... AA58: =SUM(AA7:AA57) -> 6
A59: Semana 2
A60: Dia 1 | C60: % | D60: reps | E60: Series | F60: peso
A61: 1 | B61: Sentadilla | C61: 0.5 | D61: 5 | E61: 1 | F61: ='1RM'!$C$4*C61 -> 50 | G61: =D61*E61 -> 5 | H61: =F61*G61 -> 250 | M61: =IF(ISNUMBER(SEARCH("Sentadilla",$B61)),IF($C61>=0.5,IF($C61<0.6,$D61*$E61," ")," ")," ") -> 5 | N61: =IF(ISNUMBER(SEARCH("Sentadilla",$B61)),IF($C61>=0.6,IF($C61<0.7,$D61*$E61," ")," ")," ") | O61: =IF(ISNUMBER(SEARCH("Sentadilla",$B61)),IF($C61>=0.7,IF($C61<0.8,$D61*$E61," ")," ")," ") | P61: =IF(ISNUMBER(SEARCH("Sentadilla",$B61)),IF($C61>=0.8,IF($C61<0.9,$D61*$E61," ")," ")," ") | Q61: =IF(ISNUMBER(SEARCH("Sentadilla",$B61)),IF($C61>=0.9,$D61*$E61," ")," ")
B62: Sentadilla | C62: 0.6 | D62: 4 | E62: 1 | F62: ='1RM'!$C$4*C62 -> 60 | G62: =D62*E62 -> 4 | H62: =F62*G62 -> 240 | M62: =IF(ISNUMBER(SEARCH("Sentadilla",$B62)),IF($C62>=0.5,IF($C62<0.6,$D62*$E62," ")," ")," ") | N62: =IF(ISNUMBER(SEARCH("Sentadilla",$B62)),IF($C62>=0.6,IF($C62<0.7,$D62*$E62," ")," ")," ") -> 4 | O62: =IF(ISNUMBER(SEARCH("Sentadilla",$B62)),IF($C62>=0.7,IF($C62<0.8,$D62*$E62," ")," ")," ") | P62: =IF(ISNUMBER(SEARCH("Sentadilla",$B62)),IF($C62>=0.8,IF($C62<0.9,$D62*$E62," ")," ")," ") | Q62: =IF(ISNUMBER(SEARCH("Sentadilla",$B62)),IF($C62>=0.9,$D62*$E62," ")," ")
B63: Sentadilla | C63: 0.7 | D63: 3 | E63: 1 | F63: ='1RM'!$C$4*C63 -> 70 | G63: =D63*E63 -> 3 | H63: =F63*G63 -> 210 | M63: =IF(ISNUMBER(SEARCH("Sentadilla",$B63)),IF($C63>=0.5,IF($C63<0.6,$D63*$E63," ")," ")," ") | N63: =IF(ISNUMBER(SEARCH("Sentadilla",$B63)),IF($C63>=0.6,IF($C63<0.7,$D63*$E63," ")," ")," ") | O63: =IF(ISNUMBER(SEARCH("Sentadilla",$B63)),IF($C63>=0.7,IF($C63<0.8,$D63*$E63," ")," ")," ") -> 3 | P63: =IF(ISNUMBER(SEARCH("Sentadilla",$B63)),IF($C63>=0.8,IF($C63<0.9,$D63*$E63," ")," ")," ") | Q63: =IF(ISNUMBER(SEARCH("Sentadilla",$B63)),IF($C63>=0.9,$D63*$E63," ")," ")
B64: Sentadilla | C64: 0.8 | D64: 2 | E64: 1 | F64: ='1RM'!$C$4*C64 -> 80 | G64: =D64*E64 -> 2 | H64: =F64*G64 -> 160 | M64: =IF(ISNUMBER(SEARCH("Sentadilla",$B64)),IF($C64>=0.5,IF($C64<0.6,$D64*$E64," ")," ")," ") | N64: =IF(ISNUMBER(SEARCH("Sentadilla",$B64)),IF($C64>=0.6,IF($C64<0.7,$D64*$E64," ")," ")," ") | O64: =IF(ISNUMBER(SEARCH("Sentadilla",$B64)),IF($C64>=0.7,IF($C64<0.8,$D64*$E64," ")," ")," ") | P64: =IF(ISNUMBER(SEARCH("Sentadilla",$B64)),IF($C64>=0.8,IF($C64<0.9,$D64*$E64," ")," ")," ") -> 2 | Q64: =IF(ISNUMBER(SEARCH("Sentadilla",$B64)),IF($C64>=0.9,$D64*$E64," ")," ")
B65: Sentadilla | C65: 0.9 | D65: 1 | E65: 1 | F65: ='1RM'!$C$4*C65 -> 90 | G65: =D65*E65 -> 1 | H65: =F65*G65 -> 90 | M65: =IF(ISNUMBER(SEARCH("Sentadilla",$B65)),IF($C65>=0.5,IF($C65<0.6,$D65*$E65," ")," ")," ") | N65: =IF(ISNUMBER(SEARCH("Sentadilla",$B65)),IF($C65>=0.6,IF($C65<0.7,$D65*$E65," ")," ")," ") | O65: =IF(ISNUMBER(SEARCH("Sentadilla",$B65)),IF($C65>=0.7,IF($C65<0.8,$D65*$E65," ")," ")," ") | P65: =IF(ISNUMBER(SEARCH("Sentadilla",$B65)),IF($C65>=0.8,IF($C65<0.9,$D65*$E65," ")," ")," ") | Q65: =IF(ISNUMBER(SEARCH("Sentadilla",$B65)),IF($C65>=0.9,$D65*$E65," ")," ") -> 1
B66: Sentadilla | C66: 0.95 | D66: 1 | E66: 1 | F66: ='1RM'!$C$4*C66 -> 95 | G66: =D66*E66 -> 1 | H66: =F66*G66 -> 95 | M66: =IF(ISNUMBER(SEARCH("Sentadilla",$B66)),IF($C66>=0.5,IF($C66<0.6,$D66*$E66," ")," ")," ") | N66: =IF(ISNUMBER(SEARCH("Sentadilla",$B66)),IF($C66>=0.6,IF($C66<0.7,$D66*$E66," ")," ")," ") | O66: =IF(ISNUMBER(SEARCH("Sentadilla",$B66)),IF($C66>=0.7,IF($C66<0.8,$D66*$E66," ")," ")," ") | P66: =IF(ISNUMBER(SEARCH("Sentadilla",$B66)),IF($C66>=0.8,IF($C66<0.9,$D66*$E66," ")," ")," ") | Q66: =IF(ISNUMBER(SEARCH("Sentadilla",$B66)),IF($C66>=0.9,$D66*$E66," ")," ") -> 1
B67: Sentadilla | C67: 100%-105% | D67: 1 | E67: 2-3 | F67: ='1RM'!$C$4*MID(C67,1,4)&"-"&'1RM'!$C$4*MID(C67,6,8) -> 100-105 | G67: 3 | H67: 300 | M67: =IF(ISNUMBER(SEARCH("Sentadilla",$B67)),IF($C67>=0.5,IF($C67<0.6,$D67*$E67," ")," ")," ") | N67: =IF(ISNUMBER(SEARCH("Sentadilla",$B67)),IF($C67>=0.6,IF($C67<0.7,$D67*$E67," ")," ")," ") | O67: =IF(ISNUMBER(SEARCH("Sentadilla",$B67)),IF($C67>=0.7,IF($C67<0.8,$D67*$E67," ")," ")," ") | P67: =IF(ISNUMBER(SEARCH("Sentadilla",$B67)),IF($C67>=0.8,IF($C67<0.9,$D67*$E67," ")," ")," ") | Q67: 3
A68: 2 | B68: Press de banca | C68: 0.5 | D68: 5 | E68: 1 | F68: ='1RM'!$C$5*C68 -> 50 | I68: =D68*E68 -> 5 | J68: =F68*I68 -> 250 | R68: =IF(ISNUMBER(SEARCH("Press de banca",$B68)),IF($C68>=0.5,IF($C68<0.6,$D68*$E68," ")," ")," ") -> 5 | S68: =IF(ISNUMBER(SEARCH("Press de banca",$B68)),IF($C68>=0.6,IF($C68<0.7,$D68*$E68," ")," ")," ") | T68: =IF(ISNUMBER(SEARCH("Press de banca",$B68)),IF($C68>=0.7,IF($C68<0.8,$D68*$E68," ")," ")," ") | U68: =IF(ISNUMBER(SEARCH("Press de banca",$B68)),IF($C68>=0.8,IF($C68<0.9,$D68*$E68," ")," ")," ") | V68: =IF(ISNUMBER(SEARCH("Press de banca",$B68)),IF($C68>=0.9,$D68*$E68," ")," ")
B69: Press de banca | C69: 0.6 | D69: 4 | E69: 1 | F69: ='1RM'!$C$5*C69 -> 60 | I69: =D69*E69 -> 4 | J69: =F69*I69 -> 240 | R69: =IF(ISNUMBER(SEARCH("Press de banca",$B69)),IF($C69>=0.5,IF($C69<0.6,$D69*$E69," ")," ")," ") | S69: =IF(ISNUMBER(SEARCH("Press de banca",$B69)),IF($C69>=0.6,IF($C69<0.7,$D69*$E69," ")," ")," ") -> 4 | T69: =IF(ISNUMBER(SEARCH("Press de banca",$B69)),IF($C69>=0.7,IF($C69<0.8,$D69*$E69," ")," ")," ") | U69: =IF(ISNUMBER(SEARCH("Press de banca",$B69)),IF($C69>=0.8,IF($C69<0.9,$D69*$E69," ")," ")," ") | V69: =IF(ISNUMBER(SEARCH("Press de banca",$B69)),IF($C69>=0.9,$D69*$E69," ")," ")
B70: Press de banca | C70: 0.7 | D70: 3 | E70: 1 | F70: ='1RM'!$C$5*C70 -> 70 | I70: =D70*E70 -> 3 | J70: =F70*I70 -> 210 | R70: =IF(ISNUMBER(SEARCH("Press de banca",$B70)),IF($C70>=0.5,IF($C70<0.6,$D70*$E70," ")," ")," ") | S70: =IF(ISNUMBER(SEARCH("Press de banca",$B70)),IF($C70>=0.6,IF($C70<0.7,$D70*$E70," ")," ")," ") | T70: =IF(ISNUMBER(SEARCH("Press de banca",$B70)),IF($C70>=0.7,IF($C70<0.8,$D70*$E70," ")," ")," ") -> 3 | U70: =IF(ISNUMBER(SEARCH("Press de banca",$B70)),IF($C70>=0.8,IF($C70<0.9,$D70*$E70," ")," ")," ") | V70: =IF(ISNUMBER(SEARCH("Press de banca",$B70)),IF($C70>=0.9,$D70*$E70," ")," ")
B71: Press de banca | C71: 0.75 | D71: 2 | E71: 3 | F71: ='1RM'!$C$5*C71 -> 75 | I71: =D71*E71 -> 6 | J71: =F71*I71 -> 450 | R71: =IF(ISNUMBER(SEARCH("Press de banca",$B71)),IF($C71>=0.5,IF($C71<0.6,$D71*$E71," ")," ")," ") | S71: =IF(ISNUMBER(SEARCH("Press de banca",$B71)),IF($C71>=0.6,IF($C71<0.7,$D71*$E71," ")," ")," ") | T71: =IF(ISNUMBER(SEARCH("Press de banca",$B71)),IF($C71>=0.7,IF($C71<0.8,$D71*$E71," ")," ")," ") -> 6 | U71: =IF(ISNUMBER(SEARCH("Press de banca",$B71)),IF($C71>=0.8,IF($C71<0.9,$D71*$E71," ")," ")," ") | V71: =IF(ISNUMBER(SEARCH("Press de banca",$B71)),IF($C71>=0.9,$D71*$E71," ")," ")
A72: 3 | B72: Press de banca inclinado | D72: 5 | E72: 3
A73: 4 | B73: Hiperextensiones de espalda | D73: 8 | E73: 4
A75: Dia 3 | C75: % | D75: reps | E75: Series | F75: peso
A76: 1 | B76: Press de banca | C76: 0.5 | D76: 5 | E76: 1 | F76: ='1RM'!$C$5*C76 -> 50 | I76: =D76*E76 -> 5 | J76: =F76*I76 -> 250 | R76: =IF(ISNUMBER(SEARCH("Press de banca",$B76)),IF($C76>=0.5,IF($C76<0.6,$D76*$E76," ")," ")," ") -> 5 | S76: =IF(ISNUMBER(SEARCH("Press de banca",$B76)),IF($C76>=0.6,IF($C76<0.7,$D76*$E76," ")," ")," ") | T76: =IF(ISNUMBER(SEARCH("Press de banca",$B76)),IF($C76>=0.7,IF($C76<0.8,$D76*$E76," ")," ")," ") | U76: =IF(ISNUMBER(SEARCH("Press de banca",$B76)),IF($C76>=0.8,IF($C76<0.9,$D76*$E76," ")," ")," ") | V76: =IF(ISNUMBER(SEARCH("Press de banca",$B76)),IF($C76>=0.9,$D76*$E76," ")," ")
B77: Press de banca | C77: 0.6 | D77: 4 | E77: 1 | F77: ='1RM'!$C$5*C77 -> 60 | I77: =D77*E77 -> 4 | J77: =F77*I77 -> 240 | R77: =IF(ISNUMBER(SEARCH("Press de banca",$B77)),IF($C77>=0.5,IF($C77<0.6,$D77*$E77," ")," ")," ") | S77: =IF(ISNUMBER(SEARCH("Press de banca",$B77)),IF($C77>=0.6,IF($C77<0.7,$D77*$E77," ")," ")," ") -> 4 | T77: =IF(ISNUMBER(SEARCH("Press de banca",$B77)),IF($C77>=0.7,IF($C77<0.8,$D77*$E77," ")," ")," ") | U77: =IF(ISNUMBER(SEARCH("Press de banca",$B77)),IF($C77>=0.8,IF($C77<0.9,$D77*$E77," ")," ")," ") | V77: =IF(ISNUMBER(SEARCH("Press de banca",$B77)),IF($C77>=0.9,$D77*$E77," ")," ")
B78: Press de banca | C78: 0.7 | D78: 3 | E78: 1 | F78: ='1RM'!$C$5*C78 -> 70 | I78: =D78*E78 -> 3 | J78: =F78*I78 -> 210 | R78: =IF(ISNUMBER(SEARCH("Press de banca",$B78)),IF($C78>=0.5,IF($C78<0.6,$D78*$E78," ")," ")," ") | S78: =IF(ISNUMBER(SEARCH("Press de banca",$B78)),IF($C78>=0.6,IF($C78<0.7,$D78*$E78," ")," ")," ") | T78: =IF(ISNUMBER(SEARCH("Press de banca",$B78)),IF($C78>=0.7,IF($C78<0.8,$D78*$E78," ")," ")," ") -> 3 | U78: =IF(ISNUMBER(SEARCH("Press de banca",$B78)),IF($C78>=0.8,IF($C78<0.9,$D78*$E78," ")," ")," ") | V78: =IF(ISNUMBER(SEARCH("Press de banca",$B78)),IF($C78>=0.9,$D78*$E78," ")," ")
B79: Press de banca | C79: 0.8 | D79: 2 | E79: 1 | F79: ='1RM'!$C$5*C79 -> 80 | I79: =D79*E79 -> 2 | J79: =F79*I79 -> 160 | R79: =IF(ISNUMBER(SEARCH("Press de banca",$B79)),IF($C79>=0.5,IF($C79<0.6,$D79*$E79," ")," ")," ") | S79: =IF(ISNUMBER(SEARCH("Press de banca",$B79)),IF($C79>=0.6,IF($C79<0.7,$D79*$E79," ")," ")," ") | T79: =IF(ISNUMBER(SEARCH("Press de banca",$B79)),IF($C79>=0.7,IF($C79<0.8,$D79*$E79," ")," ")," ") | U79: =IF(ISNUMBER(SEARCH("Press de banca",$B79)),IF($C79>=0.8,IF($C79<0.9,$D79*$E79," ")," ")," ") -> 2 | V79: =IF(ISNUMBER(SEARCH("Press de banca",$B79)),IF($C79>=0.9,$D79*$E79," ")," ")
B80: Press de banca | C80: 0.9 | D80: 1 | E80: 1 | F80: ='1RM'!$C$5*C80 -> 90 | I80: =D80*E80 -> 1 | J80: =F80*I80 -> 90 | R80: =IF(ISNUMBER(SEARCH("Press de banca",$B80)),IF($C80>=0.5,IF($C80<0.6,$D80*$E80," ")," ")," ") | S80: =IF(ISNUMBER(SEARCH("Press de banca",$B80)),IF($C80>=0.6,IF($C80<0.7,$D80*$E80," ")," ")," ") | T80: =IF(ISNUMBER(SEARCH("Press de banca",$B80)),IF($C80>=0.7,IF($C80<0.8,$D80*$E80," ")," ")," ") | U80: =IF(ISNUMBER(SEARCH("Press de banca",$B80)),IF($C80>=0.8,IF($C80<0.9,$D80*$E80," ")," ")," ") | V80: =IF(ISNUMBER(SEARCH("Press de banca",$B80)),IF($C80>=0.9,$D80*$E80," ")," ") -> 1
B81: Press de banca | C81: 0.95 | D81: 1 | E81: 1 | F81: ='1RM'!$C$5*C81 -> 95 | I81: =D81*E81 -> 1 | J81: =F81*I81 -> 95 | R81: =IF(ISNUMBER(SEARCH("Press de banca",$B81)),IF($C81>=0.5,IF($C81<0.6,$D81*$E81," ")," ")," ") | S81: =IF(ISNUMBER(SEARCH("Press de banca",$B81)),IF($C81>=0.6,IF($C81<0.7,$D81*$E81," ")," ")," ") | T81: =IF(ISNUMBER(SEARCH("Press de banca",$B81)),IF($C81>=0.7,IF($C81<0.8,$D81*$E81," ")," ")," ") | U81: =IF(ISNUMBER(SEARCH("Press de banca",$B81)),IF($C81>=0.8,IF($C81<0.9,$D81*$E81," ")," ")," ") | V81: =IF(ISNUMBER(SEARCH("Press de banca",$B81)),IF($C81>=0.9,$D81*$E81," ")," ") -> 1
B82: Press de banca | C82: 100%-105% | D82: 1 | E82: 2-3 | F82: ='1RM'!$C$5*MID(C82,1,4)&"-"&'1RM'!$C$5*MID(C82,6,8) -> 100-105 | I82: 3 | J82: 300 | R82: =IF(ISNUMBER(SEARCH("Press de banca",$B82)),IF($C82>=0.5,IF($C82<0.6,$D82*$E82," ")," ")," ") | S82: =IF(ISNUMBER(SEARCH("Press de banca",$B82)),IF($C82>=0.6,IF($C82<0.7,$D82*$E82," ")," ")," ") | T82: =IF(ISNUMBER(SEARCH("Press de banca",$B82)),IF($C82>=0.7,IF($C82<0.8,$D82*$E82," ")," ")," ") | U82: =IF(ISNUMBER(SEARCH("Press de banca",$B82)),IF($C82>=0.8,IF($C82<0.9,$D82*$E82," ")," ")," ") | V82: 3
A83: 2 | B83: Peso muerto | C83: 0.5 | D83: 5 | E83: 1 | F83: ='1RM'!$C$5*C83 -> 50 | K83: =D83*E83 -> 5 | L83: =F83*K83 -> 250 | W83: =IF(ISNUMBER(SEARCH("Peso muerto",$B83)),IF($C83>=0.5,IF($C83<0.6,$D83*$E83," ")," ")," ") -> 5 | X83: =IF(ISNUMBER(SEARCH("Peso muerto",$B83)),IF($C83>=0.6,IF($C83<0.7,$D83*$E83," ")," ")," ") | Y83: =IF(ISNUMBER(SEARCH("Peso muerto",$B83)),IF($C83>=0.7,IF($C83<0.8,$D83*$E83," ")," ")," ") | Z83: =IF(ISNUMBER(SEARCH("Peso muerto",$B83)),IF($C83>=0.8,IF($C83<0.9,$D83*$E83," ")," ")," ") | AA83: =IF(ISNUMBER(SEARCH("Peso muerto",$B83)),IF($C83>=0.9,$D83*$E83," ")," ")
B84: Peso muerto | C84: 0.6 | D84: 4 | E84: 1 | F84: ='1RM'!$C$5*C84 -> 60 | K84: =D84*E84 -> 4 | L84: =F84*K84 -> 240 | W84: =IF(ISNUMBER(SEARCH("Peso muerto",$B84)),IF($C84>=0.5,IF($C84<0.6,$D84*$E84," ")," ")," ") | X84: =IF(ISNUMBER(SEARCH("Peso muerto",$B84)),IF($C84>=0.6,IF($C84<0.7,$D84*$E84," ")," ")," ") -> 4 | Y84: =IF(ISNUMBER(SEARCH("Peso muerto",$B84)),IF($C84>=0.7,IF($C84<0.8,$D84*$E84," ")," ")," ") | Z84: =IF(ISNUMBER(SEARCH("Peso muerto",$B84)),IF($C84>=0.8,IF($C84<0.9,$D84*$E84," ")," ")," ") | AA84: =IF(ISNUMBER(SEARCH("Peso muerto",$B84)),IF($C84>=0.9,$D84*$E84," ")," ")
B85: Peso muerto | C85: 0.7 | D85: 3 | E85: 1 | F85: ='1RM'!$C$5*C85 -> 70 | K85: =D85*E85 -> 3 | L85: =F85*K85 -> 210 | W85: =IF(ISNUMBER(SEARCH("Peso muerto",$B85)),IF($C85>=0.5,IF($C85<0.6,$D85*$E85," ")," ")," ") | X85: =IF(ISNUMBER(SEARCH("Peso muerto",$B85)),IF($C85>=0.6,IF($C85<0.7,$D85*$E85," ")," ")," ") | Y85: =IF(ISNUMBER(SEARCH("Peso muerto",$B85)),IF($C85>=0.7,IF($C85<0.8,$D85*$E85," ")," ")," ") -> 3 | Z85: =IF(ISNUMBER(SEARCH("Peso muerto",$B85)),IF($C85>=0.8,IF($C85<0.9,$D85*$E85," ")," ")," ") | AA85: =IF(ISNUMBER(SEARCH("Peso muerto",$B85)),IF($C85>=0.9,$D85*$E85," ")," ")
B86: Peso muerto | C86: 0.8 | D86: 2 | E86: 1 | F86: ='1RM'!$C$5*C86 -> 80 | K86: =D86*E86 -> 2 | L86: =F86*K86 -> 160 | W86: =IF(ISNUMBER(SEARCH("Peso muerto",$B86)),IF($C86>=0.5,IF($C86<0.6,$D86*$E86," ")," ")," ") | X86: =IF(ISNUMBER(SEARCH("Peso muerto",$B86)),IF($C86>=0.6,IF($C86<0.7,$D86*$E86," ")," ")," ") | Y86: =IF(ISNUMBER(SEARCH("Peso muerto",$B86)),IF($C86>=0.7,IF($C86<0.8,$D86*$E86," ")," ")," ") | Z86: =IF(ISNUMBER(SEARCH("Peso muerto",$B86)),IF($C86>=0.8,IF($C86<0.9,$D86*$E86," ")," ")," ") -> 2 | AA86: =IF(ISNUMBER(SEARCH("Peso muerto",$B86)),IF($C86>=0.9,$D86*$E86," ")," ")
B87: Peso muerto | C87: 0.9 | D87: 1 | E87: 1 | F87: ='1RM'!$C$5*C87 -> 90 | K87: =D87*E87 -> 1 | L87: =F87*K87 -> 90 | W87: =IF(ISNUMBER(SEARCH("Peso muerto",$B87)),IF($C87>=0.5,IF($C87<0.6,$D87*$E87," ")," ")," ") | X87: =IF(ISNUMBER(SEARCH("Peso muerto",$B87)),IF($C87>=0.6,IF($C87<0.7,$D87*$E87," ")," ")," ") | Y87: =IF(ISNUMBER(SEARCH("Peso muerto",$B87)),IF($C87>=0.7,IF($C87<0.8,$D87*$E87," ")," ")," ") | Z87: =IF(ISNUMBER(SEARCH("Peso muerto",$B87)),IF($C87>=0.8,IF($C87<0.9,$D87*$E87," ")," ")," ") | AA87: =IF(ISNUMBER(SEARCH("Peso muerto",$B87)),IF($C87>=0.9,$D87*$E87," ")," ") -> 1
B88: Peso muerto | C88: 0.95 | D88: 1 | E88: 1 | F88: ='1RM'!$C$5*C88 -> 95 | K88: =D88*E88 -> 1 | L88: =F88*K88 -> 95 | W88: =IF(ISNUMBER(SEARCH("Peso muerto",$B88)),IF($C88>=0.5,IF($C88<0.6,$D88*$E88," ")," ")," ") | X88: =IF(ISNUMBER(SEARCH("Peso muerto",$B88)),IF($C88>=0.6,IF($C88<0.7,$D88*$E88," ")," ")," ") | Y88: =IF(ISNUMBER(SEARCH("Peso muerto",$B88)),IF($C88>=0.7,IF($C88<0.8,$D88*$E88," ")," ")," ") | Z88: =IF(ISNUMBER(SEARCH("Peso muerto",$B88)),IF($C88>=0.8,IF($C88<0.9,$D88*$E88," ")," ")," ") | AA88: =IF(ISNUMBER(SEARCH("Peso muerto",$B88)),IF($C88>=0.9,$D88*$E88," ")," ") -> 1
B89: Peso muerto | C89: 100%-105% | D89: 1 | E89: 2-3 | F89: ='1RM'!$C$6*MID(C89,1,4)&"-"&'1RM'!$C$6*MID(C89,6,8) -> 100-105 | K89: 3 | L89: 300 | W89: =IF(ISNUMBER(SEARCH("Peso muerto",$B89)),IF($C89>=0.5,IF($C89<0.6,$D89*$E89," ")," ")," ") | X89: =IF(ISNUMBER(SEARCH("Peso muerto",$B89)),IF($C89>=0.6,IF($C89<0.7,$D89*$E89," ")," ")," ") | Y89: =IF(ISNUMBER(SEARCH("Peso muerto",$B89)),IF($C89>=0.7,IF($C89<0.8,$D89*$E89," ")," ")," ") | Z89: =IF(ISNUMBER(SEARCH("Peso muerto",$B89)),IF($C89>=0.8,IF($C89<0.9,$D89*$E89," ")," ")," ") | AA89: 3
A90: 3 | B90: Facepulls | D90: 6 | E90: 4
A91: 4 | B91: Dominadas | D91: 6 | E91: 4
A93: Dia 5 | C93: % | D93: reps | E93: Series | F93: peso
A94: 1 | B94: Sentadilla | C94: 0.5 | D94: 5 | E94: 1 | F94: ='1RM'!$C$4*C94 -> 50 | G94: =D94*E94 -> 5 | H94: =F94*G94 -> 250 | M94: =IF(ISNUMBER(SEARCH("Sentadilla",$B94)),IF($C94>=0.5,IF($C94<0.6,$D94*$E94," ")," ")," ") -> 5 | N94: =IF(ISNUMBER(SEARCH("Sentadilla",$B94)),IF($C94>=0.6,IF($C94<0.7,$D94*$E94," ")," ")," ") | O94: =IF(ISNUMBER(SEARCH("Sentadilla",$B94)),IF($C94>=0.7,IF($C94<0.8,$D94*$E94," ")," ")," ") | P94: =IF(ISNUMBER(SEARCH("Sentadilla",$B94)),IF($C94>=0.8,IF($C94<0.9,$D94*$E94," ")," ")," ") | Q94: =IF(ISNUMBER(SEARCH("Sentadilla",$B94)),IF($C94>=0.9,$D94*$E94," ")," ")
B95: Sentadilla | C95: 0.6 | D95: 4 | E95: 1 | F95: ='1RM'!$C$4*C95 -> 60 | G95: =D95*E95 -> 4 | H95: =F95*G95 -> 240 | M95: =IF(ISNUMBER(SEARCH("Sentadilla",$B95)),IF($C95>=0.5,IF($C95<0.6,$D95*$E95," ")," ")," ") | N95: =IF(ISNUMBER(SEARCH("Sentadilla",$B95)),IF($C95>=0.6,IF($C95<0.7,$D95*$E95," ")," ")," ") -> 4 | O95: =IF(ISNUMBER(SEARCH("Sentadilla",$B95)),IF($C95>=0.7,IF($C95<0.8,$D95*$E95," ")," ")," ") | P95: =IF(ISNUMBER(SEARCH("Sentadilla",$B95)),IF($C95>=0.8,IF($C95<0.9,$D95*$E95," ")," ")," ") | Q95: =IF(ISNUMBER(SEARCH("Sentadilla",$B95)),IF($C95>=0.9,$D95*$E95," ")," ")
B96: Sentadilla | C96: 0.7 | D96: 3 | E96: 1 | F96: ='1RM'!$C$4*C96 -> 70 | G96: =D96*E96 -> 3 | H96: =F96*G96 -> 210 | M96: =IF(ISNUMBER(SEARCH("Sentadilla",$B96)),IF($C96>=0.5,IF($C96<0.6,$D96*$E96," ")," ")," ") | N96: =IF(ISNUMBER(SEARCH("Sentadilla",$B96)),IF($C96>=0.6,IF($C96<0.7,$D96*$E96," ")," ")," ") | O96: =IF(ISNUMBER(SEARCH("Sentadilla",$B96)),IF($C96>=0.7,IF($C96<0.8,$D96*$E96," ")," ")," ") -> 3 | P96: =IF(ISNUMBER(SEARCH("Sentadilla",$B96)),IF($C96>=0.8,IF($C96<0.9,$D96*$E96," ")," ")," ") | Q96: =IF(ISNUMBER(SEARCH("Sentadilla",$B96)),IF($C96>=0.9,$D96*$E96," ")," ")
B97: Sentadilla | C97: 0.8 | D97: 5 | E97: 3 | F97: ='1RM'!$C$4*C97 -> 80 | G97: =D97*E97 -> 15 | H97: =F97*G97 -> 1200 | M97: =IF(ISNUMBER(SEARCH("Sentadilla",$B97)),IF($C97>=0.5,IF($C97<0.6,$D97*$E97," ")," ")," ") | N97: =IF(ISNUMBER(SEARCH("Sentadilla",$B97)),IF($C97>=0.6,IF($C97<0.7,$D97*$E97," ")," ")," ") | O97: =IF(ISNUMBER(SEARCH("Sentadilla",$B97)),IF($C97>=0.7,IF($C97<0.8,$D97*$E97," ")," ")," ") | P97: =IF(ISNUMBER(SEARCH("Sentadilla",$B97)),IF($C97>=0.8,IF($C97<0.9,$D97*$E97," ")," ")," ") -> 15 | Q97: =IF(ISNUMBER(SEARCH("Sentadilla",$B97)),IF($C97>=0.9,$D97*$E97," ")," ")
A98: 2 | B98: Press de banca | C98: 0.5 | D98: 5 | E98: 1 | F98: ='1RM'!$C$5*C98 -> 50 | I98: =D98*E98 -> 5 | J98: =F98*I98 -> 250 | R98: =IF(ISNUMBER(SEARCH("Press de banca",$B98)),IF($C98>=0.5,IF($C98<0.6,$D98*$E98," ")," ")," ") -> 5 | S98: =IF(ISNUMBER(SEARCH("Press de banca",$B98)),IF($C98>=0.6,IF($C98<0.7,$D98*$E98," ")," ")," ") | T98: =IF(ISNUMBER(SEARCH("Press de banca",$B98)),IF($C98>=0.7,IF($C98<0.8,$D98*$E98," ")," ")," ") | U98: =IF(ISNUMBER(SEARCH("Press de banca",$B98)),IF($C98>=0.8,IF($C98<0.9,$D98*$E98," ")," ")," ") | V98: =IF(ISNUMBER(SEARCH("Press de banca",$B98)),IF($C98>=0.9,$D98*$E98," ")," ")
B99: Press de banca | C99: 0.6 | D99: 4 | E99: 1 | F99: ='1RM'!$C$5*C99 -> 60 | I99: =D99*E99 -> 4 | J99: =F99*I99 -> 240 | R99: =IF(ISNUMBER(SEARCH("Press de banca",$B99)),IF($C99>=0.5,IF($C99<0.6,$D99*$E99," ")," ")," ") | S99: =IF(ISNUMBER(SEARCH("Press de banca",$B99)),IF($C99>=0.6,IF($C99<0.7,$D99*$E99," ")," ")," ") -> 4 | T99: =IF(ISNUMBER(SEARCH("Press de banca",$B99)),IF($C99>=0.7,IF($C99<0.8,$D99*$E99," ")," ")," ") | U99: =IF(ISNUMBER(SEARCH("Press de banca",$B99)),IF($C99>=0.8,IF($C99<0.9,$D99*$E99," ")," ")," ") | V99: =IF(ISNUMBER(SEARCH("Press de banca",$B99)),IF($C99>=0.9,$D99*$E99," ")," ")
B100: Press de banca | C100: 0.7 | D100: 3 | E100: 1 | F100: ='1RM'!$C$5*C100 -> 70 | I100: =D100*E100 -> 3 | J100: =F100*I100 -> 210 | R100: =IF(ISNUMBER(SEARCH("Press de banca",$B100)),IF($C100>=0.5,IF($C100<0.6,$D100*$E100," ")," ")," ") | S100: =IF(ISNUMBER(SEARCH("Press de banca",$B100)),IF($C100>=0.6,IF($C100<0.7,$D100*$E100," ")," ")," ") | T100: =IF(ISNUMBER(SEARCH("Press de banca",$B100)),IF($C100>=0.7,IF($C100<0.8,$D100*$E100," ")," ")," ") -> 3 | U100: =IF(ISNUMBER(SEARCH("Press de banca",$B100)),IF($C100>=0.8,IF($C100<0.9,$D100*$E100," ")," ")," ") | V100: =IF(ISNUMBER(SEARCH("Press de banca",$B100)),IF($C100>=0.9,$D100*$E100," ")," ")
B101: Press de banca | C101: 0.75 | D101: 6 | E101: 5 | F101: ='1RM'!$C$5*C101 -> 75 | I101: =D101*E101 -> 30 | J101: =F101*I101 -> 2250 | R101: =IF(ISNUMBER(SEARCH("Press de banca",$B101)),IF($C101>=0.5,IF($C101<0.6,$D101*$E101," ")," ")," ") | S101: =IF(ISNUMBER(SEARCH("Press de banca",$B101)),IF($C101>=0.6,IF($C101<0.7,$D101*$E101," ")," ")," ") | T101: =IF(ISNUMBER(SEARCH("Press de banca",$B101)),IF($C101>=0.7,IF($C101<0.8,$D101*$E101," ")," ")," ") -> 30 | U101: =IF(ISNUMBER(SEARCH("Press de banca",$B101)),IF($C101>=0.8,IF($C101<0.9,$D101*$E101," ")," ")," ") | V101: =IF(ISNUMBER(SEARCH("Press de banca",$B101)),IF($C101>=0.9,$D101*$E101," ")," ")
A102: 4 | B102: Sentadilla | C102: 0.5 | D102: 5 | E102: 1 | F102: ='1RM'!$C$4*C102 -> 50 | G102: =D102*E102 -> 5 | H102: =F102*G102 -> 250 | M102: =IF(ISNUMBER(SEARCH("Sentadilla",$B102)),IF($C102>=0.5,IF($C102<0.6,$D102*$E102," ")," ")," ") -> 5 | N102: =IF(ISNUMBER(SEARCH("Sentadilla",$B102)),IF($C102>=0.6,IF($C102<0.7,$D102*$E102," ")," ")," ") | O102: =IF(ISNUMBER(SEARCH("Sentadilla",$B102)),IF($C102>=0.7,IF($C102<0.8,$D102*$E102," ")," ")," ") | P102: =IF(ISNUMBER(SEARCH("Sentadilla",$B102)),IF($C102>=0.8,IF($C102<0.9,$D102*$E102," ")," ")," ") | Q102: =IF(ISNUMBER(SEARCH("Sentadilla",$B102)),IF($C102>=0.9,$D102*$E102," ")," ")
B103: Sentadilla | C103: 0.6 | D103: 5 | E103: 1 | F103: ='1RM'!$C$4*C103 -> 60 | G103: =D103*E103 -> 5 | H103: =F103*G103 -> 300 | M103: =IF(ISNUMBER(SEARCH("Sentadilla",$B103)),IF($C103>=0.5,IF($C103<0.6,$D103*$E103," ")," ")," ") | N103: =IF(ISNUMBER(SEARCH("Sentadilla",$B103)),IF($C103>=0.6,IF($C103<0.7,$D103*$E103," ")," ")," ") -> 5 | O103: =IF(ISNUMBER(SEARCH("Sentadilla",$B103)),IF($C103>=0.7,IF($C103<0.8,$D103*$E103," ")," ")," ") | P103: =IF(ISNUMBER(SEARCH("Sentadilla",$B103)),IF($C103>=0.8,IF($C103<0.9,$D103*$E103," ")," ")," ") | Q103: =IF(ISNUMBER(SEARCH("Sentadilla",$B103)),IF($C103>=0.9,$D103*$E103," ")," ")
B104: Sentadilla | C104: 0.7 | D104: 7 | E104: 4 | F104: ='1RM'!$C$4*C104 -> 70 | G104: =D104*E104 -> 28 | H104: =F104*G104 -> 1960 | M104: =IF(ISNUMBER(SEARCH("Sentadilla",$B104)),IF($C104>=0.5,IF($C104<0.6,$D104*$E104," ")," ")," ") | N104: =IF(ISNUMBER(SEARCH("Sentadilla",$B104)),IF($C104>=0.6,IF($C104<0.7,$D104*$E104," ")," ")," ") | O104: =IF(ISNUMBER(SEARCH("Sentadilla",$B104)),IF($C104>=0.7,IF($C104<0.8,$D104*$E104," ")," ")," ") -> 28 | P104: =IF(ISNUMBER(SEARCH("Sentadilla",$B104)),IF($C104>=0.8,IF($C104<0.9,$D104*$E104," ")," ")," ") | Q104: =IF(ISNUMBER(SEARCH("Sentadilla",$B104)),IF($C104>=0.9,$D104*$E104," ")," ")
A105: 3 | B105: Press de banca inclinado | D105: 8 | E105: 5
A106: 5 | B106: Abs | D106: 8 | E106: 4
A108: Dia 6 | C108: % | D108: reps | E108: Series | F108: peso
...

Sheet Ciclo 4
B1: Sheiko | AC1: WWW.BIBLIOTECADERUTINAS.COM
B2: Competition Period for Class 1 & CMS
A5: Semana 1 | M5: Sentadilla | R5: Press de banca | W5: Peso muerto
A6: Dia 1 | C6: % | D6: reps | E6: Series | F6: peso | M6: 50-59 | N6: 60-69 | O6: 70-79 | P6: 80-89 | Q6: 90+ | R6: 50-59 | S6: 60-69 | T6: 70-79 | U6: 80-89 | V6: 90+ | W6: 50-59 | X6: 60-69 | Y6: 70-79 | Z6: 80-89 | AA6: 90+
A7: 1 | B7: Press de banca | C7: 0.55 | D7: 5 | E7: 1 | F7: ='1RM'!$C$5*C7 -> 55 | I7: =D7*E7 -> 5 | J7: =I7*F7 -> 275 | R7: =IF(ISNUMBER(SEARCH("Press de banca",$B7)),IF($C7>=0.5,IF($C7<0.6,$D7*$E7," ")," ")," ") -> 5 | S7: =IF(ISNUMBER(SEARCH("Press de banca",$B7)),IF($C7>=0.6,IF($C7<0.7,$D7*$E7," ")," ")," ") | T7: =IF(ISNUMBER(SEARCH("Press de banca",$B7)),IF($C7>=0.7,IF($C7<0.8,$D7*$E7," ")," ")," ") | U7: =IF(ISNUMBER(SEARCH("Press de banca",$B7)),IF($C7>=0.8,IF($C7<0.9,$D7*$E7," ")," ")," ") | V7: =IF(ISNUMBER(SEARCH("Press de banca",$B7)),IF($C7>=0.9,$D7*$E7," ")," ")
B8: Press de banca | C8: 0.65 | D8: 4 | E8: 1 | F8: ='1RM'!$C$5*C8 -> 65 | I8: =D8*E8 -> 4 | J8: =I8*F8 -> 260 | R8: =IF(ISNUMBER(SEARCH("Press de banca",$B8)),IF($C8>=0.5,IF($C8<0.6,$D8*$E8," ")," ")," ") | S8: =IF(ISNUMBER(SEARCH("Press de banca",$B8)),IF($C8>=0.6,IF($C8<0.7,$D8*$E8," ")," ")," ") -> 4 | T8: =IF(ISNUMBER(SEARCH("Press de banca",$B8)),IF($C8>=0.7,IF($C8<0.8,$D8*$E8," ")," ")," ") | U8: =IF(ISNUMBER(SEARCH("Press de banca",$B8)),IF($C8>=0.8,IF($C8<0.9,$D8*$E8," ")," ")," ") | V8: =IF(ISNUMBER(SEARCH("Press de banca",$B8)),IF($C8>=0.9,$D8*$E8," ")," ")
B9: Press de banca | C9: 0.75 | D9: 3 | E9: 1 | F9: ='1RM'!$C$5*C9 -> 75 | I9: =D9*E9 -> 3 | J9: =I9*F9 -> 225 | R9: =IF(ISNUMBER(SEARCH("Press de banca",$B9)),IF($C9>=0.5,IF($C9<0.6,$D9*$E9," ")," ")," ") | S9: =IF(ISNUMBER(SEARCH("Press de banca",$B9)),IF($C9>=0.6,IF($C9<0.7,$D9*$E9," ")," ")," ") | T9: =IF(ISNUMBER(SEARCH("Press de banca",$B9)),IF($C9>=0.7,IF($C9<0.8,$D9*$E9," ")," ")," ") -> 3 | U9: =IF(ISNUMBER(SEARCH("Press de banca",$B9)),IF($C9>=0.8,IF($C9<0.9,$D9*$E9," ")," ")," ") | V9: =IF(ISNUMBER(SEARCH("Press de banca",$B9)),IF($C9>=0.9,$D9*$E9," ")," ")
