Workbook

Sheet Start Here
Z4: Made by ChaseT 2008.05.09
A18: WWW.BIBLIOTECADERUTINAS.COM
C19: Introduce 1rm
Q20: Sheiko Advanced Medium Load
D21: Sentadillas | F21: 100
D22: Press de banca | F22: 100
D23: Peso muerto | F23: 100
C25: FAQS
D27: Q: | E27: How should I use this training program?
D28: A: | E28: If you've never used a Sheiko program before, first get youself acquainted with this style of training by running through the program once as is. After that you can modify it to fit your specific needs.
R29: Download the spreadsheet in order to edit it.
D32: Q: | E32: How do I modify the program without messing it up? | R32: Get the official Sheiko mobile app for more.
D33: A: | E33: The most convenient way to make this program fit your specific needs is to make exercise substitutions and preserve the overall structure. Your best bet is to make a substitution that serves a similar purpose.
D37: Q: | E37: Can I do the double sessions as one long session instead?
D38: A: | E38: You can. But just be aware that doing so will shift the emphasis towards metabolic stress and decrease the emphasis on technique development. If that is what you need to make progress then go for it.
D42: Q: | E42: Can I run this program with inflated maxes?
D43: A: | E43: Again, you can. If you do hopefully you have good techniqe because higher intensity usually leads to form breakdown. If that happens you'll wind up practicing bad technique with greater frequency and also increase the risk of injury.
D47: Q: | E47: My gym doesn't have chains. What can I do instead?
D48: A: | E48: Get some. They are an extremely valuable training tool. Check your local hardware store or at least get some bands.
D52: Q: | E52: How can I do board presses by myself?
D53: A: | E53: Take a plastic water bottle and slide it under your shirt. Lower the bar to the bottle then press it back up.
D57: Q: | E57: I train equipped. How can I use this program?
D58: A: | E58: There are two ways you can do it: 1) you can use your gear through the whole program. In that case use your equipped maxes above. Warm up without the gear then put it on around 75% or if the Weight can't be moved without gear 2) you can start the training program with your raw maxes and train that way for the first part of the training program. After your skills test switch to equipped maxes and finish the program using gear.
D62: Q: | E62: Can I have Boris train me personally?
D63: A: | E63: Boris Sheiko offers online coaching on his website.

Sheet Prep Cycle I
B2: Preparatory Period I for Class 1 and Above Athletes
B5: WEEK 1 | N5: squat | S5: bench | X5: deadlift
B6: Monday | D6: % | E6: Reps | F6: Sets | G6: Weight | N6: 50-59 | O6: 60-69 | P6: 70-79 | Q6: 80-89 | R6: 90+ | S6: 50-59 | T6: 60-69 | U6: 70-79 | V6: 80-89 | W6: 90+ | X6: 50-59 | Y6: 60-69 | Z6: 70-79 | AA6: 80-89 | AB6: 90+ | AC6: Notes:
B7: 1 | C7: Front squat | D7: 0.3 | E7: 4 | F7: 1 | G7: ='Start Here'!$F$21*D7 -> 30 | H7: =E7*F7 -> 4 | I7: =G7*H7 -> 120 | N7: =IF(ISNUMBER(SEARCH("squat",$C7)),IF($D7>=0.5,IF($D7<0.6,$E7*$F7," ")," ")," ") | O7: =IF(ISNUMBER(SEARCH("squat",$C7)),IF($D7>=0.6,IF($D7<0.7,$E7*$F7," ")," ")," ") | P7: =IF(ISNUMBER(SEARCH("squat",$C7)),IF($D7>=0.7,IF($D7<0.8,$E7*$F7," ")," ")," ") | Q7: =IF(ISNUMBER(SEARCH("squat",$C7)),IF($D7>=0.8,IF($D7<0.9,$E7*$F7," ")," ")," ") | R7: =IF(ISNUMBER(SEARCH("squat",$C7)),IF($D7>=0.9,$E7*$F7," ")," ") | S7: =IF(ISNUMBER(SEARCH("bench",$C7)),IF($D7>=0.5,IF($D7<0.6,$E7*$F7," ")," ")," ") | T7: =IF(ISNUMBER(SEARCH("bench",$C7)),IF($D7>=0.6,IF($D7<0.7,$E7*$F7," ")," ")," ") | U7: =IF(ISNUMBER(SEARCH("bench",$C7)),IF($D7>=0.7,IF($D7<0.8,$E7*$F7," ")," ")," ") | V7: =IF(ISNUMBER(SEARCH("bench",$C7)),IF($D7>=0.8,IF($D7<0.9,$E7*$F7," ")," ")," ") | W7: =IF(ISNUMBER(SEARCH("bench",$C7)),IF($D7>=0.9,$E7*$F7," ")," ")
C8: Front squat | D8: 0.4 | E8: 4 | F8: 1 | G8: ='Start Here'!$F$21*D8 -> 40 | H8: =E8*F8 -> 4 | I8: =G8*H8 -> 160 | N8: =IF(ISNUMBER(SEARCH("squat",$C8)),IF($D8>=0.5,IF($D8<0.6,$E8*$F8," ")," ")," ") | O8: =IF(ISNUMBER(SEARCH("squat",$C8)),IF($D8>=0.6,IF($D8<0.7,$E8*$F8," ")," ")," ") | P8: =IF(ISNUMBER(SEARCH("squat",$C8)),IF($D8>=0.7,IF($D8<0.8,$E8*$F8," ")," ")," ") | Q8: =IF(ISNUMBER(SEARCH("squat",$C8)),IF($D8>=0.8,IF($D8<0.9,$E8*$F8," ")," ")," ") | R8: =IF(ISNUMBER(SEARCH("squat",$C8)),IF($D8>=0.9,$E8*$F8," ")," ") | S8: =IF(ISNUMBER(SEARCH("bench",$C8)),IF($D8>=0.5,IF($D8<0.6,$E8*$F8," ")," ")," ") | T8: =IF(ISNUMBER(SEARCH("bench",$C8)),IF($D8>=0.6,IF($D8<0.7,$E8*$F8," ")," ")," ") | U8: =IF(ISNUMBER(SEARCH("bench",$C8)),IF($D8>=0.7,IF($D8<0.8,$E8*$F8," ")," ")," ") | V8: =IF(ISNUMBER(SEARCH("bench",$C8)),IF($D8>=0.8,IF($D8<0.9,$E8*$F8," ")," ")," ") | W8: =IF(ISNUMBER(SEARCH("bench",$C8)),IF($D8>=0.9,$E8*$F8," ")," ")
C9: Front squat | D9: 0.5 | E9: 4 | F9: 3 | G9: ='Start Here'!$F$21*D9 -> 50 | H9: =E9*F9 -> 12 | I9: =G9*H9 -> 600 | N9: =IF(ISNUMBER(SEARCH("squat",$C9)),IF($D9>=0.5,IF($D9<0.6,$E9*$F9," ")," ")," ") -> 12 | O9: =IF(ISNUMBER(SEARCH("squat",$C9)),IF($D9>=0.6,IF($D9<0.7,$E9*$F9," ")," ")," ") | P9: =IF(ISNUMBER(SEARCH("squat",$C9)),IF($D9>=0.7,IF($D9<0.8,$E9*$F9," ")," ")," ") | Q9: =IF(ISNUMBER(SEARCH("squat",$C9)),IF($D9>=0.8,IF($D9<0.9,$E9*$F9," ")," ")," ") | R9: =IF(ISNUMBER(SEARCH("squat",$C9)),IF($D9>=0.9,$E9*$F9," ")," ") | S9: =IF(ISNUMBER(SEARCH("bench",$C9)),IF($D9>=0.5,IF($D9<0.6,$E9*$F9," ")," ")," ") | T9: =IF(ISNUMBER(SEARCH("bench",$C9)),IF($D9>=0.6,IF($D9<0.7,$E9*$F9," ")," ")," ") | U9: =IF(ISNUMBER(SEARCH("bench",$C9)),IF($D9>=0.7,IF($D9<0.8,$E9*$F9," ")," ")," ") | V9: =IF(ISNUMBER(SEARCH("bench",$C9)),IF($D9>=0.8,IF($D9<0.9,$E9*$F9," ")," ")," ") | W9: =IF(ISNUMBER(SEARCH("bench",$C9)),IF($D9>=0.9,$E9*$F9," ")," ")
B10: 2 | C10: Bench press | D10: 0.5 | E10: 5 | F10: 1 | G10: ='Start Here'!$F$22*D10 -> 50 | J10: =E10*F10 -> 5 | K10: =G10*J10 -> 250 | N10: =IF(ISNUMBER(SEARCH("squat",$C10)),IF($D10>=0.5,IF($D10<0.6,$E10*$F10," ")," ")," ") | O10: =IF(ISNUMBER(SEARCH("squat",$C10)),IF($D10>=0.6,IF($D10<0.7,$E10*$F10," ")," ")," ") | P10: =IF(ISNUMBER(SEARCH("squat",$C10)),IF($D10>=0.7,IF($D10<0.8,$E10*$F10," ")," ")," ") | Q10: =IF(ISNUMBER(SEARCH("squat",$C10)),IF($D10>=0.8,IF($D10<0.9,$E10*$F10," ")," ")," ") | R10: =IF(ISNUMBER(SEARCH("squat",$C10)),IF($D10>=0.9,$E10*$F10," ")," ") | S10: =IF(ISNUMBER(SEARCH("bench",$C10)),IF($D10>=0.5,IF($D10<0.6,$E10*$F10," ")," ")," ") -> 5 | T10: =IF(ISNUMBER(SEARCH("bench",$C10)),IF($D10>=0.6,IF($D10<0.7,$E10*$F10," ")," ")," ") | U10: =IF(ISNUMBER(SEARCH("bench",$C10)),IF($D10>=0.7,IF($D10<0.8,$E10*$F10," ")," ")," ") | V10: =IF(ISNUMBER(SEARCH("bench",$C10)),IF($D10>=0.8,IF($D10<0.9,$E10*$F10," ")," ")," ") | W10: =IF(ISNUMBER(SEARCH("bench",$C10)),IF($D10>=0.9,$E10*$F10," ")," ")
C11: Bench press | D11: 0.6 | E11: 4 | F11: 1 | G11: ='Start Here'!$F$22*D11 -> 60 | J11: =E11*F11 -> 4 | K11: =G11*J11 -> 240 | N11: =IF(ISNUMBER(SEARCH("squat",$C11)),IF($D11>=0.5,IF($D11<0.6,$E11*$F11," ")," ")," ") | O11: =IF(ISNUMBER(SEARCH("squat",$C11)),IF($D11>=0.6,IF($D11<0.7,$E11*$F11," ")," ")," ") | P11: =IF(ISNUMBER(SEARCH("squat",$C11)),IF($D11>=0.7,IF($D11<0.8,$E11*$F11," ")," ")," ") | Q11: =IF(ISNUMBER(SEARCH("squat",$C11)),IF($D11>=0.8,IF($D11<0.9,$E11*$F11," ")," ")," ") | R11: =IF(ISNUMBER(SEARCH("squat",$C11)),IF($D11>=0.9,$E11*$F11," ")," ") | S11: =IF(ISNUMBER(SEARCH("bench",$C11)),IF($D11>=0.5,IF($D11<0.6,$E11*$F11," ")," ")," ") | T11: =IF(ISNUMBER(SEARCH("bench",$C11)),IF($D11>=0.6,IF($D11<0.7,$E11*$F11," ")," ")," ") -> 4 | U11: =IF(ISNUMBER(SEARCH("bench",$C11)),IF($D11>=0.7,IF($D11<0.8,$E11*$F11," ")," ")," ") | V11: =IF(ISNUMBER(SEARCH("bench",$C11)),IF($D11>=0.8,IF($D11<0.9,$E11*$F11," ")," ")," ") | W11: =IF(ISNUMBER(SEARCH("bench",$C11)),IF($D11>=0.9,$E11*$F11," ")," ")
C12: Bench press | D12: 0.7 | E12: 3 | F12: 1 | G12: ='Start Here'!$F$22*D12 -> 70 | J12: =E12*F12 -> 3 | K12: =G12*J12 -> 210 | N12: =IF(ISNUMBER(SEARCH("squat",$C12)),IF($D12>=0.5,IF($D12<0.6,$E12*$F12," ")," ")," ") | O12: =IF(ISNUMBER(SEARCH("squat",$C12)),IF($D12>=0.6,IF($D12<0.7,$E12*$F12," ")," ")," ") | P12: =IF(ISNUMBER(SEARCH("squat",$C12)),IF($D12>=0.7,IF($D12<0.8,$E12*$F12," ")," ")," ") | Q12: =IF(ISNUMBER(SEARCH("squat",$C12)),IF($D12>=0.8,IF($D12<0.9,$E12*$F12," ")," ")," ") | R12: =IF(ISNUMBER(SEARCH("squat",$C12)),IF($D12>=0.9,$E12*$F12," ")," ") | S12: =IF(ISNUMBER(SEARCH("bench",$C12)),IF($D12>=0.5,IF($D12<0.6,$E12*$F12," ")," ")," ") | T12: =IF(ISNUMBER(SEARCH("bench",$C12)),IF($D12>=0.6,IF($D12<0.7,$E12*$F12," ")," ")," ") | U12: =IF(ISNUMBER(SEARCH("bench",$C12)),IF($D12>=0.7,IF($D12<0.8,$E12*$F12," ")," ")," ") -> 3 | V12: =IF(ISNUMBER(SEARCH("bench",$C12)),IF($D12>=0.8,IF($D12<0.9,$E12*$F12," ")," ")," ") | W12: =IF(ISNUMBER(SEARCH("bench",$C12)),IF($D12>=0.9,$E12*$F12," ")," ")
C13: Bench press | D13: 0.75 | E13: 2 | F13: 4 | G13: ='Start Here'!$F$22*D13 -> 75 | J13: =E13*F13 -> 8 | K13: =G13*J13 -> 600 | N13: =IF(ISNUMBER(SEARCH("squat",$C13)),IF($D13>=0.5,IF($D13<0.6,$E13*$F13," ")," ")," ") | O13: =IF(ISNUMBER(SEARCH("squat",$C13)),IF($D13>=0.6,IF($D13<0.7,$E13*$F13," ")," ")," ") | P13: =IF(ISNUMBER(SEARCH("squat",$C13)),IF($D13>=0.7,IF($D13<0.8,$E13*$F13," ")," ")," ") | Q13: =IF(ISNUMBER(SEARCH("squat",$C13)),IF($D13>=0.8,IF($D13<0.9,$E13*$F13," ")," ")," ") | R13: =IF(ISNUMBER(SEARCH("squat",$C13)),IF($D13>=0.9,$E13*$F13," ")," ") | S13: =IF(ISNUMBER(SEARCH("bench",$C13)),IF($D13>=0.5,IF($D13<0.6,$E13*$F13," ")," ")," ") | T13: =IF(ISNUMBER(SEARCH("bench",$C13)),IF($D13>=0.6,IF($D13<0.7,$E13*$F13," ")," ")," ") | U13: =IF(ISNUMBER(SEARCH("bench",$C13)),IF($D13>=0.7,IF($D13<0.8,$E13*$F13," ")," ")," ") -> 8 | V13: =IF(ISNUMBER(SEARCH("bench",$C13)),IF($D13>=0.8,IF($D13<0.9,$E13*$F13," ")," ")," ") | W13: =IF(ISNUMBER(SEARCH("bench",$C13)),IF($D13>=0.9,$E13*$F13," ")," ")
B14: 3 | C14: Squat | D14: 0.55 | E14: 3 | F14: 1 | G14: ='Start Here'!$F$21*D14 -> 55 | H14: =E14*F14 -> 3 | I14: =G14*H14 -> 165 | N14: =IF(ISNUMBER(SEARCH("squat",$C14)),IF($D14>=0.5,IF($D14<0.6,$E14*$F14," ")," ")," ") -> 3 | O14: =IF(ISNUMBER(SEARCH("squat",$C14)),IF($D14>=0.6,IF($D14<0.7,$E14*$F14," ")," ")," ") | P14: =IF(ISNUMBER(SEARCH("squat",$C14)),IF($D14>=0.7,IF($D14<0.8,$E14*$F14," ")," ")," ") | Q14: =IF(ISNUMBER(SEARCH("squat",$C14)),IF($D14>=0.8,IF($D14<0.9,$E14*$F14," ")," ")," ") | R14: =IF(ISNUMBER(SEARCH("squat",$C14)),IF($D14>=0.9,$E14*$F14," ")," ") | S14: =IF(ISNUMBER(SEARCH("bench",$C14)),IF($D14>=0.5,IF($D14<0.6,$E14*$F14," ")," ")," ") | T14: =IF(ISNUMBER(SEARCH("bench",$C14)),IF($D14>=0.6,IF($D14<0.7,$E14*$F14," ")," ")," ") | U14: =IF(ISNUMBER(SEARCH("bench",$C14)),IF($D14>=0.7,IF($D14<0.8,$E14*$F14," ")," ")," ") | V14: =IF(ISNUMBER(SEARCH("bench",$C14)),IF($D14>=0.8,IF($D14<0.9,$E14*$F14," ")," ")," ") | W14: =IF(ISNUMBER(SEARCH("bench",$C14)),IF($D14>=0.9,$E14*$F14," ")," ")
C15: Squat | D15: 0.65 | E15: 3 | F15: 1 | G15: ='Start Here'!$F$21*D15 -> 65 | H15: =E15*F15 -> 3 | I15: =G15*H15 -> 195 | N15: =IF(ISNUMBER(SEARCH("squat",$C15)),IF($D15>=0.5,IF($D15<0.6,$E15*$F15," ")," ")," ") | O15: =IF(ISNUMBER(SEARCH("squat",$C15)),IF($D15>=0.6,IF($D15<0.7,$E15*$F15," ")," ")," ") -> 3 | P15: =IF(ISNUMBER(SEARCH("squat",$C15)),IF($D15>=0.7,IF($D15<0.8,$E15*$F15," ")," ")," ") | Q15: =IF(ISNUMBER(SEARCH("squat",$C15)),IF($D15>=0.8,IF($D15<0.9,$E15*$F15," ")," ")," ") | R15: =IF(ISNUMBER(SEARCH("squat",$C15)),IF($D15>=0.9,$E15*$F15," ")," ") | S15: =IF(ISNUMBER(SEARCH("bench",$C15)),IF($D15>=0.5,IF($D15<0.6,$E15*$F15," ")," ")," ") | T15: =IF(ISNUMBER(SEARCH("bench",$C15)),IF($D15>=0.6,IF($D15<0.7,$E15*$F15," ")," ")," ") | U15: =IF(ISNUMBER(SEARCH("bench",$C15)),IF($D15>=0.7,IF($D15<0.8,$E15*$F15," ")," ")," ") | V15: =IF(ISNUMBER(SEARCH("bench",$C15)),IF($D15>=0.8,IF($D15<0.9,$E15*$F15," ")," ")," ") | W15: =IF(ISNUMBER(SEARCH("bench",$C15)),IF($D15>=0.9,$E15*$F15," ")," ")
C16: Squat | D16: 0.75 | E16: 2 | F16: 4 | G16: ='Start Here'!$F$21*D16 -> 75 | H16: =E16*F16 -> 8 | I16: =G16*H16 -> 600 | N16: =IF(ISNUMBER(SEARCH("squat",$C16)),IF($D16>=0.5,IF($D16<0.6,$E16*$F16," ")," ")," ") | O16: =IF(ISNUMBER(SEARCH("squat",$C16)),IF($D16>=0.6,IF($D16<0.7,$E16*$F16," ")," ")," ") | P16: =IF(ISNUMBER(SEARCH("squat",$C16)),IF($D16>=0.7,IF($D16<0.8,$E16*$F16," ")," ")," ") -> 8 | Q16: =IF(ISNUMBER(SEARCH("squat",$C16)),IF($D16>=0.8,IF($D16<0.9,$E16*$F16," ")," ")," ") | R16: =IF(ISNUMBER(SEARCH("squat",$C16)),IF($D16>=0.9,$E16*$F16," ")," ") | S16: =IF(ISNUMBER(SEARCH("bench",$C16)),IF($D16>=0.5,IF($D16<0.6,$E16*$F16," ")," ")," ") | T16: =IF(ISNUMBER(SEARCH("bench",$C16)),IF($D16>=0.6,IF($D16<0.7,$E16*$F16," ")," ")," ") | U16: =IF(ISNUMBER(SEARCH("bench",$C16)),IF($D16>=0.7,IF($D16<0.8,$E16*$F16," ")," ")," ") | V16: =IF(ISNUMBER(SEARCH("bench",$C16)),IF($D16>=0.8,IF($D16<0.9,$E16*$F16," ")," ")," ") | W16: =IF(ISNUMBER(SEARCH("bench",$C16)),IF($D16>=0.9,$E16*$F16," ")," ")
B17: 4 | C17: Chest muscles | E17: 8 | F17: 4
B18: 5 | C18: Abs | E18: 10 | F18: 3
B20: Wednesday | D20: % | E20: Reps | F20: Sets | G20: Weight | AC20: Notes:
B21: 1 | C21: Deadlift to knees w/2s pause | D21: 0.5 | E21: 3 | F21: 1 | G21: ='Start Here'!$F$23*D21 -> 50 | L21: =E21*F21 -> 3 | M21: =G21*L21 -> 150 | S21: =IF(ISNUMBER(SEARCH("bench",$C21)),IF($D21>=0.5,IF($D21<0.6,$E21*$F21," ")," ")," ") | T21: =IF(ISNUMBER(SEARCH("bench",$C21)),IF($D21>=0.6,IF($D21<0.7,$E21*$F21," ")," ")," ") | U21: =IF(ISNUMBER(SEARCH("bench",$C21)),IF($D21>=0.7,IF($D21<0.8,$E21*$F21," ")," ")," ") | V21: =IF(ISNUMBER(SEARCH("bench",$C21)),IF($D21>=0.8,IF($D21<0.9,$E21*$F21," ")," ")," ") | W21: =IF(ISNUMBER(SEARCH("bench",$C21)),IF($D21>=0.9,$E21*$F21," ")," ") | X21: =IF(ISNUMBER(SEARCH("deadlift",$C21)),IF($D21>=0.5,IF($D21<0.6,$E21*$F21," ")," ")," ") -> 3 | Y21: =IF(ISNUMBER(SEARCH("deadlift",$C21)),IF($D21>=0.6,IF($D21<0.7,$E21*$F21," ")," ")," ") | Z21: =IF(ISNUMBER(SEARCH("deadlift",$C21)),IF($D21>=0.7,IF($D21<0.8,$E21*$F21," ")," ")," ") | AA21: =IF(ISNUMBER(SEARCH("deadlift",$C21)),IF($D21>=0.8,IF($D21<0.9,$E21*$F21," ")," ")," ") | AB21: =IF(ISNUMBER(SEARCH("deadlift",$C21)),IF($D21>=0.9,$E21*$F21," ")," ")
C22: Deadlift to knees w/2s pause | D22: 0.6 | E22: 3 | F22: 1 | G22: ='Start Here'!$F$23*D22 -> 60 | L22: =E22*F22 -> 3 | M22: =G22*L22 -> 180 | S22: =IF(ISNUMBER(SEARCH("bench",$C22)),IF($D22>=0.5,IF($D22<0.6,$E22*$F22," ")," ")," ") | T22: =IF(ISNUMBER(SEARCH("bench",$C22)),IF($D22>=0.6,IF($D22<0.7,$E22*$F22," ")," ")," ") | U22: =IF(ISNUMBER(SEARCH("bench",$C22)),IF($D22>=0.7,IF($D22<0.8,$E22*$F22," ")," ")," ") | V22: =IF(ISNUMBER(SEARCH("bench",$C22)),IF($D22>=0.8,IF($D22<0.9,$E22*$F22," ")," ")," ") | W22: =IF(ISNUMBER(SEARCH("bench",$C22)),IF($D22>=0.9,$E22*$F22," ")," ") | X22: =IF(ISNUMBER(SEARCH("deadlift",$C22)),IF($D22>=0.5,IF($D22<0.6,$E22*$F22," ")," ")," ") | Y22: =IF(ISNUMBER(SEARCH("deadlift",$C22)),IF($D22>=0.6,IF($D22<0.7,$E22*$F22," ")," ")," ") -> 3 | Z22: =IF(ISNUMBER(SEARCH("deadlift",$C22)),IF($D22>=0.7,IF($D22<0.8,$E22*$F22," ")," ")," ") | AA22: =IF(ISNUMBER(SEARCH("deadlift",$C22)),IF($D22>=0.8,IF($D22<0.9,$E22*$F22," ")," ")," ") | AB22: =IF(ISNUMBER(SEARCH("deadlift",$C22)),IF($D22>=0.9,$E22*$F22," ")," ")
C23: Deadlift to knees w/2s pause | D23: 0.7 | E23: 3 | F23: 4 | G23: ='Start Here'!$F$23*D23 -> 70 | L23: =E23*F23 -> 12 | M23: =G23*L23 -> 840 | S23: =IF(ISNUMBER(SEARCH("bench",$C23)),IF($D23>=0.5,IF($D23<0.6,$E23*$F23," ")," ")," ") | T23: =IF(ISNUMBER(SEARCH("bench",$C23)),IF($D23>=0.6,IF($D23<0.7,$E23*$F23," ")," ")," ") | U23: =IF(ISNUMBER(SEARCH("bench",$C23)),IF($D23>=0.7,IF($D23<0.8,$E23*$F23," ")," ")," ") | V23: =IF(ISNUMBER(SEARCH("bench",$C23)),IF($D23>=0.8,IF($D23<0.9,$E23*$F23," ")," ")," ") | W23: =IF(ISNUMBER(SEARCH("bench",$C23)),IF($D23>=0.9,$E23*$F23," ")," ") | X23: =IF(ISNUMBER(SEARCH("deadlift",$C23)),IF($D23>=0.5,IF($D23<0.6,$E23*$F23," ")," ")," ") | Y23: =IF(ISNUMBER(SEARCH("deadlift",$C23)),IF($D23>=0.6,IF($D23<0.7,$E23*$F23," ")," ")," ") | Z23: =IF(ISNUMBER(SEARCH("deadlift",$C23)),IF($D23>=0.7,IF($D23<0.8,$E23*$F23," ")," ")," ") -> 12 | AA23: =IF(ISNUMBER(SEARCH("deadlift",$C23)),IF($D23>=0.8,IF($D23<0.9,$E23*$F23," ")," ")," ") | AB23: =IF(ISNUMBER(SEARCH("deadlift",$C23)),IF($D23>=0.9,$E23*$F23," ")," ")
B24: 2 | C24: Bench press | D24: 0.5 | E24: 5 | F24: 1 | G24: ='Start Here'!$F$22*D24 -> 50 | J24: =E24*F24 -> 5 | K24: =G24*J24 -> 250 | S24: =IF(ISNUMBER(SEARCH("bench",$C24)),IF($D24>=0.5,IF($D24<0.6,$E24*$F24," ")," ")," ") -> 5 | T24: =IF(ISNUMBER(SEARCH("bench",$C24)),IF($D24>=0.6,IF($D24<0.7,$E24*$F24," ")," ")," ") | U24: =IF(ISNUMBER(SEARCH("bench",$C24)),IF($D24>=0.7,IF($D24<0.8,$E24*$F24," ")," ")," ") | V24: =IF(ISNUMBER(SEARCH("bench",$C24)),IF($D24>=0.8,IF($D24<0.9,$E24*$F24," ")," ")," ") | W24: =IF(ISNUMBER(SEARCH("bench",$C24)),IF($D24>=0.9,$E24*$F24," ")," ") | X24: =IF(ISNUMBER(SEARCH("deadlift",$C24)),IF($D24>=0.5,IF($D24<0.6,$E24*$F24," ")," ")," ") | Y24: =IF(ISNUMBER(SEARCH("deadlift",$C24)),IF($D24>=0.6,IF($D24<0.7,$E24*$F24," ")," ")," ") | Z24: =IF(ISNUMBER(SEARCH("deadlift",$C24)),IF($D24>=0.7,IF($D24<0.8,$E24*$F24," ")," ")," ") | AA24: =IF(ISNUMBER(SEARCH("deadlift",$C24)),IF($D24>=0.8,IF($D24<0.9,$E24*$F24," ")," ")," ") | AB24: =IF(ISNUMBER(SEARCH("deadlift",$C24)),IF($D24>=0.9,$E24*$F24," ")," ")
C25: Bench press | D25: 0.6 | E25: 5 | F25: 1 | G25: ='Start Here'!$F$22*D25 -> 60 | J25: =E25*F25 -> 5 | K25: =G25*J25 -> 300 | S25: =IF(ISNUMBER(SEARCH("bench",$C25)),IF($D25>=0.5,IF($D25<0.6,$E25*$F25," ")," ")," ") | T25: =IF(ISNUMBER(SEARCH("bench",$C25)),IF($D25>=0.6,IF($D25<0.7,$E25*$F25," ")," ")," ") -> 5 | U25: =IF(ISNUMBER(SEARCH("bench",$C25)),IF($D25>=0.7,IF($D25<0.8,$E25*$F25," ")," ")," ") | V25: =IF(ISNUMBER(SEARCH("bench",$C25)),IF($D25>=0.8,IF($D25<0.9,$E25*$F25," ")," ")," ") | W25: =IF(ISNUMBER(SEARCH("bench",$C25)),IF($D25>=0.9,$E25*$F25," ")," ") | X25: =IF(ISNUMBER(SEARCH("deadlift",$C25)),IF($D25>=0.5,IF($D25<0.6,$E25*$F25," ")," ")," ") | Y25: =IF(ISNUMBER(SEARCH("deadlift",$C25)),IF($D25>=0.6,IF($D25<0.7,$E25*$F25," ")," ")," ") | Z25: =IF(ISNUMBER(SEARCH("deadlift",$C25)),IF($D25>=0.7,IF($D25<0.8,$E25*$F25," ")," ")," ") | AA25: =IF(ISNUMBER(SEARCH("deadlift",$C25)),IF($D25>=0.8,IF($D25<0.9,$E25*$F25," ")," ")," ") | AB25: =IF(ISNUMBER(SEARCH("deadlift",$C25)),IF($D25>=0.9,$E25*$F25," ")," ")
C26: Bench press | D26: 0.7 | E26: 3 | F26: 1 | G26: ='Start Here'!$F$22*D26 -> 70 | J26: =E26*F26 -> 3 | K26: =G26*J26 -> 210 | S26: =IF(ISNUMBER(SEARCH("bench",$C26)),IF($D26>=0.5,IF($D26<0.6,$E26*$F26," ")," ")," ") | T26: =IF(ISNUMBER(SEARCH("bench",$C26)),IF($D26>=0.6,IF($D26<0.7,$E26*$F26," ")," ")," ") | U26: =IF(ISNUMBER(SEARCH("bench",$C26)),IF($D26>=0.7,IF($D26<0.8,$E26*$F26," ")," ")," ") -> 3 | V26: =IF(ISNUMBER(SEARCH("bench",$C26)),IF($D26>=0.8,IF($D26<0.9,$E26*$F26," ")," ")," ") | W26: =IF(ISNUMBER(SEARCH("bench",$C26)),IF($D26>=0.9,$E26*$F26," ")," ") | X26: =IF(ISNUMBER(SEARCH("deadlift",$C26)),IF($D26>=0.5,IF($D26<0.6,$E26*$F26," ")," ")," ") | Y26: =IF(ISNUMBER(SEARCH("deadlift",$C26)),IF($D26>=0.6,IF($D26<0.7,$E26*$F26," ")," ")," ") | Z26: =IF(ISNUMBER(SEARCH("deadlift",$C26)),IF($D26>=0.7,IF($D26<0.8,$E26*$F26," ")," ")," ") | AA26: =IF(ISNUMBER(SEARCH("deadlift",$C26)),IF($D26>=0.8,IF($D26<0.9,$E26*$F26," ")," ")," ") | AB26: =IF(ISNUMBER(SEARCH("deadlift",$C26)),IF($D26>=0.9,$E26*$F26," ")," ")
C27: Bench press | D27: 0.7 | E27: 5 | F27: 1 | G27: ='Start Here'!$F$22*D27 -> 70 | J27: =E27*F27 -> 5 | K27: =G27*J27 -> 350 | S27: =IF(ISNUMBER(SEARCH("bench",$C27)),IF($D27>=0.5,IF($D27<0.6,$E27*$F27," ")," ")," ") | T27: =IF(ISNUMBER(SEARCH("bench",$C27)),IF($D27>=0.6,IF($D27<0.7,$E27*$F27," ")," ")," ") | U27: =IF(ISNUMBER(SEARCH("bench",$C27)),IF($D27>=0.7,IF($D27<0.8,$E27*$F27," ")," ")," ") -> 5 | V27: =IF(ISNUMBER(SEARCH("bench",$C27)),IF($D27>=0.8,IF($D27<0.9,$E27*$F27," ")," ")," ") | W27: =IF(ISNUMBER(SEARCH("bench",$C27)),IF($D27>=0.9,$E27*$F27," ")," ") | X27: =IF(ISNUMBER(SEARCH("deadlift",$C27)),IF($D27>=0.5,IF($D27<0.6,$E27*$F27," ")," ")," ") | Y27: =IF(ISNUMBER(SEARCH("deadlift",$C27)),IF($D27>=0.6,IF($D27<0.7,$E27*$F27," ")," ")," ") | Z27: =IF(ISNUMBER(SEARCH("deadlift",$C27)),IF($D27>=0.7,IF($D27<0.8,$E27*$F27," ")," ")," ") | AA27: =IF(ISNUMBER(SEARCH("deadlift",$C27)),IF($D27>=0.8,IF($D27<0.9,$E27*$F27," ")," ")," ") | AB27: =IF(ISNUMBER(SEARCH("deadlift",$C27)),IF($D27>=0.9,$E27*$F27," ")," ")
C28: Bench press | D28: 0.7 | E28: 7 | F28: 1 | G28: ='Start Here'!$F$22*D28 -> 70 | J28: =E28*F28 -> 7 | K28: =G28*J28 -> 490 | S28: =IF(ISNUMBER(SEARCH("bench",$C28)),IF($D28>=0.5,IF($D28<0.6,$E28*$F28," ")," ")," ") | T28: =IF(ISNUMBER(SEARCH("bench",$C28)),IF($D28>=0.6,IF($D28<0.7,$E28*$F28," ")," ")," ") | U28: =IF(ISNUMBER(SEARCH("bench",$C28)),IF($D28>=0.7,IF($D28<0.8,$E28*$F28," ")," ")," ") -> 7 | V28: =IF(ISNUMBER(SEARCH("bench",$C28)),IF($D28>=0.8,IF($D28<0.9,$E28*$F28," ")," ")," ") | W28: =IF(ISNUMBER(SEARCH("bench",$C28)),IF($D28>=0.9,$E28*$F28," ")," ") | X28: =IF(ISNUMBER(SEARCH("deadlift",$C28)),IF($D28>=0.5,IF($D28<0.6,$E28*$F28," ")," ")," ") | Y28: =IF(ISNUMBER(SEARCH("deadlift",$C28)),IF($D28>=0.6,IF($D28<0.7,$E28*$F28," ")," ")," ") | Z28: =IF(ISNUMBER(SEARCH("deadlift",$C28)),IF($D28>=0.7,IF($D28<0.8,$E28*$F28," ")," ")," ") | AA28: =IF(ISNUMBER(SEARCH("deadlift",$C28)),IF($D28>=0.8,IF($D28<0.9,$E28*$F28," ")," ")," ") | AB28: =IF(ISNUMBER(SEARCH("deadlift",$C28)),IF($D28>=0.9,$E28*$F28," ")," ")
C29: Bench press | D29: 0.7 | E29: 4 | F29: 1 | G29: ='Start Here'!$F$22*D29 -> 70 | J29: =E29*F29 -> 4 | K29: =G29*J29 -> 280 | S29: =IF(ISNUMBER(SEARCH("bench",$C29)),IF($D29>=0.5,IF($D29<0.6,$E29*$F29," ")," ")," ") | T29: =IF(ISNUMBER(SEARCH("bench",$C29)),IF($D29>=0.6,IF($D29<0.7,$E29*$F29," ")," ")," ") | U29: =IF(ISNUMBER(SEARCH("bench",$C29)),IF($D29>=0.7,IF($D29<0.8,$E29*$F29," ")," ")," ") -> 4 | V29: =IF(ISNUMBER(SEARCH("bench",$C29)),IF($D29>=0.8,IF($D29<0.9,$E29*$F29," ")," ")," ") | W29: =IF(ISNUMBER(SEARCH("bench",$C29)),IF($D29>=0.9,$E29*$F29," ")," ") | X29: =IF(ISNUMBER(SEARCH("deadlift",$C29)),IF($D29>=0.5,IF($D29<0.6,$E29*$F29," ")," ")," ") | Y29: =IF(ISNUMBER(SEARCH("deadlift",$C29)),IF($D29>=0.6,IF($D29<0.7,$E29*$F29," ")," ")," ") | Z29: =IF(ISNUMBER(SEARCH("deadlift",$C29)),IF($D29>=0.7,IF($D29<0.8,$E29*$F29," ")," ")," ") | AA29: =IF(ISNUMBER(SEARCH("deadlift",$C29)),IF($D29>=0.8,IF($D29<0.9,$E29*$F29," ")," ")," ") | AB29: =IF(ISNUMBER(SEARCH("deadlift",$C29)),IF($D29>=0.9,$E29*$F29," ")," ")
C30: Bench press | D30: 0.7 | E30: 6 | F30: 1 | G30: ='Start Here'!$F$22*D30 -> 70 | J30: =E30*F30 -> 6 | K30: =G30*J30 -> 420 | S30: =IF(ISNUMBER(SEARCH("bench",$C30)),IF($D30>=0.5,IF($D30<0.6,$E30*$F30," ")," ")," ") | T30: =IF(ISNUMBER(SEARCH("bench",$C30)),IF($D30>=0.6,IF($D30<0.7,$E30*$F30," ")," ")," ") | U30: =IF(ISNUMBER(SEARCH("bench",$C30)),IF($D30>=0.7,IF($D30<0.8,$E30*$F30," ")," ")," ") -> 6 | V30: =IF(ISNUMBER(SEARCH("bench",$C30)),IF($D30>=0.8,IF($D30<0.9,$E30*$F30," ")," ")," ") | W30: =IF(ISNUMBER(SEARCH("bench",$C30)),IF($D30>=0.9,$E30*$F30," ")," ") | X30: =IF(ISNUMBER(SEARCH("deadlift",$C30)),IF($D30>=0.5,IF($D30<0.6,$E30*$F30," ")," ")," ") | Y30: =IF(ISNUMBER(SEARCH("deadlift",$C30)),IF($D30>=0.6,IF($D30<0.7,$E30*$F30," ")," ")," ") | Z30: =IF(ISNUMBER(SEARCH("deadlift",$C30)),IF($D30>=0.7,IF($D30<0.8,$E30*$F30," ")," ")," ") | AA30: =IF(ISNUMBER(SEARCH("deadlift",$C30)),IF($D30>=0.8,IF($D30<0.9,$E30*$F30," ")," ")," ") | AB30: =IF(ISNUMBER(SEARCH("deadlift",$C30)),IF($D30>=0.9,$E30*$F30," ")," ")
C31: Bench press | D31: 0.7 | E31: 8 | F31: 1 | G31: ='Start Here'!$F$22*D31 -> 70 | J31: =E31*F31 -> 8 | K31: =G31*J31 -> 560 | S31: =IF(ISNUMBER(SEARCH("bench",$C31)),IF($D31>=0.5,IF($D31<0.6,$E31*$F31," ")," ")," ") | T31: =IF(ISNUMBER(SEARCH("bench",$C31)),IF($D31>=0.6,IF($D31<0.7,$E31*$F31," ")," ")," ") | U31: =IF(ISNUMBER(SEARCH("bench",$C31)),IF($D31>=0.7,IF($D31<0.8,$E31*$F31," ")," ")," ") -> 8 | V31: =IF(ISNUMBER(SEARCH("bench",$C31)),IF($D31>=0.8,IF($D31<0.9,$E31*$F31," ")," ")," ") | W31: =IF(ISNUMBER(SEARCH("bench",$C31)),IF($D31>=0.9,$E31*$F31," ")," ") | X31: =IF(ISNUMBER(SEARCH("deadlift",$C31)),IF($D31>=0.5,IF($D31<0.6,$E31*$F31," ")," ")," ") | Y31: =IF(ISNUMBER(SEARCH("deadlift",$C31)),IF($D31>=0.6,IF($D31<0.7,$E31*$F31," ")," ")," ") | Z31: =IF(ISNUMBER(SEARCH("deadlift",$C31)),IF($D31>=0.7,IF($D31<0.8,$E31*$F31," ")," ")," ") | AA31: =IF(ISNUMBER(SEARCH("deadlift",$C31)),IF($D31>=0.8,IF($D31<0.9,$E31*$F31," ")," ")," ") | AB31: =IF(ISNUMBER(SEARCH("deadlift",$C31)),IF($D31>=0.9,$E31*$F31," ")," ")
B32: 3 | C32: Deadlift w/pause 5-7cm above knees | D32: 0.55 | E32: 3 | F32: 1 | G32: ='Start Here'!$F$23*D32 -> 55 | L32: =E32*F32 -> 3 | M32: =G32*L32 -> 165 | S32: =IF(ISNUMBER(SEARCH("bench",$C32)),IF($D32>=0.5,IF($D32<0.6,$E32*$F32," ")," ")," ") | T32: =IF(ISNUMBER(SEARCH("bench",$C32)),IF($D32>=0.6,IF($D32<0.7,$E32*$F32," ")," ")," ") | U32: =IF(ISNUMBER(SEARCH("bench",$C32)),IF($D32>=0.7,IF($D32<0.8,$E32*$F32," ")," ")," ") | V32: =IF(ISNUMBER(SEARCH("bench",$C32)),IF($D32>=0.8,IF($D32<0.9,$E32*$F32," ")," ")," ") | W32: =IF(ISNUMBER(SEARCH("bench",$C32)),IF($D32>=0.9,$E32*$F32," ")," ") | X32: =IF(ISNUMBER(SEARCH("deadlift",$C32)),IF($D32>=0.5,IF($D32<0.6,$E32*$F32," ")," ")," ") -> 3 | Y32: =IF(ISNUMBER(SEARCH("deadlift",$C32)),IF($D32>=0.6,IF($D32<0.7,$E32*$F32," ")," ")," ") | Z32: =IF(ISNUMBER(SEARCH("deadlift",$C32)),IF($D32>=0.7,IF($D32<0.8,$E32*$F32," ")," ")," ") | AA32: =IF(ISNUMBER(SEARCH("deadlift",$C32)),IF($D32>=0.8,IF($D32<0.9,$E32*$F32," ")," ")," ") | AB32: =IF(ISNUMBER(SEARCH("deadlift",$C32)),IF($D32>=0.9,$E32*$F32," ")," ")
C33: Deadlift w/pause 5-7cm above knees | D33: 0.65 | E33: 3 | F33: 1 | G33: ='Start Here'!$F$23*D33 -> 65 | L33: =E33*F33 -> 3 | M33: =G33*L33 -> 195 | S33: =IF(ISNUMBER(SEARCH("bench",$C33)),IF($D33>=0.5,IF($D33<0.6,$E33*$F33," ")," ")," ") | T33: =IF(ISNUMBER(SEARCH("bench",$C33)),IF($D33>=0.6,IF($D33<0.7,$E33*$F33," ")," ")," ") | U33: =IF(ISNUMBER(SEARCH("bench",$C33)),IF($D33>=0.7,IF($D33<0.8,$E33*$F33," ")," ")," ") | V33: =IF(ISNUMBER(SEARCH("bench",$C33)),IF($D33>=0.8,IF($D33<0.9,$E33*$F33," ")," ")," ") | W33: =IF(ISNUMBER(SEARCH("bench",$C33)),IF($D33>=0.9,$E33*$F33," ")," ") | X33: =IF(ISNUMBER(SEARCH("deadlift",$C33)),IF($D33>=0.5,IF($D33<0.6,$E33*$F33," ")," ")," ") | Y33: =IF(ISNUMBER(SEARCH("deadlift",$C33)),IF($D33>=0.6,IF($D33<0.7,$E33*$F33," ")," ")," ") -> 3 | Z33: =IF(ISNUMBER(SEARCH("deadlift",$C33)),IF($D33>=0.7,IF($D33<0.8,$E33*$F33," ")," ")," ") | AA33: =IF(ISNUMBER(SEARCH("deadlift",$C33)),IF($D33>=0.8,IF($D33<0.9,$E33*$F33," ")," ")," ") | AB33: =IF(ISNUMBER(SEARCH("deadlift",$C33)),IF($D33>=0.9,$E33*$F33," ")," ")
C34: Deadlift w/pause 5-7cm above knees | D34: 0.75 | E34: 2 | F34: 4 | G34: ='Start Here'!$F$23*D34 -> 75 | L34: =E34*F34 -> 8 | M34: =G34*L34 -> 600 | S34: =IF(ISNUMBER(SEARCH("bench",$C34)),IF($D34>=0.5,IF($D34<0.6,$E34*$F34," ")," ")," ") | T34: =IF(ISNUMBER(SEARCH("bench",$C34)),IF($D34>=0.6,IF($D34<0.7,$E34*$F34," ")," ")," ") | U34: =IF(ISNUMBER(SEARCH("bench",$C34)),IF($D34>=0.7,IF($D34<0.8,$E34*$F34," ")," ")," ") | V34: =IF(ISNUMBER(SEARCH("bench",$C34)),IF($D34>=0.8,IF($D34<0.9,$E34*$F34," ")," ")," ") | W34: =IF(ISNUMBER(SEARCH("bench",$C34)),IF($D34>=0.9,$E34*$F34," ")," ") | X34: =IF(ISNUMBER(SEARCH("deadlift",$C34)),IF($D34>=0.5,IF($D34<0.6,$E34*$F34," ")," ")," ") | Y34: =IF(ISNUMBER(SEARCH("deadlift",$C34)),IF($D34>=0.6,IF($D34<0.7,$E34*$F34," ")," ")," ") | Z34: =IF(ISNUMBER(SEARCH("deadlift",$C34)),IF($D34>=0.7,IF($D34<0.8,$E34*$F34," ")," ")," ") -> 8 | AA34: =IF(ISNUMBER(SEARCH("deadlift",$C34)),IF($D34>=0.8,IF($D34<0.9,$E34*$F34," ")," ")," ") | AB34: =IF(ISNUMBER(SEARCH("deadlift",$C34)),IF($D34>=0.9,$E34*$F34," ")," ")
B35: 4 | C35: Lat muscles | E35: 6 | F35: 4
B36: 5 | C36: Good morning | E36: 5 | F36: 5
B38: Friday | D38: % | E38: Reps | F38: Sets | G38: Weight | AC38: Notes:
B39: 1 | C39: Bench press | D39: 0.5 | E39: 5 | F39: 1 | G39: ='Start Here'!$F$22*D39 -> 50 | J39: =E39*F39 -> 5 | K39: =G39*J39 -> 250 | N39: =IF(ISNUMBER(SEARCH("squat",$C39)),IF($D39>=0.5,IF($D39<0.6,$E39*$F39," ")," ")," ") | O39: =IF(ISNUMBER(SEARCH("squat",$C39)),IF($D39>=0.6,IF($D39<0.7,$E39*$F39," ")," ")," ") | P39: =IF(ISNUMBER(SEARCH("squat",$C39)),IF($D39>=0.7,IF($D39<0.8,$E39*$F39," ")," ")," ") | Q39: =IF(ISNUMBER(SEARCH("squat",$C39)),IF($D39>=0.8,IF($D39<0.9,$E39*$F39," ")," ")," ") | R39: =IF(ISNUMBER(SEARCH("squat",$C39)),IF($D39>=0.9,$E39*$F39," ")," ") | S39: =IF(ISNUMBER(SEARCH("bench",$C39)),IF($D39>=0.5,IF($D39<0.6,$E39*$F39," ")," ")," ") -> 5 | T39: =IF(ISNUMBER(SEARCH("bench",$C39)),IF($D39>=0.6,IF($D39<0.7,$E39*$F39," ")," ")," ") | U39: =IF(ISNUMBER(SEARCH("bench",$C39)),IF($D39>=0.7,IF($D39<0.8,$E39*$F39," ")," ")," ") | V39: =IF(ISNUMBER(SEARCH("bench",$C39)),IF($D39>=0.8,IF($D39<0.9,$E39*$F39," ")," ")," ") | W39: =IF(ISNUMBER(SEARCH("bench",$C39)),IF($D39>=0.9,$E39*$F39," ")," ")
C40: Bench press | D40: 0.6 | E40: 4 | F40: 1 | G40: ='Start Here'!$F$22*D40 -> 60 | J40: =E40*F40 -> 4 | K40: =G40*J40 -> 240 | N40: =IF(ISNUMBER(SEARCH("squat",$C40)),IF($D40>=0.5,IF($D40<0.6,$E40*$F40," ")," ")," ") | O40: =IF(ISNUMBER(SEARCH("squat",$C40)),IF($D40>=0.6,IF($D40<0.7,$E40*$F40," ")," ")," ") | P40: =IF(ISNUMBER(SEARCH("squat",$C40)),IF($D40>=0.7,IF($D40<0.8,$E40*$F40," ")," ")," ") | Q40: =IF(ISNUMBER(SEARCH("squat",$C40)),IF($D40>=0.8,IF($D40<0.9,$E40*$F40," ")," ")," ") | R40: =IF(ISNUMBER(SEARCH("squat",$C40)),IF($D40>=0.9,$E40*$F40," ")," ") | S40: =IF(ISNUMBER(SEARCH("bench",$C40)),IF($D40>=0.5,IF($D40<0.6,$E40*$F40," ")," ")," ") | T40: =IF(ISNUMBER(SEARCH("bench",$C40)),IF($D40>=0.6,IF($D40<0.7,$E40*$F40," ")," ")," ") -> 4 | U40: =IF(ISNUMBER(SEARCH("bench",$C40)),IF($D40>=0.7,IF($D40<0.8,$E40*$F40," ")," ")," ") | V40: =IF(ISNUMBER(SEARCH("bench",$C40)),IF($D40>=0.8,IF($D40<0.9,$E40*$F40," ")," ")," ") | W40: =IF(ISNUMBER(SEARCH("bench",$C40)),IF($D40>=0.9,$E40*$F40," ")," ")
C41: Bench press | D41: 0.7 | E41: 3 | F41: 1 | G41: ='Start Here'!$F$22*D41 -> 70 | J41: =E41*F41 -> 3 | K41: =G41*J41 -> 210 | N41: =IF(ISNUMBER(SEARCH("squat",$C41)),IF($D41>=0.5,IF($D41<0.6,$E41*$F41," ")," ")," ") | O41: =IF(ISNUMBER(SEARCH("squat",$C41)),IF($D41>=0.6,IF($D41<0.7,$E41*$F41," ")," ")," ") | P41: =IF(ISNUMBER(SEARCH("squat",$C41)),IF($D41>=0.7,IF($D41<0.8,$E41*$F41," ")," ")," ") | Q41: =IF(ISNUMBER(SEARCH("squat",$C41)),IF($D41>=0.8,IF($D41<0.9,$E41*$F41," ")," ")," ") | R41: =IF(ISNUMBER(SEARCH("squat",$C41)),IF($D41>=0.9,$E41*$F41," ")," ") | S41: =IF(ISNUMBER(SEARCH("bench",$C41)),IF($D41>=0.5,IF($D41<0.6,$E41*$F41," ")," ")," ") | T41: =IF(ISNUMBER(SEARCH("bench",$C41)),IF($D41>=0.6,IF($D41<0.7,$E41*$F41," ")," ")," ") | U41: =IF(ISNUMBER(SEARCH("bench",$C41)),IF($D41>=0.7,IF($D41<0.8,$E41*$F41," ")," ")," ") -> 3 | V41: =IF(ISNUMBER(SEARCH("bench",$C41)),IF($D41>=0.8,IF($D41<0.9,$E41*$F41," ")," ")," ") | W41: =IF(ISNUMBER(SEARCH("bench",$C41)),IF($D41>=0.9,$E41*$F41," ")," ")
C42: Bench press | D42: 0.75 | E42: 3 | F42: 4 | G42: ='Start Here'!$F$22*D42 -> 75 | J42: =E42*F42 -> 12 | K42: =G42*J42 -> 900 | N42: =IF(ISNUMBER(SEARCH("squat",$C42)),IF($D42>=0.5,IF($D42<0.6,$E42*$F42," ")," ")," ") | O42: =IF(ISNUMBER(SEARCH("squat",$C42)),IF($D42>=0.6,IF($D42<0.7,$E42*$F42," ")," ")," ") | P42: =IF(ISNUMBER(SEARCH("squat",$C42)),IF($D42>=0.7,IF($D42<0.8,$E42*$F42," ")," ")," ") | Q42: =IF(ISNUMBER(SEARCH("squat",$C42)),IF($D42>=0.8,IF($D42<0.9,$E42*$F42," ")," ")," ") | R42: =IF(ISNUMBER(SEARCH("squat",$C42)),IF($D42>=0.9,$E42*$F42," ")," ") | S42: =IF(ISNUMBER(SEARCH("bench",$C42)),IF($D42>=0.5,IF($D42<0.6,$E42*$F42," ")," ")," ") | T42: =IF(ISNUMBER(SEARCH("bench",$C42)),IF($D42>=0.6,IF($D42<0.7,$E42*$F42," ")," ")," ") | U42: =IF(ISNUMBER(SEARCH("bench",$C42)),IF($D42>=0.7,IF($D42<0.8,$E42*$F42," ")," ")," ") -> 12 | V42: =IF(ISNUMBER(SEARCH("bench",$C42)),IF($D42>=0.8,IF($D42<0.9,$E42*$F42," ")," ")," ") | W42: =IF(ISNUMBER(SEARCH("bench",$C42)),IF($D42>=0.9,$E42*$F42," ")," ")
B43: 2 | C43: Squat w/pause at half squat position on the way down | D43: 0.5 | E43: 3 | F43: 1 | G43: ='Start Here'!$F$21*D43 -> 50 | H43: =E43*F43 -> 3 | I43: =G43*H43 -> 150 | N43: =IF(ISNUMBER(SEARCH("squat",$C43)),IF($D43>=0.5,IF($D43<0.6,$E43*$F43," ")," ")," ") -> 3 | O43: =IF(ISNUMBER(SEARCH("squat",$C43)),IF($D43>=0.6,IF($D43<0.7,$E43*$F43," ")," ")," ") | P43: =IF(ISNUMBER(SEARCH("squat",$C43)),IF($D43>=0.7,IF($D43<0.8,$E43*$F43," ")," ")," ") | Q43: =IF(ISNUMBER(SEARCH("squat",$C43)),IF($D43>=0.8,IF($D43<0.9,$E43*$F43," ")," ")," ") | R43: =IF(ISNUMBER(SEARCH("squat",$C43)),IF($D43>=0.9,$E43*$F43," ")," ") | S43: =IF(ISNUMBER(SEARCH("bench",$C43)),IF($D43>=0.5,IF($D43<0.6,$E43*$F43," ")," ")," ") | T43: =IF(ISNUMBER(SEARCH("bench",$C43)),IF($D43>=0.6,IF($D43<0.7,$E43*$F43," ")," ")," ") | U43: =IF(ISNUMBER(SEARCH("bench",$C43)),IF($D43>=0.7,IF($D43<0.8,$E43*$F43," ")," ")," ") | V43: =IF(ISNUMBER(SEARCH("bench",$C43)),IF($D43>=0.8,IF($D43<0.9,$E43*$F43," ")," ")," ") | W43: =IF(ISNUMBER(SEARCH("bench",$C43)),IF($D43>=0.9,$E43*$F43," ")," ")
C44: Squat w/pause at half squat position on the way down | D44: 0.6 | E44: 3 | F44: 1 | G44: ='Start Here'!$F$21*D44 -> 60 | H44: =E44*F44 -> 3 | I44: =G44*H44 -> 180 | N44: =IF(ISNUMBER(SEARCH("squat",$C44)),IF($D44>=0.5,IF($D44<0.6,$E44*$F44," ")," ")," ") | O44: =IF(ISNUMBER(SEARCH("squat",$C44)),IF($D44>=0.6,IF($D44<0.7,$E44*$F44," ")," ")," ") -> 3 | P44: =IF(ISNUMBER(SEARCH("squat",$C44)),IF($D44>=0.7,IF($D44<0.8,$E44*$F44," ")," ")," ") | Q44: =IF(ISNUMBER(SEARCH("squat",$C44)),IF($D44>=0.8,IF($D44<0.9,$E44*$F44," ")," ")," ") | R44: =IF(ISNUMBER(SEARCH("squat",$C44)),IF($D44>=0.9,$E44*$F44," ")," ") | S44: =IF(ISNUMBER(SEARCH("bench",$C44)),IF($D44>=0.5,IF($D44<0.6,$E44*$F44," ")," ")," ") | T44: =IF(ISNUMBER(SEARCH("bench",$C44)),IF($D44>=0.6,IF($D44<0.7,$E44*$F44," ")," ")," ") | U44: =IF(ISNUMBER(SEARCH("bench",$C44)),IF($D44>=0.7,IF($D44<0.8,$E44*$F44," ")," ")," ") | V44: =IF(ISNUMBER(SEARCH("bench",$C44)),IF($D44>=0.8,IF($D44<0.9,$E44*$F44," ")," ")," ") | W44: =IF(ISNUMBER(SEARCH("bench",$C44)),IF($D44>=0.9,$E44*$F44," ")," ")
C45: Squat w/pause at half squat position on the way down | D45: 0.7 | E45: 3 | F45: 4 | G45: ='Start Here'!$F$21*D45 -> 70 | H45: =E45*F45 -> 12 | I45: =G45*H45 -> 840 | N45: =IF(ISNUMBER(SEARCH("squat",$C45)),IF($D45>=0.5,IF($D45<0.6,$E45*$F45," ")," ")," ") | O45: =IF(ISNUMBER(SEARCH("squat",$C45)),IF($D45>=0.6,IF($D45<0.7,$E45*$F45," ")," ")," ") | P45: =IF(ISNUMBER(SEARCH("squat",$C45)),IF($D45>=0.7,IF($D45<0.8,$E45*$F45," ")," ")," ") -> 12 | Q45: =IF(ISNUMBER(SEARCH("squat",$C45)),IF($D45>=0.8,IF($D45<0.9,$E45*$F45," ")," ")," ") | R45: =IF(ISNUMBER(SEARCH("squat",$C45)),IF($D45>=0.9,$E45*$F45," ")," ") | S45: =IF(ISNUMBER(SEARCH("bench",$C45)),IF($D45>=0.5,IF($D45<0.6,$E45*$F45," ")," ")," ") | T45: =IF(ISNUMBER(SEARCH("bench",$C45)),IF($D45>=0.6,IF($D45<0.7,$E45*$F45," ")," ")," ") | U45: =IF(ISNUMBER(SEARCH("bench",$C45)),IF($D45>=0.7,IF($D45<0.8,$E45*$F45," ")," ")," ") | V45: =IF(ISNUMBER(SEARCH("bench",$C45)),IF($D45>=0.8,IF($D45<0.9,$E45*$F45," ")," ")," ") | W45: =IF(ISNUMBER(SEARCH("bench",$C45)),IF($D45>=0.9,$E45*$F45," ")," ")
B46: 3 | C46: Board bench press | D46: 0.6 | E46: 3 | F46: 1 | G46: ='Start Here'!$F$22*D46 -> 60 | J46: =E46*F46 -> 3 | K46: =G46*J46 -> 180 | N46: =IF(ISNUMBER(SEARCH("squat",$C46)),IF($D46>=0.5,IF($D46<0.6,$E46*$F46," ")," ")," ") | O46: =IF(ISNUMBER(SEARCH("squat",$C46)),IF($D46>=0.6,IF($D46<0.7,$E46*$F46," ")," ")," ") | P46: =IF(ISNUMBER(SEARCH("squat",$C46)),IF($D46>=0.7,IF($D46<0.8,$E46*$F46," ")," ")," ") | Q46: =IF(ISNUMBER(SEARCH("squat",$C46)),IF($D46>=0.8,IF($D46<0.9,$E46*$F46," ")," ")," ") | R46: =IF(ISNUMBER(SEARCH("squat",$C46)),IF($D46>=0.9,$E46*$F46," ")," ") | S46: =IF(ISNUMBER(SEARCH("bench",$C46)),IF($D46>=0.5,IF($D46<0.6,$E46*$F46," ")," ")," ") | T46: =IF(ISNUMBER(SEARCH("bench",$C46)),IF($D46>=0.6,IF($D46<0.7,$E46*$F46," ")," ")," ") -> 3 | U46: =IF(ISNUMBER(SEARCH("bench",$C46)),IF($D46>=0.7,IF($D46<0.8,$E46*$F46," ")," ")," ") | V46: =IF(ISNUMBER(SEARCH("bench",$C46)),IF($D46>=0.8,IF($D46<0.9,$E46*$F46," ")," ")," ") | W46: =IF(ISNUMBER(SEARCH("bench",$C46)),IF($D46>=0.9,$E46*$F46," ")," ")
C47: Board bench press | D47: 0.7 | E47: 3 | F47: 1 | G47: ='Start Here'!$F$22*D47 -> 70 | J47: =E47*F47 -> 3 | K47: =G47*J47 -> 210 | N47: =IF(ISNUMBER(SEARCH("squat",$C47)),IF($D47>=0.5,IF($D47<0.6,$E47*$F47," ")," ")," ") | O47: =IF(ISNUMBER(SEARCH("squat",$C47)),IF($D47>=0.6,IF($D47<0.7,$E47*$F47," ")," ")," ") | P47: =IF(ISNUMBER(SEARCH("squat",$C47)),IF($D47>=0.7,IF($D47<0.8,$E47*$F47," ")," ")," ") | Q47: =IF(ISNUMBER(SEARCH("squat",$C47)),IF($D47>=0.8,IF($D47<0.9,$E47*$F47," ")," ")," ") | R47: =IF(ISNUMBER(SEARCH("squat",$C47)),IF($D47>=0.9,$E47*$F47," ")," ") | S47: =IF(ISNUMBER(SEARCH("bench",$C47)),IF($D47>=0.5,IF($D47<0.6,$E47*$F47," ")," ")," ") | T47: =IF(ISNUMBER(SEARCH("bench",$C47)),IF($D47>=0.6,IF($D47<0.7,$E47*$F47," ")," ")," ") | U47: =IF(ISNUMBER(SEARCH("bench",$C47)),IF($D47>=0.7,IF($D47<0.8,$E47*$F47," ")," ")," ") -> 3 | V47: =IF(ISNUMBER(SEARCH("bench",$C47)),IF($D47>=0.8,IF($D47<0.9,$E47*$F47," ")," ")," ") | W47: =IF(ISNUMBER(SEARCH("bench",$C47)),IF($D47>=0.9,$E47*$F47," ")," ")
C48: Board bench press | D48: 0.8 | E48: 3 | F48: 2 | G48: ='Start Here'!$F$22*D48 -> 80 | J48: =E48*F48 -> 6 | K48: =G48*J48 -> 480 | N48: =IF(ISNUMBER(SEARCH("squat",$C48)),IF($D48>=0.5,IF($D48<0.6,$E48*$F48," ")," ")," ") | O48: =IF(ISNUMBER(SEARCH("squat",$C48)),IF($D48>=0.6,IF($D48<0.7,$E48*$F48," ")," ")," ") | P48: =IF(ISNUMBER(SEARCH("squat",$C48)),IF($D48>=0.7,IF($D48<0.8,$E48*$F48," ")," ")," ") | Q48: =IF(ISNUMBER(SEARCH("squat",$C48)),IF($D48>=0.8,IF($D48<0.9,$E48*$F48," ")," ")," ") | R48: =IF(ISNUMBER(SEARCH("squat",$C48)),IF($D48>=0.9,$E48*$F48," ")," ") | S48: =IF(ISNUMBER(SEARCH("bench",$C48)),IF($D48>=0.5,IF($D48<0.6,$E48*$F48," ")," ")," ") | T48: =IF(ISNUMBER(SEARCH("bench",$C48)),IF($D48>=0.6,IF($D48<0.7,$E48*$F48," ")," ")," ") | U48: =IF(ISNUMBER(SEARCH("bench",$C48)),IF($D48>=0.7,IF($D48<0.8,$E48*$F48," ")," ")," ") | V48: =IF(ISNUMBER(SEARCH("bench",$C48)),IF($D48>=0.8,IF($D48<0.9,$E48*$F48," ")," ")," ") -> 6 | W48: =IF(ISNUMBER(SEARCH("bench",$C48)),IF($D48>=0.9,$E48*$F48," ")," ")
C49: Board bench press | D49: 0.85 | E49: 2 | F49: 3 | G49: ='Start Here'!$F$22*D49 -> 85 | J49: =E49*F49 -> 6 | K49: =G49*J49 -> 510 | N49: =IF(ISNUMBER(SEARCH("squat",$C49)),IF($D49>=0.5,IF($D49<0.6,$E49*$F49," ")," ")," ") | O49: =IF(ISNUMBER(SEARCH("squat",$C49)),IF($D49>=0.6,IF($D49<0.7,$E49*$F49," ")," ")," ") | P49: =IF(ISNUMBER(SEARCH("squat",$C49)),IF($D49>=0.7,IF($D49<0.8,$E49*$F49," ")," ")," ") | Q49: =IF(ISNUMBER(SEARCH("squat",$C49)),IF($D49>=0.8,IF($D49<0.9,$E49*$F49," ")," ")," ") | R49: =IF(ISNUMBER(SEARCH("squat",$C49)),IF($D49>=0.9,$E49*$F49," ")," ") | S49: =IF(ISNUMBER(SEARCH("bench",$C49)),IF($D49>=0.5,IF($D49<0.6,$E49*$F49," ")," ")," ") | T49: =IF(ISNUMBER(SEARCH("bench",$C49)),IF($D49>=0.6,IF($D49<0.7,$E49*$F49," ")," ")," ") | U49: =IF(ISNUMBER(SEARCH("bench",$C49)),IF($D49>=0.7,IF($D49<0.8,$E49*$F49," ")," ")," ") | V49: =IF(ISNUMBER(SEARCH("bench",$C49)),IF($D49>=0.8,IF($D49<0.9,$E49*$F49," ")," ")," ") -> 6 | W49: =IF(ISNUMBER(SEARCH("bench",$C49)),IF($D49>=0.9,$E49*$F49," ")," ")
B50: 4 | C50: Chest muscles | E50: 8 | F50: 4
B51: 5 | C51: Hyperextension | E51: 8 | F51: 4
B53: Saturday | D53: % | E53: Reps | F53: Sets | G53: Weight | AC53: Notes:
B54: 1 | C54: Deficit deadlift | D54: 0.5 | E54: 3 | F54: 1 | G54: ='Start Here'!$F$23*D54 -> 50 | L54: =E54*F54 -> 3 | M54: =G54*L54 -> 150 | X54: =IF(ISNUMBER(SEARCH("deadlift",$C54)),IF($D54>=0.5,IF($D54<0.6,$E54*$F54," ")," ")," ") -> 3 | Y54: =IF(ISNUMBER(SEARCH("deadlift",$C54)),IF($D54>=0.6,IF($D54<0.7,$E54*$F54," ")," ")," ") | Z54: =IF(ISNUMBER(SEARCH("deadlift",$C54)),IF($D54>=0.7,IF($D54<0.8,$E54*$F54," ")," ")," ") | AA54: =IF(ISNUMBER(SEARCH("deadlift",$C54)),IF($D54>=0.8,IF($D54<0.9,$E54*$F54," ")," ")," ") | AB54: =IF(ISNUMBER(SEARCH("deadlift",$C54)),IF($D54>=0.9,$E54*$F54," ")," ")
C55: Deficit deadlift | D55: 0.6 | E55: 2 | F55: 4 | G55: ='Start Here'!$F$23*D55 -> 60 | L55: =E55*F55 -> 8 | M55: =G55*L55 -> 480 | X55: =IF(ISNUMBER(SEARCH("deadlift",$C55)),IF($D55>=0.5,IF($D55<0.6,$E55*$F55," ")," ")," ") | Y55: =IF(ISNUMBER(SEARCH("deadlift",$C55)),IF($D55>=0.6,IF($D55<0.7,$E55*$F55," ")," ")," ") -> 8 | Z55: =IF(ISNUMBER(SEARCH("deadlift",$C55)),IF($D55>=0.7,IF($D55<0.8,$E55*$F55," ")," ")," ") | AA55: =IF(ISNUMBER(SEARCH("deadlift",$C55)),IF($D55>=0.8,IF($D55<0.9,$E55*$F55," ")," ")," ") | AB55: =IF(ISNUMBER(SEARCH("deadlift",$C55)),IF($D55>=0.9,$E55*$F55," ")," ")
B56: 2 | C56: Incline Bench press | E56: 3 | F56: 5 | X56: =IF(ISNUMBER(SEARCH("deadlift",$C56)),IF($D56>=0.5,IF($D56<0.6,$E56*$F56," ")," ")," ") | Y56: =IF(ISNUMBER(SEARCH("deadlift",$C56)),IF($D56>=0.6,IF($D56<0.7,$E56*$F56," ")," ")," ") | Z56: =IF(ISNUMBER(SEARCH("deadlift",$C56)),IF($D56>=0.7,IF($D56<0.8,$E56*$F56," ")," ")," ") | AA56: =IF(ISNUMBER(SEARCH("deadlift",$C56)),IF($D56>=0.8,IF($D56<0.9,$E56*$F56," ")," ")," ") | AB56: =IF(ISNUMBER(SEARCH("deadlift",$C56)),IF($D56>=0.9,$E56*$F56," ")," ")
B57: 3 | C57: Deadlift off boxes, bar is 5-7cm below knees | D57: 0.55 | E57: 3 | F57: 1 | G57: ='Start Here'!$F$23*D57 -> 55 | L57: =E57*F57 -> 3 | M57: =G57*L57 -> 165 | X57: =IF(ISNUMBER(SEARCH("deadlift",$C57)),IF($D57>=0.5,IF($D57<0.6,$E57*$F57," ")," ")," ") -> 3 | Y57: =IF(ISNUMBER(SEARCH("deadlift",$C57)),IF($D57>=0.6,IF($D57<0.7,$E57*$F57," ")," ")," ") | Z57: =IF(ISNUMBER(SEARCH("deadlift",$C57)),IF($D57>=0.7,IF($D57<0.8,$E57*$F57," ")," ")," ") | AA57: =IF(ISNUMBER(SEARCH("deadlift",$C57)),IF($D57>=0.8,IF($D57<0.9,$E57*$F57," ")," ")," ") | AB57: =IF(ISNUMBER(SEARCH("deadlift",$C57)),IF($D57>=0.9,$E57*$F57," ")," ")
C58: Deadlift off boxes, bar is 5-7cm below knees | D58: 0.65 | E58: 3 | F58: 1 | G58: ='Start Here'!$F$23*D58 -> 65 | L58: =E58*F58 -> 3 | M58: =G58*L58 -> 195 | X58: =IF(ISNUMBER(SEARCH("deadlift",$C58)),IF($D58>=0.5,IF($D58<0.6,$E58*$F58," ")," ")," ") | Y58: =IF(ISNUMBER(SEARCH("deadlift",$C58)),IF($D58>=0.6,IF($D58<0.7,$E58*$F58," ")," ")," ") -> 3 | Z58: =IF(ISNUMBER(SEARCH("deadlift",$C58)),IF($D58>=0.7,IF($D58<0.8,$E58*$F58," ")," ")," ") | AA58: =IF(ISNUMBER(SEARCH("deadlift",$C58)),IF($D58>=0.8,IF($D58<0.9,$E58*$F58," ")," ")," ") | AB58: =IF(ISNUMBER(SEARCH("deadlift",$C58)),IF($D58>=0.9,$E58*$F58," ")," ")
C59: Deadlift off boxes, bar is 5-7cm below knees | D59: 0.75 | E59: 3 | F59: 2 | G59: ='Start Here'!$F$23*D59 -> 75 | L59: =E59*F59 -> 6 | M59: =G59*L59 -> 450 | X59: =IF(ISNUMBER(SEARCH("deadlift",$C59)),IF($D59>=0.5,IF($D59<0.6,$E59*$F59," ")," ")," ") | Y59: =IF(ISNUMBER(SEARCH("deadlift",$C59)),IF($D59>=0.6,IF($D59<0.7,$E59*$F59," ")," ")," ") | Z59: =IF(ISNUMBER(SEARCH("deadlift",$C59)),IF($D59>=0.7,IF($D59<0.8,$E59*$F59," ")," ")," ") -> 6 | AA59: =IF(ISNUMBER(SEARCH("deadlift",$C59)),IF($D59>=0.8,IF($D59<0.9,$E59*$F59," ")," ")," ") | AB59: =IF(ISNUMBER(SEARCH("deadlift",$C59)),IF($D59>=0.9,$E59*$F59," ")," ")
C60: Deadlift off boxes, bar is 5-7cm below knees | D60: 0.85 | E60: 2 | F60: 3 | G60: ='Start Here'!$F$23*D60 -> 85 | L60: =E60*F60 -> 6 | M60: =G60*L60 -> 510 | X60: =IF(ISNUMBER(SEARCH("deadlift",$C60)),IF($D60>=0.5,IF($D60<0.6,$E60*$F60," ")," ")," ") | Y60: =IF(ISNUMBER(SEARCH("deadlift",$C60)),IF($D60>=0.6,IF($D60<0.7,$E60*$F60," ")," ")," ") | Z60: =IF(ISNUMBER(SEARCH("deadlift",$C60)),IF($D60>=0.7,IF($D60<0.8,$E60*$F60," ")," ")," ") | AA60: =IF(ISNUMBER(SEARCH("deadlift",$C60)),IF($D60>=0.8,IF($D60<0.9,$E60*$F60," ")," ")," ") -> 6 | AB60: =IF(ISNUMBER(SEARCH("deadlift",$C60)),IF($D60>=0.9,$E60*$F60," ")," ")
B61: 4 | C61: Dip (with Weights) | E61: 4 | F61: 5
B62: 5 | C62: Leg press (80-90% of squat 1RM) | E62: 5 | F62: 5
B63: 6 | C63: Reverse hyperextension | E63: 8 | F63: 4
H64: =SUM(H7:H63) -> 52 | I64: =SUM(I7:I63) -> 3010 | J64: =SUM(J7:J63) -> 105 | K64: =SUM(K7:K63) -> 7140 | L64: =SUM(L7:L63) -> 61 | M64: =SUM(M7:M63) -> 4080 | N64: =SUM(N7:N63) -> 18 | O64: =SUM(O7:O63) -> 6 | ... AB64: =SUM(AB7:AB63) -> 0
B65: WEEK 2
B66: Monday | D66: % | E66: Reps | F66: Sets | G66: Weight | AC66: Notes:
B67: 1 | C67: Squat | D67: 0.5 | E67: 5 | F67: 1 | G67: ='Start Here'!$F$21*D67 -> 50 | H67: =E67*F67 -> 5 | I67: =G67*H67 -> 250 | N67: =IF(ISNUMBER(SEARCH("squat",$C67)),IF($D67>=0.5,IF($D67<0.6,$E67*$F67," ")," ")," ") -> 5 | O67: =IF(ISNUMBER(SEARCH("squat",$C67)),IF($D67>=0.6,IF($D67<0.7,$E67*$F67," ")," ")," ") | P67: =IF(ISNUMBER(SEARCH("squat",$C67)),IF($D67>=0.7,IF($D67<0.8,$E67*$F67," ")," ")," ") | Q67: =IF(ISNUMBER(SEARCH("squat",$C67)),IF($D67>=0.8,IF($D67<0.9,$E67*$F67," ")," ")," ") | R67: =IF(ISNUMBER(SEARCH("squat",$C67)),IF($D67>=0.9,$E67*$F67," ")," ") | S67: =IF(ISNUMBER(SEARCH("bench",$C67)),IF($D67>=0.5,IF($D67<0.6,$E67*$F67," ")," ")," ") | T67: =IF(ISNUMBER(SEARCH("bench",$C67)),IF($D67>=0.6,IF($D67<0.7,$E67*$F67," ")," ")," ") | U67: =IF(ISNUMBER(SEARCH("bench",$C67)),IF($D67>=0.7,IF($D67<0.8,$E67*$F67," ")," ")," ") | V67: =IF(ISNUMBER(SEARCH("bench",$C67)),IF($D67>=0.8,IF($D67<0.9,$E67*$F67," ")," ")," ") | W67: =IF(ISNUMBER(SEARCH("bench",$C67)),IF($D67>=0.9,$E67*$F67," ")," ")
C68: Squat | D68: 0.6 | E68: 4 | F68: 1 | G68: ='Start Here'!$F$21*D68 -> 60 | H68: =E68*F68 -> 4 | I68: =G68*H68 -> 240 | N68: =IF(ISNUMBER(SEARCH("squat",$C68)),IF($D68>=0.5,IF($D68<0.6,$E68*$F68," ")," ")," ") | O68: =IF(ISNUMBER(SEARCH("squat",$C68)),IF($D68>=0.6,IF($D68<0.7,$E68*$F68," ")," ")," ") -> 4 | P68: =IF(ISNUMBER(SEARCH("squat",$C68)),IF($D68>=0.7,IF($D68<0.8,$E68*$F68," ")," ")," ") | Q68: =IF(ISNUMBER(SEARCH("squat",$C68)),IF($D68>=0.8,IF($D68<0.9,$E68*$F68," ")," ")," ") | R68: =IF(ISNUMBER(SEARCH("squat",$C68)),IF($D68>=0.9,$E68*$F68," ")," ") | S68: =IF(ISNUMBER(SEARCH("bench",$C68)),IF($D68>=0.5,IF($D68<0.6,$E68*$F68," ")," ")," ") | T68: =IF(ISNUMBER(SEARCH("bench",$C68)),IF($D68>=0.6,IF($D68<0.7,$E68*$F68," ")," ")," ") | U68: =IF(ISNUMBER(SEARCH("bench",$C68)),IF($D68>=0.7,IF($D68<0.8,$E68*$F68," ")," ")," ") | V68: =IF(ISNUMBER(SEARCH("bench",$C68)),IF($D68>=0.8,IF($D68<0.9,$E68*$F68," ")," ")," ") | W68: =IF(ISNUMBER(SEARCH("bench",$C68)),IF($D68>=0.9,$E68*$F68," ")," ")
C69: Squat | D69: 0.7 | E69: 3 | F69: 1 | G69: ='Start Here'!$F$21*D69 -> 70 | H69: =E69*F69 -> 3 | I69: =G69*H69 -> 210 | N69: =IF(ISNUMBER(SEARCH("squat",$C69)),IF($D69>=0.5,IF($D69<0.6,$E69*$F69," ")," ")," ") | O69: =IF(ISNUMBER(SEARCH("squat",$C69)),IF($D69>=0.6,IF($D69<0.7,$E69*$F69," ")," ")," ") | P69: =IF(ISNUMBER(SEARCH("squat",$C69)),IF($D69>=0.7,IF($D69<0.8,$E69*$F69," ")," ")," ") -> 3 | Q69: =IF(ISNUMBER(SEARCH("squat",$C69)),IF($D69>=0.8,IF($D69<0.9,$E69*$F69," ")," ")," ") | R69: =IF(ISNUMBER(SEARCH("squat",$C69)),IF($D69>=0.9,$E69*$F69," ")," ") | S69: =IF(ISNUMBER(SEARCH("bench",$C69)),IF($D69>=0.5,IF($D69<0.6,$E69*$F69," ")," ")," ") | T69: =IF(ISNUMBER(SEARCH("bench",$C69)),IF($D69>=0.6,IF($D69<0.7,$E69*$F69," ")," ")," ") | U69: =IF(ISNUMBER(SEARCH("bench",$C69)),IF($D69>=0.7,IF($D69<0.8,$E69*$F69," ")," ")," ") | V69: =IF(ISNUMBER(SEARCH("bench",$C69)),IF($D69>=0.8,IF($D69<0.9,$E69*$F69," ")," ")," ") | W69: =IF(ISNUMBER(SEARCH("bench",$C69)),IF($D69>=0.9,$E69*$F69," ")," ")
C70: Squat | D70: 0.75 | E70: 3 | F70: 1 | G70: ='Start Here'!$F$21*D70 -> 75 | H70: =E70*F70 -> 3 | I70: =G70*H70 -> 225 | N70: =IF(ISNUMBER(SEARCH("squat",$C70)),IF($D70>=0.5,IF($D70<0.6,$E70*$F70," ")," ")," ") | O70: =IF(ISNUMBER(SEARCH("squat",$C70)),IF($D70>=0.6,IF($D70<0.7,$E70*$F70," ")," ")," ") | P70: =IF(ISNUMBER(SEARCH("squat",$C70)),IF($D70>=0.7,IF($D70<0.8,$E70*$F70," ")," ")," ") -> 3 | Q70: =IF(ISNUMBER(SEARCH("squat",$C70)),IF($D70>=0.8,IF($D70<0.9,$E70*$F70," ")," ")," ") | R70: =IF(ISNUMBER(SEARCH("squat",$C70)),IF($D70>=0.9,$E70*$F70," ")," ") | S70: =IF(ISNUMBER(SEARCH("bench",$C70)),IF($D70>=0.5,IF($D70<0.6,$E70*$F70," ")," ")," ") | T70: =IF(ISNUMBER(SEARCH("bench",$C70)),IF($D70>=0.6,IF($D70<0.7,$E70*$F70," ")," ")," ") | U70: =IF(ISNUMBER(SEARCH("bench",$C70)),IF($D70>=0.7,IF($D70<0.8,$E70*$F70," ")," ")," ") | V70: =IF(ISNUMBER(SEARCH("bench",$C70)),IF($D70>=0.8,IF($D70<0.9,$E70*$F70," ")," ")," ") | W70: =IF(ISNUMBER(SEARCH("bench",$C70)),IF($D70>=0.9,$E70*$F70," ")," ")
C71: Squat | D71: 0.8 | E71: 2 | F71: 5 | G71: ='Start Here'!$F$21*D71 -> 80 | H71: =E71*F71 -> 10 | I71: =G71*H71 -> 800 | N71: =IF(ISNUMBER(SEARCH("squat",$C71)),IF($D71>=0.5,IF($D71<0.6,$E71*$F71," ")," ")," ") | O71: =IF(ISNUMBER(SEARCH("squat",$C71)),IF($D71>=0.6,IF($D71<0.7,$E71*$F71," ")," ")," ") | P71: =IF(ISNUMBER(SEARCH("squat",$C71)),IF($D71>=0.7,IF($D71<0.8,$E71*$F71," ")," ")," ") | Q71: =IF(ISNUMBER(SEARCH("squat",$C71)),IF($D71>=0.8,IF($D71<0.9,$E71*$F71," ")," ")," ") -> 10 | R71: =IF(ISNUMBER(SEARCH("squat",$C71)),IF($D71>=0.9,$E71*$F71," ")," ") | S71: =IF(ISNUMBER(SEARCH("bench",$C71)),IF($D71>=0.5,IF($D71<0.6,$E71*$F71," ")," ")," ") | T71: =IF(ISNUMBER(SEARCH("bench",$C71)),IF($D71>=0.6,IF($D71<0.7,$E71*$F71," ")," ")," ") | U71: =IF(ISNUMBER(SEARCH("bench",$C71)),IF($D71>=0.7,IF($D71<0.8,$E71*$F71," ")," ")," ") | V71: =IF(ISNUMBER(SEARCH("bench",$C71)),IF($D71>=0.8,IF($D71<0.9,$E71*$F71," ")," ")," ") | W71: =IF(ISNUMBER(SEARCH("bench",$C71)),IF($D71>=0.9,$E71*$F71," ")," ")
B72: 2 | C72: Bench press | D72: 0.5 | E72: 5 | F72: 1 | G72: ='Start Here'!$F$22*D72 -> 50 | J72: =E72*F72 -> 5 | K72: =G72*J72 -> 250 | N72: =IF(ISNUMBER(SEARCH("squat",$C72)),IF($D72>=0.5,IF($D72<0.6,$E72*$F72," ")," ")," ") | O72: =IF(ISNUMBER(SEARCH("squat",$C72)),IF($D72>=0.6,IF($D72<0.7,$E72*$F72," ")," ")," ") | P72: =IF(ISNUMBER(SEARCH("squat",$C72)),IF($D72>=0.7,IF($D72<0.8,$E72*$F72," ")," ")," ") | Q72: =IF(ISNUMBER(SEARCH("squat",$C72)),IF($D72>=0.8,IF($D72<0.9,$E72*$F72," ")," ")," ") | R72: =IF(ISNUMBER(SEARCH("squat",$C72)),IF($D72>=0.9,$E72*$F72," ")," ") | S72: =IF(ISNUMBER(SEARCH("bench",$C72)),IF($D72>=0.5,IF($D72<0.6,$E72*$F72," ")," ")," ") -> 5 | T72: =IF(ISNUMBER(SEARCH("bench",$C72)),IF($D72>=0.6,IF($D72<0.7,$E72*$F72," ")," ")," ") | U72: =IF(ISNUMBER(SEARCH("bench",$C72)),IF($D72>=0.7,IF($D72<0.8,$E72*$F72," ")," ")," ") | V72: =IF(ISNUMBER(SEARCH("bench",$C72)),IF($D72>=0.8,IF($D72<0.9,$E72*$F72," ")," ")," ") | W72: =IF(ISNUMBER(SEARCH("bench",$C72)),IF($D72>=0.9,$E72*$F72," ")," ")
C73: Bench press | D73: 0.6 | E73: 4 | F73: 1 | G73: ='Start Here'!$F$22*D73 -> 60 | J73: =E73*F73 -> 4 | K73: =G73*J73 -> 240 | N73: =IF(ISNUMBER(SEARCH("squat",$C73)),IF($D73>=0.5,IF($D73<0.6,$E73*$F73," ")," ")," ") | O73: =IF(ISNUMBER(SEARCH("squat",$C73)),IF($D73>=0.6,IF($D73<0.7,$E73*$F73," ")," ")," ") | P73: =IF(ISNUMBER(SEARCH("squat",$C73)),IF($D73>=0.7,IF($D73<0.8,$E73*$F73," ")," ")," ") | Q73: =IF(ISNUMBER(SEARCH("squat",$C73)),IF($D73>=0.8,IF($D73<0.9,$E73*$F73," ")," ")," ") | R73: =IF(ISNUMBER(SEARCH("squat",$C73)),IF($D73>=0.9,$E73*$F73," ")," ") | S73: =IF(ISNUMBER(SEARCH("bench",$C73)),IF($D73>=0.5,IF($D73<0.6,$E73*$F73," ")," ")," ") | T73: =IF(ISNUMBER(SEARCH("bench",$C73)),IF($D73>=0.6,IF($D73<0.7,$E73*$F73," ")," ")," ") -> 4 | U73: =IF(ISNUMBER(SEARCH("bench",$C73)),IF($D73>=0.7,IF($D73<0.8,$E73*$F73," ")," ")," ") | V73: =IF(ISNUMBER(SEARCH("bench",$C73)),IF($D73>=0.8,IF($D73<0.9,$E73*$F73," ")," ")," ") | W73: =IF(ISNUMBER(SEARCH("bench",$C73)),IF($D73>=0.9,$E73*$F73," ")," ")
C74: Bench press | D74: 0.7 | E74: 3 | F74: 1 | G74: ='Start Here'!$F$22*D74 -> 70 | J74: =E74*F74 -> 3 | K74: =G74*J74 -> 210 | N74: =IF(ISNUMBER(SEARCH("squat",$C74)),IF($D74>=0.5,IF($D74<0.6,$E74*$F74," ")," ")," ") | O74: =IF(ISNUMBER(SEARCH("squat",$C74)),IF($D74>=0.6,IF($D74<0.7,$E74*$F74," ")," ")," ") | P74: =IF(ISNUMBER(SEARCH("squat",$C74)),IF($D74>=0.7,IF($D74<0.8,$E74*$F74," ")," ")," ") | Q74: =IF(ISNUMBER(SEARCH("squat",$C74)),IF($D74>=0.8,IF($D74<0.9,$E74*$F74," ")," ")," ") | R74: =IF(ISNUMBER(SEARCH("squat",$C74)),IF($D74>=0.9,$E74*$F74," ")," ") | S74: =IF(ISNUMBER(SEARCH("bench",$C74)),IF($D74>=0.5,IF($D74<0.6,$E74*$F74," ")," ")," ") | T74: =IF(ISNUMBER(SEARCH("bench",$C74)),IF($D74>=0.6,IF($D74<0.7,$E74*$F74," ")," ")," ") | U74: =IF(ISNUMBER(SEARCH("bench",$C74)),IF($D74>=0.7,IF($D74<0.8,$E74*$F74," ")," ")," ") -> 3 | V74: =IF(ISNUMBER(SEARCH("bench",$C74)),IF($D74>=0.8,IF($D74<0.9,$E74*$F74," ")," ")," ") | W74: =IF(ISNUMBER(SEARCH("bench",$C74)),IF($D74>=0.9,$E74*$F74," ")," ")
C75: Bench press | D75: 0.8 | E75: 2 | F75: 5 | G75: ='Start Here'!$F$22*D75 -> 80 | J75: =E75*F75 -> 10 | K75: =G75*J75 -> 800 | N75: =IF(ISNUMBER(SEARCH("squat",$C75)),IF($D75>=0.5,IF($D75<0.6,$E75*$F75," ")," ")," ") | O75: =IF(ISNUMBER(SEARCH("squat",$C75)),IF($D75>=0.6,IF($D75<0.7,$E75*$F75," ")," ")," ") | P75: =IF(ISNUMBER(SEARCH("squat",$C75)),IF($D75>=0.7,IF($D75<0.8,$E75*$F75," ")," ")," ") | Q75: =IF(ISNUMBER(SEARCH("squat",$C75)),IF($D75>=0.8,IF($D75<0.9,$E75*$F75," ")," ")," ") | R75: =IF(ISNUMBER(SEARCH("squat",$C75)),IF($D75>=0.9,$E75*$F75," ")," ") | S75: =IF(ISNUMBER(SEARCH("bench",$C75)),IF($D75>=0.5,IF($D75<0.6,$E75*$F75," ")," ")," ") | T75: =IF(ISNUMBER(SEARCH("bench",$C75)),IF($D75>=0.6,IF($D75<0.7,$E75*$F75," ")," ")," ") | U75: =IF(ISNUMBER(SEARCH("bench",$C75)),IF($D75>=0.7,IF($D75<0.8,$E75*$F75," ")," ")," ") | V75: =IF(ISNUMBER(SEARCH("bench",$C75)),IF($D75>=0.8,IF($D75<0.9,$E75*$F75," ")," ")," ") -> 10 | W75: =IF(ISNUMBER(SEARCH("bench",$C75)),IF($D75>=0.9,$E75*$F75," ")," ")
B76: 3 | C76: French press lying | E76: 6 | F76: 5
B77: 4 | C77: Chest muscles | E77: 8 | F77: 4
B78: 5 | C78: Hyperextension | E78: 8 | F78: 4
B80: Wednesday | D80: % | E80: Reps | F80: Sets | G80: Weight | AC80: Notes:
B81: 1 | C81: Bench press w/chains plus 8-10 kg to each side in addition to this Weight | D81: 0.5 | E81: 3 | F81: 1 | G81: ='Start Here'!$F$22*D81 -> 50 | J81: =E81*F81 -> 3 | K81: =G81*J81 -> 150 | S81: =IF(ISNUMBER(SEARCH("bench",$C81)),IF($D81>=0.5,IF($D81<0.6,$E81*$F81," ")," ")," ") -> 3 | T81: =IF(ISNUMBER(SEARCH("bench",$C81)),IF($D81>=0.6,IF($D81<0.7,$E81*$F81," ")," ")," ") | U81: =IF(ISNUMBER(SEARCH("bench",$C81)),IF($D81>=0.7,IF($D81<0.8,$E81*$F81," ")," ")," ") | V81: =IF(ISNUMBER(SEARCH("bench",$C81)),IF($D81>=0.8,IF($D81<0.9,$E81*$F81," ")," ")," ") | W81: =IF(ISNUMBER(SEARCH("bench",$C81)),IF($D81>=0.9,$E81*$F81," ")," ") | X81: =IF(ISNUMBER(SEARCH("deadlift",$C81)),IF($D81>=0.5,IF($D81<0.6,$E81*$F81," ")," ")," ") | Y81: =IF(ISNUMBER(SEARCH("deadlift",$C81)),IF($D81>=0.6,IF($D81<0.7,$E81*$F81," ")," ")," ") | Z81: =IF(ISNUMBER(SEARCH("deadlift",$C81)),IF($D81>=0.7,IF($D81<0.8,$E81*$F81," ")," ")," ") | AA81: =IF(ISNUMBER(SEARCH("deadlift",$C81)),IF($D81>=0.8,IF($D81<0.9,$E81*$F81," ")," ")," ") | AB81: =IF(ISNUMBER(SEARCH("deadlift",$C81)),IF($D81>=0.9,$E81*$F81," ")," ")
C82: Bench press w/chains plus 8-10 kg to each side in addition to this Weight | D82: 0.6 | E82: 3 | F82: 1 | G82: ='Start Here'!$F$22*D82 -> 60 | J82: =E82*F82 -> 3 | K82: =G82*J82 -> 180 | S82: =IF(ISNUMBER(SEARCH("bench",$C82)),IF($D82>=0.5,IF($D82<0.6,$E82*$F82," ")," ")," ") | T82: =IF(ISNUMBER(SEARCH("bench",$C82)),IF($D82>=0.6,IF($D82<0.7,$E82*$F82," ")," ")," ") -> 3 | U82: =IF(ISNUMBER(SEARCH("bench",$C82)),IF($D82>=0.7,IF($D82<0.8,$E82*$F82," ")," ")," ") | V82: =IF(ISNUMBER(SEARCH("bench",$C82)),IF($D82>=0.8,IF($D82<0.9,$E82*$F82," ")," ")," ") | W82: =IF(ISNUMBER(SEARCH("bench",$C82)),IF($D82>=0.9,$E82*$F82," ")," ") | X82: =IF(ISNUMBER(SEARCH("deadlift",$C82)),IF($D82>=0.5,IF($D82<0.6,$E82*$F82," ")," ")," ") | Y82: =IF(ISNUMBER(SEARCH("deadlift",$C82)),IF($D82>=0.6,IF($D82<0.7,$E82*$F82," ")," ")," ") | Z82: =IF(ISNUMBER(SEARCH("deadlift",$C82)),IF($D82>=0.7,IF($D82<0.8,$E82*$F82," ")," ")," ") | AA82: =IF(ISNUMBER(SEARCH("deadlift",$C82)),IF($D82>=0.8,IF($D82<0.9,$E82*$F82," ")," ")," ") | AB82: =IF(ISNUMBER(SEARCH("deadlift",$C82)),IF($D82>=0.9,$E82*$F82," ")," ")
C83: Bench press w/chains plus 8-10 kg to each side in addition to this Weight | D83: 0.7 | E83: 3 | F83: 5 | G83: ='Start Here'!$F$22*D83 -> 70 | J83: =E83*F83 -> 15 | K83: =G83*J83 -> 1050 | S83: =IF(ISNUMBER(SEARCH("bench",$C83)),IF($D83>=0.5,IF($D83<0.6,$E83*$F83," ")," ")," ") | T83: =IF(ISNUMBER(SEARCH("bench",$C83)),IF($D83>=0.6,IF($D83<0.7,$E83*$F83," ")," ")," ") | U83: =IF(ISNUMBER(SEARCH("bench",$C83)),IF($D83>=0.7,IF($D83<0.8,$E83*$F83," ")," ")," ") -> 15 | V83: =IF(ISNUMBER(SEARCH("bench",$C83)),IF($D83>=0.8,IF($D83<0.9,$E83*$F83," ")," ")," ") | W83: =IF(ISNUMBER(SEARCH("bench",$C83)),IF($D83>=0.9,$E83*$F83," ")," ") | X83: =IF(ISNUMBER(SEARCH("deadlift",$C83)),IF($D83>=0.5,IF($D83<0.6,$E83*$F83," ")," ")," ") | Y83: =IF(ISNUMBER(SEARCH("deadlift",$C83)),IF($D83>=0.6,IF($D83<0.7,$E83*$F83," ")," ")," ") | Z83: =IF(ISNUMBER(SEARCH("deadlift",$C83)),IF($D83>=0.7,IF($D83<0.8,$E83*$F83," ")," ")," ") | AA83: =IF(ISNUMBER(SEARCH("deadlift",$C83)),IF($D83>=0.8,IF($D83<0.9,$E83*$F83," ")," ")," ") | AB83: =IF(ISNUMBER(SEARCH("deadlift",$C83)),IF($D83>=0.9,$E83*$F83," ")," ")
B84: 2 | C84: Deadlift w/pause 5-7cm below knees | D84: 0.5 | E84: 3 | F84: 1 | G84: ='Start Here'!$F$23*D84 -> 50 | L84: =E84*F84 -> 3 | M84: =G84*L84 -> 150 | S84: =IF(ISNUMBER(SEARCH("bench",$C84)),IF($D84>=0.5,IF($D84<0.6,$E84*$F84," ")," ")," ") | T84: =IF(ISNUMBER(SEARCH("bench",$C84)),IF($D84>=0.6,IF($D84<0.7,$E84*$F84," ")," ")," ") | U84: =IF(ISNUMBER(SEARCH("bench",$C84)),IF($D84>=0.7,IF($D84<0.8,$E84*$F84," ")," ")," ") | V84: =IF(ISNUMBER(SEARCH("bench",$C84)),IF($D84>=0.8,IF($D84<0.9,$E84*$F84," ")," ")," ") | W84: =IF(ISNUMBER(SEARCH("bench",$C84)),IF($D84>=0.9,$E84*$F84," ")," ") | X84: =IF(ISNUMBER(SEARCH("deadlift",$C84)),IF($D84>=0.5,IF($D84<0.6,$E84*$F84," ")," ")," ") -> 3 | Y84: =IF(ISNUMBER(SEARCH("deadlift",$C84)),IF($D84>=0.6,IF($D84<0.7,$E84*$F84," ")," ")," ") | Z84: =IF(ISNUMBER(SEARCH("deadlift",$C84)),IF($D84>=0.7,IF($D84<0.8,$E84*$F84," ")," ")," ") | AA84: =IF(ISNUMBER(SEARCH("deadlift",$C84)),IF($D84>=0.8,IF($D84<0.9,$E84*$F84," ")," ")," ") | AB84: =IF(ISNUMBER(SEARCH("deadlift",$C84)),IF($D84>=0.9,$E84*$F84," ")," ")
C85: Deadlift w/pause 5-7cm below knees | D85: 0.6 | E85: 3 | F85: 1 | G85: ='Start Here'!$F$23*D85 -> 60 | L85: =E85*F85 -> 3 | M85: =G85*L85 -> 180 | S85: =IF(ISNUMBER(SEARCH("bench",$C85)),IF($D85>=0.5,IF($D85<0.6,$E85*$F85," ")," ")," ") | T85: =IF(ISNUMBER(SEARCH("bench",$C85)),IF($D85>=0.6,IF($D85<0.7,$E85*$F85," ")," ")," ") | U85: =IF(ISNUMBER(SEARCH("bench",$C85)),IF($D85>=0.7,IF($D85<0.8,$E85*$F85," ")," ")," ") | V85: =IF(ISNUMBER(SEARCH("bench",$C85)),IF($D85>=0.8,IF($D85<0.9,$E85*$F85," ")," ")," ") | W85: =IF(ISNUMBER(SEARCH("bench",$C85)),IF($D85>=0.9,$E85*$F85," ")," ") | X85: =IF(ISNUMBER(SEARCH("deadlift",$C85)),IF($D85>=0.5,IF($D85<0.6,$E85*$F85," ")," ")," ") | Y85: =IF(ISNUMBER(SEARCH("deadlift",$C85)),IF($D85>=0.6,IF($D85<0.7,$E85*$F85," ")," ")," ") -> 3 | Z85: =IF(ISNUMBER(SEARCH("deadlift",$C85)),IF($D85>=0.7,IF($D85<0.8,$E85*$F85," ")," ")," ") | AA85: =IF(ISNUMBER(SEARCH("deadlift",$C85)),IF($D85>=0.8,IF($D85<0.9,$E85*$F85," ")," ")," ") | AB85: =IF(ISNUMBER(SEARCH("deadlift",$C85)),IF($D85>=0.9,$E85*$F85," ")," ")
C86: Deadlift w/pause 5-7cm below knees | D86: 0.7 | E86: 3 | F86: 1 | G86: ='Start Here'!$F$23*D86 -> 70 | L86: =E86*F86 -> 3 | M86: =G86*L86 -> 210 | S86: =IF(ISNUMBER(SEARCH("bench",$C86)),IF($D86>=0.5,IF($D86<0.6,$E86*$F86," ")," ")," ") | T86: =IF(ISNUMBER(SEARCH("bench",$C86)),IF($D86>=0.6,IF($D86<0.7,$E86*$F86," ")," ")," ") | U86: =IF(ISNUMBER(SEARCH("bench",$C86)),IF($D86>=0.7,IF($D86<0.8,$E86*$F86," ")," ")," ") | V86: =IF(ISNUMBER(SEARCH("bench",$C86)),IF($D86>=0.8,IF($D86<0.9,$E86*$F86," ")," ")," ") | W86: =IF(ISNUMBER(SEARCH("bench",$C86)),IF($D86>=0.9,$E86*$F86," ")," ") | X86: =IF(ISNUMBER(SEARCH("deadlift",$C86)),IF($D86>=0.5,IF($D86<0.6,$E86*$F86," ")," ")," ") | Y86: =IF(ISNUMBER(SEARCH("deadlift",$C86)),IF($D86>=0.6,IF($D86<0.7,$E86*$F86," ")," ")," ") | Z86: =IF(ISNUMBER(SEARCH("deadlift",$C86)),IF($D86>=0.7,IF($D86<0.8,$E86*$F86," ")," ")," ") -> 3 | AA86: =IF(ISNUMBER(SEARCH("deadlift",$C86)),IF($D86>=0.8,IF($D86<0.9,$E86*$F86," ")," ")," ") | AB86: =IF(ISNUMBER(SEARCH("deadlift",$C86)),IF($D86>=0.9,$E86*$F86," ")," ")
C87: Deadlift w/pause 5-7cm below knees | D87: 0.75 | E87: 2 | F87: 5 | G87: ='Start Here'!$F$23*D87 -> 75 | L87: =E87*F87 -> 10 | M87: =G87*L87 -> 750 | S87: =IF(ISNUMBER(SEARCH("bench",$C87)),IF($D87>=0.5,IF($D87<0.6,$E87*$F87," ")," ")," ") | T87: =IF(ISNUMBER(SEARCH("bench",$C87)),IF($D87>=0.6,IF($D87<0.7,$E87*$F87," ")," ")," ") | U87: =IF(ISNUMBER(SEARCH("bench",$C87)),IF($D87>=0.7,IF($D87<0.8,$E87*$F87," ")," ")," ") | V87: =IF(ISNUMBER(SEARCH("bench",$C87)),IF($D87>=0.8,IF($D87<0.9,$E87*$F87," ")," ")," ") | W87: =IF(ISNUMBER(SEARCH("bench",$C87)),IF($D87>=0.9,$E87*$F87," ")," ") | X87: =IF(ISNUMBER(SEARCH("deadlift",$C87)),IF($D87>=0.5,IF($D87<0.6,$E87*$F87," ")," ")," ") | Y87: =IF(ISNUMBER(SEARCH("deadlift",$C87)),IF($D87>=0.6,IF($D87<0.7,$E87*$F87," ")," ")," ") | Z87: =IF(ISNUMBER(SEARCH("deadlift",$C87)),IF($D87>=0.7,IF($D87<0.8,$E87*$F87," ")," ")," ") -> 10 | AA87: =IF(ISNUMBER(SEARCH("deadlift",$C87)),IF($D87>=0.8,IF($D87<0.9,$E87*$F87," ")," ")," ") | AB87: =IF(ISNUMBER(SEARCH("deadlift",$C87)),IF($D87>=0.9,$E87*$F87," ")," ")
B88: 3 | C88: Delts | E88: 6 | F88: 5
B89: 4 | C89: Leg extension (1 sec pause every rep | E89: 6 | F89: 5
C90: at the top)
B91: 5 | C91: Abs | E91: 8 | F91: 4
B93: Friday | D93: % | E93: Reps | F93: Sets | G93: Weight | AC93: Notes:
B94: 1 | C94: Front squat | D94: 0.3 | E94: 4 | F94: 1 | G94: ='Start Here'!$F$21*D94 -> 30 | H94: =E94*F94 -> 4 | I94: =G94*H94 -> 120 | N94: =IF(ISNUMBER(SEARCH("squat",$C94)),IF($D94>=0.5,IF($D94<0.6,$E94*$F94," ")," ")," ") | O94: =IF(ISNUMBER(SEARCH("squat",$C94)),IF($D94>=0.6,IF($D94<0.7,$E94*$F94," ")," ")," ") | P94: =IF(ISNUMBER(SEARCH("squat",$C94)),IF($D94>=0.7,IF($D94<0.8,$E94*$F94," ")," ")," ") | Q94: =IF(ISNUMBER(SEARCH("squat",$C94)),IF($D94>=0.8,IF($D94<0.9,$E94*$F94," ")," ")," ") | R94: =IF(ISNUMBER(SEARCH("squat",$C94)),IF($D94>=0.9,$E94*$F94," ")," ") | S94: =IF(ISNUMBER(SEARCH("bench",$C94)),IF($D94>=0.5,IF($D94<0.6,$E94*$F94," ")," ")," ") | T94: =IF(ISNUMBER(SEARCH("bench",$C94)),IF($D94>=0.6,IF($D94<0.7,$E94*$F94," ")," ")," ") | U94: =IF(ISNUMBER(SEARCH("bench",$C94)),IF($D94>=0.7,IF($D94<0.8,$E94*$F94," ")," ")," ") | V94: =IF(ISNUMBER(SEARCH("bench",$C94)),IF($D94>=0.8,IF($D94<0.9,$E94*$F94," ")," ")," ") | W94: =IF(ISNUMBER(SEARCH("bench",$C94)),IF($D94>=0.9,$E94*$F94," ")," ")
C95: Front squat | D95: 0.4 | E95: 4 | F95: 1 | G95: ='Start Here'!$F$21*D95 -> 40 | H95: =E95*F95 -> 4 | I95: =G95*H95 -> 160 | N95: =IF(ISNUMBER(SEARCH("squat",$C95)),IF($D95>=0.5,IF($D95<0.6,$E95*$F95," ")," ")," ") | O95: =IF(ISNUMBER(SEARCH("squat",$C95)),IF($D95>=0.6,IF($D95<0.7,$E95*$F95," ")," ")," ") | P95: =IF(ISNUMBER(SEARCH("squat",$C95)),IF($D95>=0.7,IF($D95<0.8,$E95*$F95," ")," ")," ") | Q95: =IF(ISNUMBER(SEARCH("squat",$C95)),IF($D95>=0.8,IF($D95<0.9,$E95*$F95," ")," ")," ") | R95: =IF(ISNUMBER(SEARCH("squat",$C95)),IF($D95>=0.9,$E95*$F95," ")," ") | S95: =IF(ISNUMBER(SEARCH("bench",$C95)),IF($D95>=0.5,IF($D95<0.6,$E95*$F95," ")," ")," ") | T95: =IF(ISNUMBER(SEARCH("bench",$C95)),IF($D95>=0.6,IF($D95<0.7,$E95*$F95," ")," ")," ") | U95: =IF(ISNUMBER(SEARCH("bench",$C95)),IF($D95>=0.7,IF($D95<0.8,$E95*$F95," ")," ")," ") | V95: =IF(ISNUMBER(SEARCH("bench",$C95)),IF($D95>=0.8,IF($D95<0.9,$E95*$F95," ")," ")," ") | W95: =IF(ISNUMBER(SEARCH("bench",$C95)),IF($D95>=0.9,$E95*$F95," ")," ")
C96: Front squat | D96: 0.5 | E96: 4 | F96: 4 | G96: ='Start Here'!$F$21*D96 -> 50 | H96: =E96*F96 -> 16 | I96: =G96*H96 -> 800 | N96: =IF(ISNUMBER(SEARCH("squat",$C96)),IF($D96>=0.5,IF($D96<0.6,$E96*$F96," ")," ")," ") -> 16 | O96: =IF(ISNUMBER(SEARCH("squat",$C96)),IF($D96>=0.6,IF($D96<0.7,$E96*$F96," ")," ")," ") | P96: =IF(ISNUMBER(SEARCH("squat",$C96)),IF($D96>=0.7,IF($D96<0.8,$E96*$F96," ")," ")," ") | Q96: =IF(ISNUMBER(SEARCH("squat",$C96)),IF($D96>=0.8,IF($D96<0.9,$E96*$F96," ")," ")," ") | R96: =IF(ISNUMBER(SEARCH("squat",$C96)),IF($D96>=0.9,$E96*$F96," ")," ") | S96: =IF(ISNUMBER(SEARCH("bench",$C96)),IF($D96>=0.5,IF($D96<0.6,$E96*$F96," ")," ")," ") | T96: =IF(ISNUMBER(SEARCH("bench",$C96)),IF($D96>=0.6,IF($D96<0.7,$E96*$F96," ")," ")," ") | U96: =IF(ISNUMBER(SEARCH("bench",$C96)),IF($D96>=0.7,IF($D96<0.8,$E96*$F96," ")," ")," ") | V96: =IF(ISNUMBER(SEARCH("bench",$C96)),IF($D96>=0.8,IF($D96<0.9,$E96*$F96," ")," ")," ") | W96: =IF(ISNUMBER(SEARCH("bench",$C96)),IF($D96>=0.9,$E96*$F96," ")," ")
B97: 2 | C97: Board bench press | D97: 0.6 | E97: 3 | F97: 1 | G97: ='Start Here'!$F$22*D97 -> 60 | J97: =E97*F97 -> 3 | K97: =G97*J97 -> 180 | N97: =IF(ISNUMBER(SEARCH("squat",$C97)),IF($D97>=0.5,IF($D97<0.6,$E97*$F97," ")," ")," ") | O97: =IF(ISNUMBER(SEARCH("squat",$C97)),IF($D97>=0.6,IF($D97<0.7,$E97*$F97," ")," ")," ") | P97: =IF(ISNUMBER(SEARCH("squat",$C97)),IF($D97>=0.7,IF($D97<0.8,$E97*$F97," ")," ")," ") | Q97: =IF(ISNUMBER(SEARCH("squat",$C97)),IF($D97>=0.8,IF($D97<0.9,$E97*$F97," ")," ")," ") | R97: =IF(ISNUMBER(SEARCH("squat",$C97)),IF($D97>=0.9,$E97*$F97," ")," ") | S97: =IF(ISNUMBER(SEARCH("bench",$C97)),IF($D97>=0.5,IF($D97<0.6,$E97*$F97," ")," ")," ") | T97: =IF(ISNUMBER(SEARCH("bench",$C97)),IF($D97>=0.6,IF($D97<0.7,$E97*$F97," ")," ")," ") -> 3 | U97: =IF(ISNUMBER(SEARCH("bench",$C97)),IF($D97>=0.7,IF($D97<0.8,$E97*$F97," ")," ")," ") | V97: =IF(ISNUMBER(SEARCH("bench",$C97)),IF($D97>=0.8,IF($D97<0.9,$E97*$F97," ")," ")," ") | W97: =IF(ISNUMBER(SEARCH("bench",$C97)),IF($D97>=0.9,$E97*$F97," ")," ")
C98: Board bench press | D98: 0.7 | E98: 3 | F98: 1 | G98: ='Start Here'!$F$22*D98 -> 70 | J98: =E98*F98 -> 3 | K98: =G98*J98 -> 210 | N98: =IF(ISNUMBER(SEARCH("squat",$C98)),IF($D98>=0.5,IF($D98<0.6,$E98*$F98," ")," ")," ") | O98: =IF(ISNUMBER(SEARCH("squat",$C98)),IF($D98>=0.6,IF($D98<0.7,$E98*$F98," ")," ")," ") | P98: =IF(ISNUMBER(SEARCH("squat",$C98)),IF($D98>=0.7,IF($D98<0.8,$E98*$F98," ")," ")," ") | Q98: =IF(ISNUMBER(SEARCH("squat",$C98)),IF($D98>=0.8,IF($D98<0.9,$E98*$F98," ")," ")," ") | R98: =IF(ISNUMBER(SEARCH("squat",$C98)),IF($D98>=0.9,$E98*$F98," ")," ") | S98: =IF(ISNUMBER(SEARCH("bench",$C98)),IF($D98>=0.5,IF($D98<0.6,$E98*$F98," ")," ")," ") | T98: =IF(ISNUMBER(SEARCH("bench",$C98)),IF($D98>=0.6,IF($D98<0.7,$E98*$F98," ")," ")," ") | U98: =IF(ISNUMBER(SEARCH("bench",$C98)),IF($D98>=0.7,IF($D98<0.8,$E98*$F98," ")," ")," ") -> 3 | V98: =IF(ISNUMBER(SEARCH("bench",$C98)),IF($D98>=0.8,IF($D98<0.9,$E98*$F98," ")," ")," ") | W98: =IF(ISNUMBER(SEARCH("bench",$C98)),IF($D98>=0.9,$E98*$F98," ")," ")
C99: Board bench press | D99: 0.8 | E99: 3 | F99: 1 | G99: ='Start Here'!$F$22*D99 -> 80 | J99: =E99*F99 -> 3 | K99: =G99*J99 -> 240 | N99: =IF(ISNUMBER(SEARCH("squat",$C99)),IF($D99>=0.5,IF($D99<0.6,$E99*$F99," ")," ")," ") | O99: =IF(ISNUMBER(SEARCH("squat",$C99)),IF($D99>=0.6,IF($D99<0.7,$E99*$F99," ")," ")," ") | P99: =IF(ISNUMBER(SEARCH("squat",$C99)),IF($D99>=0.7,IF($D99<0.8,$E99*$F99," ")," ")," ") | Q99: =IF(ISNUMBER(SEARCH("squat",$C99)),IF($D99>=0.8,IF($D99<0.9,$E99*$F99," ")," ")," ") | R99: =IF(ISNUMBER(SEARCH("squat",$C99)),IF($D99>=0.9,$E99*$F99," ")," ") | S99: =IF(ISNUMBER(SEARCH("bench",$C99)),IF($D99>=0.5,IF($D99<0.6,$E99*$F99," ")," ")," ") | T99: =IF(ISNUMBER(SEARCH("bench",$C99)),IF($D99>=0.6,IF($D99<0.7,$E99*$F99," ")," ")," ") | U99: =IF(ISNUMBER(SEARCH("bench",$C99)),IF($D99>=0.7,IF($D99<0.8,$E99*$F99," ")," ")," ") | V99: =IF(ISNUMBER(SEARCH("bench",$C99)),IF($D99>=0.8,IF($D99<0.9,$E99*$F99," ")," ")," ") -> 3 | W99: =IF(ISNUMBER(SEARCH("bench",$C99)),IF($D99>=0.9,$E99*$F99," ")," ")
C100: Board bench press | D100: 0.85 | E100: 2 | F100: 2 | G100: ='Start Here'!$F$22*D100 -> 85 | J100: =E100*F100 -> 4 | K100: =G100*J100 -> 340 | N100: =IF(ISNUMBER(SEARCH("squat",$C100)),IF($D100>=0.5,IF($D100<0.6,$E100*$F100," ")," ")," ") | O100: =IF(ISNUMBER(SEARCH("squat",$C100)),IF($D100>=0.6,IF($D100<0.7,$E100*$F100," ")," ")," ") | P100: =IF(ISNUMBER(SEARCH("squat",$C100)),IF($D100>=0.7,IF($D100<0.8,$E100*$F100," ")," ")," ") | Q100: =IF(ISNUMBER(SEARCH("squat",$C100)),IF($D100>=0.8,IF($D100<0.9,$E100*$F100," ")," ")," ") | R100: =IF(ISNUMBER(SEARCH("squat",$C100)),IF($D100>=0.9,$E100*$F100," ")," ") | S100: =IF(ISNUMBER(SEARCH("bench",$C100)),IF($D100>=0.5,IF($D100<0.6,$E100*$F100," ")," ")," ") | T100: =IF(ISNUMBER(SEARCH("bench",$C100)),IF($D100>=0.6,IF($D100<0.7,$E100*$F100," ")," ")," ") | U100: =IF(ISNUMBER(SEARCH("bench",$C100)),IF($D100>=0.7,IF($D100<0.8,$E100*$F100," ")," ")," ") | V100: =IF(ISNUMBER(SEARCH("bench",$C100)),IF($D100>=0.8,IF($D100<0.9,$E100*$F100," ")," ")," ") -> 4 | W100: =IF(ISNUMBER(SEARCH("bench",$C100)),IF($D100>=0.9,$E100*$F100," ")," ")
C101: Board bench press | D101: 0.9 | E101: 1 | F101: 3 | G101: ='Start Here'!$F$22*D101 -> 90 | J101: =E101*F101 -> 3 | K101: =G101*J101 -> 270 | N101: =IF(ISNUMBER(SEARCH("squat",$C101)),IF($D101>=0.5,IF($D101<0.6,$E101*$F101," ")," ")," ") | O101: =IF(ISNUMBER(SEARCH("squat",$C101)),IF($D101>=0.6,IF($D101<0.7,$E101*$F101," ")," ")," ") | P101: =IF(ISNUMBER(SEARCH("squat",$C101)),IF($D101>=0.7,IF($D101<0.8,$E101*$F101," ")," ")," ") | Q101: =IF(ISNUMBER(SEARCH("squat",$C101)),IF($D101>=0.8,IF($D101<0.9,$E101*$F101," ")," ")," ") | R101: =IF(ISNUMBER(SEARCH("squat",$C101)),IF($D101>=0.9,$E101*$F101," ")," ") | S101: =IF(ISNUMBER(SEARCH("bench",$C101)),IF($D101>=0.5,IF($D101<0.6,$E101*$F101," ")," ")," ") | T101: =IF(ISNUMBER(SEARCH("bench",$C101)),IF($D101>=0.6,IF($D101<0.7,$E101*$F101," ")," ")," ") | U101: =IF(ISNUMBER(SEARCH("bench",$C101)),IF($D101>=0.7,IF($D101<0.8,$E101*$F101," ")," ")," ") | V101: =IF(ISNUMBER(SEARCH("bench",$C101)),IF($D101>=0.8,IF($D101<0.9,$E101*$F101," ")," ")," ") | W101: =IF(ISNUMBER(SEARCH("bench",$C101)),IF($D101>=0.9,$E101*$F101," ")," ") -> 3
B102: 3 | C102: Dips (with Weights) | E102: 6 | F102: 5
B103: 4 | C103: Lat muscles | E103: 8 | F103: 4
B104: 5 | C104: Good morning | E104: 5 | F104: 5
B106: Saturday | D106: % | E106: Reps | F106: Sets | G106: Weight | AC106: Notes:
B107: 1 | C107: Bench press narrow grip | D107: 0.5 | E107: 4 | F107: 1 | G107: ='Start Here'!$F$22*D107 -> 50 | J107: =E107*F107 -> 4 | K107: =G107*J107 -> 200 | S107: =IF(ISNUMBER(SEARCH("bench",$C107)),IF($D107>=0.5,IF($D107<0.6,$E107*$F107," ")," ")," ") -> 4 | T107: =IF(ISNUMBER(SEARCH("bench",$C107)),IF($D107>=0.6,IF($D107<0.7,$E107*$F107," ")," ")," ") | U107: =IF(ISNUMBER(SEARCH("bench",$C107)),IF($D107>=0.7,IF($D107<0.8,$E107*$F107," ")," ")," ") | V107: =IF(ISNUMBER(SEARCH("bench",$C107)),IF($D107>=0.8,IF($D107<0.9,$E107*$F107," ")," ")," ") | W107: =IF(ISNUMBER(SEARCH("bench",$C107)),IF($D107>=0.9,$E107*$F107," ")," ") | X107: =IF(ISNUMBER(SEARCH("deadlift",$C107)),IF($D107>=0.5,IF($D107<0.6,$E107*$F107," ")," ")," ") | Y107: =IF(ISNUMBER(SEARCH("deadlift",$C107)),IF($D107>=0.6,IF($D107<0.7,$E107*$F107," ")," ")," ") | Z107: =IF(ISNUMBER(SEARCH("deadlift",$C107)),IF($D107>=0.7,IF($D107<0.8,$E107*$F107," ")," ")," ") | AA107: =IF(ISNUMBER(SEARCH("deadlift",$C107)),IF($D107>=0.8,IF($D107<0.9,$E107*$F107," ")," ")," ") | AB107: =IF(ISNUMBER(SEARCH("deadlift",$C107)),IF($D107>=0.9,$E107*$F107," ")," ")
C108: Bench press narrow grip | D108: 0.6 | E108: 3 | F108: 1 | G108: ='Start Here'!$F$22*D108 -> 60 | J108: =E108*F108 -> 3 | K108: =G108*J108 -> 180 | S108: =IF(ISNUMBER(SEARCH("bench",$C108)),IF($D108>=0.5,IF($D108<0.6,$E108*$F108," ")," ")," ") | T108: =IF(ISNUMBER(SEARCH("bench",$C108)),IF($D108>=0.6,IF($D108<0.7,$E108*$F108," ")," ")," ") -> 3 | U108: =IF(ISNUMBER(SEARCH("bench",$C108)),IF($D108>=0.7,IF($D108<0.8,$E108*$F108," ")," ")," ") | V108: =IF(ISNUMBER(SEARCH("bench",$C108)),IF($D108>=0.8,IF($D108<0.9,$E108*$F108," ")," ")," ") | W108: =IF(ISNUMBER(SEARCH("bench",$C108)),IF($D108>=0.9,$E108*$F108," ")," ") | X108: =IF(ISNUMBER(SEARCH("deadlift",$C108)),IF($D108>=0.5,IF($D108<0.6,$E108*$F108," ")," ")," ") | Y108: =IF(ISNUMBER(SEARCH("deadlift",$C108)),IF($D108>=0.6,IF($D108<0.7,$E108*$F108," ")," ")," ") | Z108: =IF(ISNUMBER(SEARCH("deadlift",$C108)),IF($D108>=0.7,IF($D108<0.8,$E108*$F108," ")," ")," ") | AA108: =IF(ISNUMBER(SEARCH("deadlift",$C108)),IF($D108>=0.8,IF($D108<0.9,$E108*$F108," ")," ")," ") | AB108: =IF(ISNUMBER(SEARCH("deadlift",$C108)),IF($D108>=0.9,$E108*$F108," ")," ")
C109: Bench press narrow grip | D109: 0.65 | E109: 3 | F109: 4 | G109: ='Start Here'!$F$22*D109 -> 65 | J109: =E109*F109 -> 12 | K109: =G109*J109 -> 780 | S109: =IF(ISNUMBER(SEARCH("bench",$C109)),IF($D109>=0.5,IF($D109<0.6,$E109*$F109," ")," ")," ") | T109: =IF(ISNUMBER(SEARCH("bench",$C109)),IF($D109>=0.6,IF($D109<0.7,$E109*$F109," ")," ")," ") -> 12 | U109: =IF(ISNUMBER(SEARCH("bench",$C109)),IF($D109>=0.7,IF($D109<0.8,$E109*$F109," ")," ")," ") | V109: =IF(ISNUMBER(SEARCH("bench",$C109)),IF($D109>=0.8,IF($D109<0.9,$E109*$F109," ")," ")," ") | W109: =IF(ISNUMBER(SEARCH("bench",$C109)),IF($D109>=0.9,$E109*$F109," ")," ") | X109: =IF(ISNUMBER(SEARCH("deadlift",$C109)),IF($D109>=0.5,IF($D109<0.6,$E109*$F109," ")," ")," ") | Y109: =IF(ISNUMBER(SEARCH("deadlift",$C109)),IF($D109>=0.6,IF($D109<0.7,$E109*$F109," ")," ")," ") | Z109: =IF(ISNUMBER(SEARCH("deadlift",$C109)),IF($D109>=0.7,IF($D109<0.8,$E109*$F109," ")," ")," ") | AA109: =IF(ISNUMBER(SEARCH("deadlift",$C109)),IF($D109>=0.8,IF($D109<0.9,$E109*$F109," ")," ")," ") | AB109: =IF(ISNUMBER(SEARCH("deadlift",$C109)),IF($D109>=0.9,$E109*$F109," ")," ")
...

Sheet Prep Cycle II
B2: Preparatory Period II for Class 1 and Above Athletes
B5: WEEK 1 | N5: squat | S5: bench | X5: deadlift
B6: Monday | D6: % | E6: Reps | F6: Sets | G6: Weight | N6: 50-59 | O6: 60-69 | P6: 70-79 | Q6: 80-89 | R6: 90+ | S6: 50-59 | T6: 60-69 | U6: 70-79 | V6: 80-89 | W6: 90+ | X6: 50-59 | Y6: 60-69 | Z6: 70-79 | AA6: 80-89 | AB6: 90+ | AC6: Notes:
B7: 1 | C7: Bench press | D7: 0.5 | E7: 5 | F7: 1 | G7: ='Start Here'!$F$22*D7 -> 50 | J7: =E7*F7 -> 5 | K7: =G7*J7 -> 250 | S7: =IF(ISNUMBER(SEARCH("bench",$C7)),IF($D7>=0.5,IF($D7<0.6,$E7*$F7," ")," ")," ") -> 5 | T7: =IF(ISNUMBER(SEARCH("bench",$C7)),IF($D7>=0.6,IF($D7<0.7,$E7*$F7," ")," ")," ") | U7: =IF(ISNUMBER(SEARCH("bench",$C7)),IF($D7>=0.7,IF($D7<0.8,$E7*$F7," ")," ")," ") | V7: =IF(ISNUMBER(SEARCH("bench",$C7)),IF($D7>=0.8,IF($D7<0.9,$E7*$F7," ")," ")," ") | W7: =IF(ISNUMBER(SEARCH("bench",$C7)),IF($D7>=0.9,$E7*$F7," ")," ")
C8: Bench press | D8: 0.6 | E8: 4 | F8: 1 | G8: ='Start Here'!$F$22*D8 -> 60 | J8: =E8*F8 -> 4 | K8: =G8*J8 -> 240 | S8: =IF(ISNUMBER(SEARCH("bench",$C8)),IF($D8>=0.5,IF($D8<0.6,$E8*$F8," ")," ")," ") | T8: =IF(ISNUMBER(SEARCH("bench",$C8)),IF($D8>=0.6,IF($D8<0.7,$E8*$F8," ")," ")," ") -> 4 | U8: =IF(ISNUMBER(SEARCH("bench",$C8)),IF($D8>=0.7,IF($D8<0.8,$E8*$F8," ")," ")," ") | V8: =IF(ISNUMBER(SEARCH("bench",$C8)),IF($D8>=0.8,IF($D8<0.9,$E8*$F8," ")," ")," ") | W8: =IF(ISNUMBER(SEARCH("bench",$C8)),IF($D8>=0.9,$E8*$F8," ")," ")
C9: Bench press | D9: 0.7 | E9: 3 | F9: 1 | G9: ='Start Here'!$F$22*D9 -> 70 | J9: =E9*F9 -> 3 | K9: =G9*J9 -> 210 | S9: =IF(ISNUMBER(SEARCH("bench",$C9)),IF($D9>=0.5,IF($D9<0.6,$E9*$F9," ")," ")," ") | T9: =IF(ISNUMBER(SEARCH("bench",$C9)),IF($D9>=0.6,IF($D9<0.7,$E9*$F9," ")," ")," ") | U9: =IF(ISNUMBER(SEARCH("bench",$C9)),IF($D9>=0.7,IF($D9<0.8,$E9*$F9," ")," ")," ") -> 3 | V9: =IF(ISNUMBER(SEARCH("bench",$C9)),IF($D9>=0.8,IF($D9<0.9,$E9*$F9," ")," ")," ") | W9: =IF(ISNUMBER(SEARCH("bench",$C9)),IF($D9>=0.9,$E9*$F9," ")," ")
C10: Bench press | D10: 0.8 | E10: 3 | F10: 4 | G10: ='Start Here'!$F$22*D10 -> 80 | J10: =E10*F10 -> 12 | K10: =G10*J10 -> 960 | S10: =IF(ISNUMBER(SEARCH("bench",$C10)),IF($D10>=0.5,IF($D10<0.6,$E10*$F10," ")," ")," ") | T10: =IF(ISNUMBER(SEARCH("bench",$C10)),IF($D10>=0.6,IF($D10<0.7,$E10*$F10," ")," ")," ") | U10: =IF(ISNUMBER(SEARCH("bench",$C10)),IF($D10>=0.7,IF($D10<0.8,$E10*$F10," ")," ")," ") | V10: =IF(ISNUMBER(SEARCH("bench",$C10)),IF($D10>=0.8,IF($D10<0.9,$E10*$F10," ")," ")," ") -> 12 | W10: =IF(ISNUMBER(SEARCH("bench",$C10)),IF($D10>=0.9,$E10*$F10," ")," ")
B11: 2 | C11: Squat | D11: 0.5 | E11: 5 | F11: 1 | G11: ='Start Here'!$F$21*D11 -> 50 | H11: =E11*F11 -> 5 | I11: =G11*H11 -> 250 | N11: =IF(ISNUMBER(SEARCH("squat",$C11)),IF($D11>=0.5,IF($D11<0.6,$E11*$F11," ")," ")," ") -> 5 | O11: =IF(ISNUMBER(SEARCH("squat",$C11)),IF($D11>=0.6,IF($D11<0.7,$E11*$F11," ")," ")," ") | P11: =IF(ISNUMBER(SEARCH("squat",$C11)),IF($D11>=0.7,IF($D11<0.8,$E11*$F11," ")," ")," ") | Q11: =IF(ISNUMBER(SEARCH("squat",$C11)),IF($D11>=0.8,IF($D11<0.9,$E11*$F11," ")," ")," ") | R11: =IF(ISNUMBER(SEARCH("squat",$C11)),IF($D11>=0.9,$E11*$F11," ")," ")
C12: Squat | D12: 0.6 | E12: 5 | F12: 1 | G12: ='Start Here'!$F$21*D12 -> 60 | H12: =E12*F12 -> 5 | I12: =G12*H12 -> 300 | N12: =IF(ISNUMBER(SEARCH("squat",$C12)),IF($D12>=0.5,IF($D12<0.6,$E12*$F12," ")," ")," ") | O12: =IF(ISNUMBER(SEARCH("squat",$C12)),IF($D12>=0.6,IF($D12<0.7,$E12*$F12," ")," ")," ") -> 5 | P12: =IF(ISNUMBER(SEARCH("squat",$C12)),IF($D12>=0.7,IF($D12<0.8,$E12*$F12," ")," ")," ") | Q12: =IF(ISNUMBER(SEARCH("squat",$C12)),IF($D12>=0.8,IF($D12<0.9,$E12*$F12," ")," ")," ") | R12: =IF(ISNUMBER(SEARCH("squat",$C12)),IF($D12>=0.9,$E12*$F12," ")," ")
C13: Squat | D13: 0.7 | E13: 3 | F13: 1 | G13: ='Start Here'!$F$21*D13 -> 70 | H13: =E13*F13 -> 3 | I13: =G13*H13 -> 210 | N13: =IF(ISNUMBER(SEARCH("squat",$C13)),IF($D13>=0.5,IF($D13<0.6,$E13*$F13," ")," ")," ") | O13: =IF(ISNUMBER(SEARCH("squat",$C13)),IF($D13>=0.6,IF($D13<0.7,$E13*$F13," ")," ")," ") | P13: =IF(ISNUMBER(SEARCH("squat",$C13)),IF($D13>=0.7,IF($D13<0.8,$E13*$F13," ")," ")," ") -> 3 | Q13: =IF(ISNUMBER(SEARCH("squat",$C13)),IF($D13>=0.8,IF($D13<0.9,$E13*$F13," ")," ")," ") | R13: =IF(ISNUMBER(SEARCH("squat",$C13)),IF($D13>=0.9,$E13*$F13," ")," ")
C14: Squat | D14: 0.7 | E14: 7 | F14: 1 | G14: ='Start Here'!$F$21*D14 -> 70 | H14: =E14*F14 -> 7 | I14: =G14*H14 -> 490 | N14: =IF(ISNUMBER(SEARCH("squat",$C14)),IF($D14>=0.5,IF($D14<0.6,$E14*$F14," ")," ")," ") | O14: =IF(ISNUMBER(SEARCH("squat",$C14)),IF($D14>=0.6,IF($D14<0.7,$E14*$F14," ")," ")," ") | P14: =IF(ISNUMBER(SEARCH("squat",$C14)),IF($D14>=0.7,IF($D14<0.8,$E14*$F14," ")," ")," ") -> 7 | Q14: =IF(ISNUMBER(SEARCH("squat",$C14)),IF($D14>=0.8,IF($D14<0.9,$E14*$F14," ")," ")," ") | R14: =IF(ISNUMBER(SEARCH("squat",$C14)),IF($D14>=0.9,$E14*$F14," ")," ")
C15: Squat | D15: 0.7 | E15: 4 | F15: 1 | G15: ='Start Here'!$F$21*D15 -> 70 | H15: =E15*F15 -> 4 | I15: =G15*H15 -> 280 | N15: =IF(ISNUMBER(SEARCH("squat",$C15)),IF($D15>=0.5,IF($D15<0.6,$E15*$F15," ")," ")," ") | O15: =IF(ISNUMBER(SEARCH("squat",$C15)),IF($D15>=0.6,IF($D15<0.7,$E15*$F15," ")," ")," ") | P15: =IF(ISNUMBER(SEARCH("squat",$C15)),IF($D15>=0.7,IF($D15<0.8,$E15*$F15," ")," ")," ") -> 4 | Q15: =IF(ISNUMBER(SEARCH("squat",$C15)),IF($D15>=0.8,IF($D15<0.9,$E15*$F15," ")," ")," ") | R15: =IF(ISNUMBER(SEARCH("squat",$C15)),IF($D15>=0.9,$E15*$F15," ")," ")
C16: Squat | D16: 0.7 | E16: 8 | F16: 1 | G16: ='Start Here'!$F$21*D16 -> 70 | H16: =E16*F16 -> 8 | I16: =G16*H16 -> 560 | N16: =IF(ISNUMBER(SEARCH("squat",$C16)),IF($D16>=0.5,IF($D16<0.6,$E16*$F16," ")," ")," ") | O16: =IF(ISNUMBER(SEARCH("squat",$C16)),IF($D16>=0.6,IF($D16<0.7,$E16*$F16," ")," ")," ") | P16: =IF(ISNUMBER(SEARCH("squat",$C16)),IF($D16>=0.7,IF($D16<0.8,$E16*$F16," ")," ")," ") -> 8 | Q16: =IF(ISNUMBER(SEARCH("squat",$C16)),IF($D16>=0.8,IF($D16<0.9,$E16*$F16," ")," ")," ") | R16: =IF(ISNUMBER(SEARCH("squat",$C16)),IF($D16>=0.9,$E16*$F16," ")," ")
C17: Squat | D17: 0.7 | E17: 2 | F17: 1 | G17: ='Start Here'!$F$21*D17 -> 70 | H17: =E17*F17 -> 2 | I17: =G17*H17 -> 140 | N17: =IF(ISNUMBER(SEARCH("squat",$C17)),IF($D17>=0.5,IF($D17<0.6,$E17*$F17," ")," ")," ") | O17: =IF(ISNUMBER(SEARCH("squat",$C17)),IF($D17>=0.6,IF($D17<0.7,$E17*$F17," ")," ")," ") | P17: =IF(ISNUMBER(SEARCH("squat",$C17)),IF($D17>=0.7,IF($D17<0.8,$E17*$F17," ")," ")," ") -> 2 | Q17: =IF(ISNUMBER(SEARCH("squat",$C17)),IF($D17>=0.8,IF($D17<0.9,$E17*$F17," ")," ")," ") | R17: =IF(ISNUMBER(SEARCH("squat",$C17)),IF($D17>=0.9,$E17*$F17," ")," ")
C18: Squat | D18: 0.7 | E18: 5 | F18: 1 | G18: ='Start Here'!$F$21*D18 -> 70 | H18: =E18*F18 -> 5 | I18: =G18*H18 -> 350 | N18: =IF(ISNUMBER(SEARCH("squat",$C18)),IF($D18>=0.5,IF($D18<0.6,$E18*$F18," ")," ")," ") | O18: =IF(ISNUMBER(SEARCH("squat",$C18)),IF($D18>=0.6,IF($D18<0.7,$E18*$F18," ")," ")," ") | P18: =IF(ISNUMBER(SEARCH("squat",$C18)),IF($D18>=0.7,IF($D18<0.8,$E18*$F18," ")," ")," ") -> 5 | Q18: =IF(ISNUMBER(SEARCH("squat",$C18)),IF($D18>=0.8,IF($D18<0.9,$E18*$F18," ")," ")," ") | R18: =IF(ISNUMBER(SEARCH("squat",$C18)),IF($D18>=0.9,$E18*$F18," ")," ")
B19: 3 | C19: Bench press w/board | D19: 0.6 | E19: 3 | F19: 1 | G19: ='Start Here'!$F$22*D19 -> 60 | J19: =E19*F19 -> 3 | K19: =G19*J19 -> 180 | S19: =IF(ISNUMBER(SEARCH("bench",$C19)),IF($D19>=0.5,IF($D19<0.6,$E19*$F19," ")," ")," ") | T19: =IF(ISNUMBER(SEARCH("bench",$C19)),IF($D19>=0.6,IF($D19<0.7,$E19*$F19," ")," ")," ") -> 3 | U19: =IF(ISNUMBER(SEARCH("bench",$C19)),IF($D19>=0.7,IF($D19<0.8,$E19*$F19," ")," ")," ") | V19: =IF(ISNUMBER(SEARCH("bench",$C19)),IF($D19>=0.8,IF($D19<0.9,$E19*$F19," ")," ")," ") | W19: =IF(ISNUMBER(SEARCH("bench",$C19)),IF($D19>=0.9,$E19*$F19," ")," ")
C20: Bench press w/board | D20: 0.7 | E20: 3 | F20: 1 | G20: ='Start Here'!$F$22*D20 -> 70 | J20: =E20*F20 -> 3 | K20: =G20*J20 -> 210 | S20: =IF(ISNUMBER(SEARCH("bench",$C20)),IF($D20>=0.5,IF($D20<0.6,$E20*$F20," ")," ")," ") | T20: =IF(ISNUMBER(SEARCH("bench",$C20)),IF($D20>=0.6,IF($D20<0.7,$E20*$F20," ")," ")," ") | U20: =IF(ISNUMBER(SEARCH("bench",$C20)),IF($D20>=0.7,IF($D20<0.8,$E20*$F20," ")," ")," ") -> 3 | V20: =IF(ISNUMBER(SEARCH("bench",$C20)),IF($D20>=0.8,IF($D20<0.9,$E20*$F20," ")," ")," ") | W20: =IF(ISNUMBER(SEARCH("bench",$C20)),IF($D20>=0.9,$E20*$F20," ")," ")
C21: Bench press w/board | D21: 0.8 | E21: 3 | F21: 2 | G21: ='Start Here'!$F$22*D21 -> 80 | J21: =E21*F21 -> 6 | K21: =G21*J21 -> 480 | S21: =IF(ISNUMBER(SEARCH("bench",$C21)),IF($D21>=0.5,IF($D21<0.6,$E21*$F21," ")," ")," ") | T21: =IF(ISNUMBER(SEARCH("bench",$C21)),IF($D21>=0.6,IF($D21<0.7,$E21*$F21," ")," ")," ") | U21: =IF(ISNUMBER(SEARCH("bench",$C21)),IF($D21>=0.7,IF($D21<0.8,$E21*$F21," ")," ")," ") | V21: =IF(ISNUMBER(SEARCH("bench",$C21)),IF($D21>=0.8,IF($D21<0.9,$E21*$F21," ")," ")," ") -> 6 | W21: =IF(ISNUMBER(SEARCH("bench",$C21)),IF($D21>=0.9,$E21*$F21," ")," ")
C22: Bench press w/board | D22: 0.85 | E22: 2 | F22: 3 | G22: ='Start Here'!$F$22*D22 -> 85 | J22: =E22*F22 -> 6 | K22: =G22*J22 -> 510 | S22: =IF(ISNUMBER(SEARCH("bench",$C22)),IF($D22>=0.5,IF($D22<0.6,$E22*$F22," ")," ")," ") | T22: =IF(ISNUMBER(SEARCH("bench",$C22)),IF($D22>=0.6,IF($D22<0.7,$E22*$F22," ")," ")," ") | U22: =IF(ISNUMBER(SEARCH("bench",$C22)),IF($D22>=0.7,IF($D22<0.8,$E22*$F22," ")," ")," ") | V22: =IF(ISNUMBER(SEARCH("bench",$C22)),IF($D22>=0.8,IF($D22<0.9,$E22*$F22," ")," ")," ") -> 6 | W22: =IF(ISNUMBER(SEARCH("bench",$C22)),IF($D22>=0.9,$E22*$F22," ")," ")
B23: 4 | C23: Chest Muscles | E23: 8 | F23: 4
B24: 5 | C24: Abs | E24: 8 | F24: 3
B26: Wednesday | D26: % | E26: Reps | F26: Sets | G26: Weight | AC26: Notes:
B27: 1 | C27: Deficit deadlift | D27: 0.5 | E27: 3 | F27: 1 | G27: ='Start Here'!$F$23*D27 -> 50 | L27: =E27*F27 -> 3 | M27: =G27*L27 -> 150 | X27: =IF(ISNUMBER(SEARCH("deadlift",$C27)),IF($D27>=0.5,IF($D27<0.6,$E27*$F27," ")," ")," ") -> 3 | Y27: =IF(ISNUMBER(SEARCH("deadlift",$C27)),IF($D27>=0.6,IF($D27<0.7,$E27*$F27," ")," ")," ") | Z27: =IF(ISNUMBER(SEARCH("deadlift",$C27)),IF($D27>=0.7,IF($D27<0.8,$E27*$F27," ")," ")," ") | AA27: =IF(ISNUMBER(SEARCH("deadlift",$C27)),IF($D27>=0.8,IF($D27<0.9,$E27*$F27," ")," ")," ") | AB27: =IF(ISNUMBER(SEARCH("deadlift",$C27)),IF($D27>=0.9,$E27*$F27," ")," ")
C28: Deficit deadlift | D28: 0.6 | E28: 3 | F28: 1 | G28: ='Start Here'!$F$23*D28 -> 60 | L28: =E28*F28 -> 3 | M28: =G28*L28 -> 180 | X28: =IF(ISNUMBER(SEARCH("deadlift",$C28)),IF($D28>=0.5,IF($D28<0.6,$E28*$F28," ")," ")," ") | Y28: =IF(ISNUMBER(SEARCH("deadlift",$C28)),IF($D28>=0.6,IF($D28<0.7,$E28*$F28," ")," ")," ") -> 3 | Z28: =IF(ISNUMBER(SEARCH("deadlift",$C28)),IF($D28>=0.7,IF($D28<0.8,$E28*$F28," ")," ")," ") | AA28: =IF(ISNUMBER(SEARCH("deadlift",$C28)),IF($D28>=0.8,IF($D28<0.9,$E28*$F28," ")," ")," ") | AB28: =IF(ISNUMBER(SEARCH("deadlift",$C28)),IF($D28>=0.9,$E28*$F28," ")," ")
C29: Deficit deadlift | D29: 0.7 | E29: 2 | F29: 4 | G29: ='Start Here'!$F$23*D29 -> 70 | L29: =E29*F29 -> 8 | M29: =G29*L29 -> 560 | X29: =IF(ISNUMBER(SEARCH("deadlift",$C29)),IF($D29>=0.5,IF($D29<0.6,$E29*$F29," ")," ")," ") | Y29: =IF(ISNUMBER(SEARCH("deadlift",$C29)),IF($D29>=0.6,IF($D29<0.7,$E29*$F29," ")," ")," ") | Z29: =IF(ISNUMBER(SEARCH("deadlift",$C29)),IF($D29>=0.7,IF($D29<0.8,$E29*$F29," ")," ")," ") -> 8 | AA29: =IF(ISNUMBER(SEARCH("deadlift",$C29)),IF($D29>=0.8,IF($D29<0.9,$E29*$F29," ")," ")," ") | AB29: =IF(ISNUMBER(SEARCH("deadlift",$C29)),IF($D29>=0.9,$E29*$F29," ")," ")
B30: 2 | C30: Bench press with chains | D30: 0.5 | E30: 3 | F30: 1 | G30: ='Start Here'!$F$22*D30 -> 50 | J30: =E30*F30 -> 3 | K30: =G30*J30 -> 150 | S30: =IF(ISNUMBER(SEARCH("bench",$C30)),IF($D30>=0.5,IF($D30<0.6,$E30*$F30," ")," ")," ") -> 3 | T30: =IF(ISNUMBER(SEARCH("bench",$C30)),IF($D30>=0.6,IF($D30<0.7,$E30*$F30," ")," ")," ") | U30: =IF(ISNUMBER(SEARCH("bench",$C30)),IF($D30>=0.7,IF($D30<0.8,$E30*$F30," ")," ")," ") | V30: =IF(ISNUMBER(SEARCH("bench",$C30)),IF($D30>=0.8,IF($D30<0.9,$E30*$F30," ")," ")," ") | W30: =IF(ISNUMBER(SEARCH("bench",$C30)),IF($D30>=0.9,$E30*$F30," ")," ")
C31: Bench press with chains | D31: 0.6 | E31: 3 | F31: 1 | G31: ='Start Here'!$F$22*D31 -> 60 | J31: =E31*F31 -> 3 | K31: =G31*J31 -> 180 | S31: =IF(ISNUMBER(SEARCH("bench",$C31)),IF($D31>=0.5,IF($D31<0.6,$E31*$F31," ")," ")," ") | T31: =IF(ISNUMBER(SEARCH("bench",$C31)),IF($D31>=0.6,IF($D31<0.7,$E31*$F31," ")," ")," ") -> 3 | U31: =IF(ISNUMBER(SEARCH("bench",$C31)),IF($D31>=0.7,IF($D31<0.8,$E31*$F31," ")," ")," ") | V31: =IF(ISNUMBER(SEARCH("bench",$C31)),IF($D31>=0.8,IF($D31<0.9,$E31*$F31," ")," ")," ") | W31: =IF(ISNUMBER(SEARCH("bench",$C31)),IF($D31>=0.9,$E31*$F31," ")," ")
C32: Bench press with chains | D32: 0.7 | E32: 3 | F32: 1 | G32: ='Start Here'!$F$22*D32 -> 70 | J32: =E32*F32 -> 3 | K32: =G32*J32 -> 210 | S32: =IF(ISNUMBER(SEARCH("bench",$C32)),IF($D32>=0.5,IF($D32<0.6,$E32*$F32," ")," ")," ") | T32: =IF(ISNUMBER(SEARCH("bench",$C32)),IF($D32>=0.6,IF($D32<0.7,$E32*$F32," ")," ")," ") | U32: =IF(ISNUMBER(SEARCH("bench",$C32)),IF($D32>=0.7,IF($D32<0.8,$E32*$F32," ")," ")," ") -> 3 | V32: =IF(ISNUMBER(SEARCH("bench",$C32)),IF($D32>=0.8,IF($D32<0.9,$E32*$F32," ")," ")," ") | W32: =IF(ISNUMBER(SEARCH("bench",$C32)),IF($D32>=0.9,$E32*$F32," ")," ")
C33: Bench press with chains | D33: 0.75 | E33: 2 | F33: 4 | G33: ='Start Here'!$F$22*D33 -> 75 | J33: =E33*F33 -> 8 | K33: =G33*J33 -> 600 | S33: =IF(ISNUMBER(SEARCH("bench",$C33)),IF($D33>=0.5,IF($D33<0.6,$E33*$F33," ")," ")," ") | T33: =IF(ISNUMBER(SEARCH("bench",$C33)),IF($D33>=0.6,IF($D33<0.7,$E33*$F33," ")," ")," ") | U33: =IF(ISNUMBER(SEARCH("bench",$C33)),IF($D33>=0.7,IF($D33<0.8,$E33*$F33," ")," ")," ") -> 8 | V33: =IF(ISNUMBER(SEARCH("bench",$C33)),IF($D33>=0.8,IF($D33<0.9,$E33*$F33," ")," ")," ") | W33: =IF(ISNUMBER(SEARCH("bench",$C33)),IF($D33>=0.9,$E33*$F33," ")," ")
B34: 3 | C34: Deadlift off boxes, bar is at 5 cm below knees | D34: 0.6 | E34: 3 | F34: 1 | G34: ='Start Here'!$F$23*D34 -> 60 | L34: =E34*F34 -> 3 | M34: =G34*L34 -> 180 | X34: =IF(ISNUMBER(SEARCH("deadlift",$C34)),IF($D34>=0.5,IF($D34<0.6,$E34*$F34," ")," ")," ") | Y34: =IF(ISNUMBER(SEARCH("deadlift",$C34)),IF($D34>=0.6,IF($D34<0.7,$E34*$F34," ")," ")," ") -> 3 | Z34: =IF(ISNUMBER(SEARCH("deadlift",$C34)),IF($D34>=0.7,IF($D34<0.8,$E34*$F34," ")," ")," ") | AA34: =IF(ISNUMBER(SEARCH("deadlift",$C34)),IF($D34>=0.8,IF($D34<0.9,$E34*$F34," ")," ")," ") | AB34: =IF(ISNUMBER(SEARCH("deadlift",$C34)),IF($D34>=0.9,$E34*$F34," ")," ")
C35: Deadlift off boxes, bar is at 5 cm below knees | D35: 0.7 | E35: 3 | F35: 1 | G35: ='Start Here'!$F$23*D35 -> 70 | L35: =E35*F35 -> 3 | M35: =G35*L35 -> 210 | X35: =IF(ISNUMBER(SEARCH("deadlift",$C35)),IF($D35>=0.5,IF($D35<0.6,$E35*$F35," ")," ")," ") | Y35: =IF(ISNUMBER(SEARCH("deadlift",$C35)),IF($D35>=0.6,IF($D35<0.7,$E35*$F35," ")," ")," ") | Z35: =IF(ISNUMBER(SEARCH("deadlift",$C35)),IF($D35>=0.7,IF($D35<0.8,$E35*$F35," ")," ")," ") -> 3 | AA35: =IF(ISNUMBER(SEARCH("deadlift",$C35)),IF($D35>=0.8,IF($D35<0.9,$E35*$F35," ")," ")," ") | AB35: =IF(ISNUMBER(SEARCH("deadlift",$C35)),IF($D35>=0.9,$E35*$F35," ")," ")
C36: Deadlift off boxes, bar is at 5 cm below knees | D36: 0.8 | E36: 3 | F36: 2 | G36: ='Start Here'!$F$23*D36 -> 80 | L36: =E36*F36 -> 6 | M36: =G36*L36 -> 480 | X36: =IF(ISNUMBER(SEARCH("deadlift",$C36)),IF($D36>=0.5,IF($D36<0.6,$E36*$F36," ")," ")," ") | Y36: =IF(ISNUMBER(SEARCH("deadlift",$C36)),IF($D36>=0.6,IF($D36<0.7,$E36*$F36," ")," ")," ") | Z36: =IF(ISNUMBER(SEARCH("deadlift",$C36)),IF($D36>=0.7,IF($D36<0.8,$E36*$F36," ")," ")," ") | AA36: =IF(ISNUMBER(SEARCH("deadlift",$C36)),IF($D36>=0.8,IF($D36<0.9,$E36*$F36," ")," ")," ") -> 6 | AB36: =IF(ISNUMBER(SEARCH("deadlift",$C36)),IF($D36>=0.9,$E36*$F36," ")," ")
C37: Deadlift off boxes, bar is at 5 cm below knees | D37: 0.85 | E37: 3 | F37: 3 | G37: ='Start Here'!$F$23*D37 -> 85 | L37: =E37*F37 -> 9 | M37: =G37*L37 -> 765 | X37: =IF(ISNUMBER(SEARCH("deadlift",$C37)),IF($D37>=0.5,IF($D37<0.6,$E37*$F37," ")," ")," ") | Y37: =IF(ISNUMBER(SEARCH("deadlift",$C37)),IF($D37>=0.6,IF($D37<0.7,$E37*$F37," ")," ")," ") | Z37: =IF(ISNUMBER(SEARCH("deadlift",$C37)),IF($D37>=0.7,IF($D37<0.8,$E37*$F37," ")," ")," ") | AA37: =IF(ISNUMBER(SEARCH("deadlift",$C37)),IF($D37>=0.8,IF($D37<0.9,$E37*$F37," ")," ")," ") -> 9 | AB37: =IF(ISNUMBER(SEARCH("deadlift",$C37)),IF($D37>=0.9,$E37*$F37," ")," ")
B38: 4 | C38: Lat Muscles | E38: 6 | F38: 5
B39: 5 | C39: Dips | E39: 5 | F39: 5
B40: 6 | C40: Goodmorning | E40: 5 | F40: 5
B42: Friday | D42: % | E42: Reps | F42: Sets | G42: Weight | AC42: Notes:
B43: 1 | C43: Bench press | D43: 0.55 | E43: 5 | F43: 1 | G43: ='Start Here'!$F$22*D43 -> 55 | J43: =E43*F43 -> 5 | K43: =G43*J43 -> 275 | S43: =IF(ISNUMBER(SEARCH("bench",$C43)),IF($D43>=0.5,IF($D43<0.6,$E43*$F43," ")," ")," ") -> 5 | T43: =IF(ISNUMBER(SEARCH("bench",$C43)),IF($D43>=0.6,IF($D43<0.7,$E43*$F43," ")," ")," ") | U43: =IF(ISNUMBER(SEARCH("bench",$C43)),IF($D43>=0.7,IF($D43<0.8,$E43*$F43," ")," ")," ") | V43: =IF(ISNUMBER(SEARCH("bench",$C43)),IF($D43>=0.8,IF($D43<0.9,$E43*$F43," ")," ")," ") | W43: =IF(ISNUMBER(SEARCH("bench",$C43)),IF($D43>=0.9,$E43*$F43," ")," ")
C44: Bench press | D44: 0.65 | E44: 4 | F44: 1 | G44: ='Start Here'!$F$22*D44 -> 65 | J44: =E44*F44 -> 4 | K44: =G44*J44 -> 260 | S44: =IF(ISNUMBER(SEARCH("bench",$C44)),IF($D44>=0.5,IF($D44<0.6,$E44*$F44," ")," ")," ") | T44: =IF(ISNUMBER(SEARCH("bench",$C44)),IF($D44>=0.6,IF($D44<0.7,$E44*$F44," ")," ")," ") -> 4 | U44: =IF(ISNUMBER(SEARCH("bench",$C44)),IF($D44>=0.7,IF($D44<0.8,$E44*$F44," ")," ")," ") | V44: =IF(ISNUMBER(SEARCH("bench",$C44)),IF($D44>=0.8,IF($D44<0.9,$E44*$F44," ")," ")," ") | W44: =IF(ISNUMBER(SEARCH("bench",$C44)),IF($D44>=0.9,$E44*$F44," ")," ")
C45: Bench press | D45: 0.75 | E45: 3 | F45: 1 | G45: ='Start Here'!$F$22*D45 -> 75 | J45: =E45*F45 -> 3 | K45: =G45*J45 -> 225 | S45: =IF(ISNUMBER(SEARCH("bench",$C45)),IF($D45>=0.5,IF($D45<0.6,$E45*$F45," ")," ")," ") | T45: =IF(ISNUMBER(SEARCH("bench",$C45)),IF($D45>=0.6,IF($D45<0.7,$E45*$F45," ")," ")," ") | U45: =IF(ISNUMBER(SEARCH("bench",$C45)),IF($D45>=0.7,IF($D45<0.8,$E45*$F45," ")," ")," ") -> 3 | V45: =IF(ISNUMBER(SEARCH("bench",$C45)),IF($D45>=0.8,IF($D45<0.9,$E45*$F45," ")," ")," ") | W45: =IF(ISNUMBER(SEARCH("bench",$C45)),IF($D45>=0.9,$E45*$F45," ")," ")
C46: Bench press | D46: 0.85 | E46: 2 | F46: 4 | G46: ='Start Here'!$F$22*D46 -> 85 | J46: =E46*F46 -> 8 | K46: =G46*J46 -> 680 | S46: =IF(ISNUMBER(SEARCH("bench",$C46)),IF($D46>=0.5,IF($D46<0.6,$E46*$F46," ")," ")," ") | T46: =IF(ISNUMBER(SEARCH("bench",$C46)),IF($D46>=0.6,IF($D46<0.7,$E46*$F46," ")," ")," ") | U46: =IF(ISNUMBER(SEARCH("bench",$C46)),IF($D46>=0.7,IF($D46<0.8,$E46*$F46," ")," ")," ") | V46: =IF(ISNUMBER(SEARCH("bench",$C46)),IF($D46>=0.8,IF($D46<0.9,$E46*$F46," ")," ")," ") -> 8 | W46: =IF(ISNUMBER(SEARCH("bench",$C46)),IF($D46>=0.9,$E46*$F46," ")," ")
B47: 2 | C47: Squat | D47: 0.5 | E47: 5 | F47: 1 | G47: ='Start Here'!$F$21*D47 -> 50 | H47: =E47*F47 -> 5 | I47: =G47*H47 -> 250 | N47: =IF(ISNUMBER(SEARCH("squat",$C47)),IF($D47>=0.5,IF($D47<0.6,$E47*$F47," ")," ")," ") -> 5 | O47: =IF(ISNUMBER(SEARCH("squat",$C47)),IF($D47>=0.6,IF($D47<0.7,$E47*$F47," ")," ")," ") | P47: =IF(ISNUMBER(SEARCH("squat",$C47)),IF($D47>=0.7,IF($D47<0.8,$E47*$F47," ")," ")," ") | Q47: =IF(ISNUMBER(SEARCH("squat",$C47)),IF($D47>=0.8,IF($D47<0.9,$E47*$F47," ")," ")," ") | R47: =IF(ISNUMBER(SEARCH("squat",$C47)),IF($D47>=0.9,$E47*$F47," ")," ")
C48: Squat | D48: 0.6 | E48: 4 | F48: 1 | G48: ='Start Here'!$F$21*D48 -> 60 | H48: =E48*F48 -> 4 | I48: =G48*H48 -> 240 | N48: =IF(ISNUMBER(SEARCH("squat",$C48)),IF($D48>=0.5,IF($D48<0.6,$E48*$F48," ")," ")," ") | O48: =IF(ISNUMBER(SEARCH("squat",$C48)),IF($D48>=0.6,IF($D48<0.7,$E48*$F48," ")," ")," ") -> 4 | P48: =IF(ISNUMBER(SEARCH("squat",$C48)),IF($D48>=0.7,IF($D48<0.8,$E48*$F48," ")," ")," ") | Q48: =IF(ISNUMBER(SEARCH("squat",$C48)),IF($D48>=0.8,IF($D48<0.9,$E48*$F48," ")," ")," ") | R48: =IF(ISNUMBER(SEARCH("squat",$C48)),IF($D48>=0.9,$E48*$F48," ")," ")
C49: Squat | D49: 0.7 | E49: 3 | F49: 1 | G49: ='Start Here'!$F$21*D49 -> 70 | H49: =E49*F49 -> 3 | I49: =G49*H49 -> 210 | N49: =IF(ISNUMBER(SEARCH("squat",$C49)),IF($D49>=0.5,IF($D49<0.6,$E49*$F49," ")," ")," ") | O49: =IF(ISNUMBER(SEARCH("squat",$C49)),IF($D49>=0.6,IF($D49<0.7,$E49*$F49," ")," ")," ") | P49: =IF(ISNUMBER(SEARCH("squat",$C49)),IF($D49>=0.7,IF($D49<0.8,$E49*$F49," ")," ")," ") -> 3 | Q49: =IF(ISNUMBER(SEARCH("squat",$C49)),IF($D49>=0.8,IF($D49<0.9,$E49*$F49," ")," ")," ") | R49: =IF(ISNUMBER(SEARCH("squat",$C49)),IF($D49>=0.9,$E49*$F49," ")," ")
C50: Squat | D50: 0.8 | E50: 2 | F50: 4 | G50: ='Start Here'!$F$21*D50 -> 80 | H50: =E50*F50 -> 8 | I50: =G50*H50 -> 640 | N50: =IF(ISNUMBER(SEARCH("squat",$C50)),IF($D50>=0.5,IF($D50<0.6,$E50*$F50," ")," ")," ") | O50: =IF(ISNUMBER(SEARCH("squat",$C50)),IF($D50>=0.6,IF($D50<0.7,$E50*$F50," ")," ")," ") | P50: =IF(ISNUMBER(SEARCH("squat",$C50)),IF($D50>=0.7,IF($D50<0.8,$E50*$F50," ")," ")," ") | Q50: =IF(ISNUMBER(SEARCH("squat",$C50)),IF($D50>=0.8,IF($D50<0.9,$E50*$F50," ")," ")," ") -> 8 | R50: =IF(ISNUMBER(SEARCH("squat",$C50)),IF($D50>=0.9,$E50*$F50," ")," ")
B51: 3 | C51: Bench press | D51: 0.5 | E51: 4 | F51: 1 | G51: ='Start Here'!$F$22*D51 -> 50 | J51: =E51*F51 -> 4 | K51: =G51*J51 -> 200 | S51: =IF(ISNUMBER(SEARCH("bench",$C51)),IF($D51>=0.5,IF($D51<0.6,$E51*$F51," ")," ")," ") -> 4 | T51: =IF(ISNUMBER(SEARCH("bench",$C51)),IF($D51>=0.6,IF($D51<0.7,$E51*$F51," ")," ")," ") | U51: =IF(ISNUMBER(SEARCH("bench",$C51)),IF($D51>=0.7,IF($D51<0.8,$E51*$F51," ")," ")," ") | V51: =IF(ISNUMBER(SEARCH("bench",$C51)),IF($D51>=0.8,IF($D51<0.9,$E51*$F51," ")," ")," ") | W51: =IF(ISNUMBER(SEARCH("bench",$C51)),IF($D51>=0.9,$E51*$F51," ")," ")
C52: Bench press | D52: 0.6 | E52: 4 | F52: 1 | G52: ='Start Here'!$F$22*D52 -> 60 | J52: =E52*F52 -> 4 | K52: =G52*J52 -> 240 | S52: =IF(ISNUMBER(SEARCH("bench",$C52)),IF($D52>=0.5,IF($D52<0.6,$E52*$F52," ")," ")," ") | T52: =IF(ISNUMBER(SEARCH("bench",$C52)),IF($D52>=0.6,IF($D52<0.7,$E52*$F52," ")," ")," ") -> 4 | U52: =IF(ISNUMBER(SEARCH("bench",$C52)),IF($D52>=0.7,IF($D52<0.8,$E52*$F52," ")," ")," ") | V52: =IF(ISNUMBER(SEARCH("bench",$C52)),IF($D52>=0.8,IF($D52<0.9,$E52*$F52," ")," ")," ") | W52: =IF(ISNUMBER(SEARCH("bench",$C52)),IF($D52>=0.9,$E52*$F52," ")," ")
C53: Bench press | D53: 0.7 | E53: 4 | F53: 4 | G53: ='Start Here'!$F$22*D53 -> 70 | J53: =E53*F53 -> 16 | K53: =G53*J53 -> 1120 | S53: =IF(ISNUMBER(SEARCH("bench",$C53)),IF($D53>=0.5,IF($D53<0.6,$E53*$F53," ")," ")," ") | T53: =IF(ISNUMBER(SEARCH("bench",$C53)),IF($D53>=0.6,IF($D53<0.7,$E53*$F53," ")," ")," ") | U53: =IF(ISNUMBER(SEARCH("bench",$C53)),IF($D53>=0.7,IF($D53<0.8,$E53*$F53," ")," ")," ") -> 16 | V53: =IF(ISNUMBER(SEARCH("bench",$C53)),IF($D53>=0.8,IF($D53<0.9,$E53*$F53," ")," ")," ") | W53: =IF(ISNUMBER(SEARCH("bench",$C53)),IF($D53>=0.9,$E53*$F53," ")," ")
B54: 4 | C54: Chest Muscles | E54: 6 | F54: 5
B55: 5 | C55: Abs | E55: 10 | F55: 3
B57: Saturday | D57: % | E57: Reps | F57: Sets | G57: Weight | AC57: Notes:
B58: 1 | C58: Deadlift off boxes, bar is at 5 cm below knees | D58: 0.6 | E58: 3 | F58: 1 | G58: ='Start Here'!$F$23*D58 -> 60 | L58: =E58*F58 -> 3 | M58: =G58*L58 -> 180 | X58: =IF(ISNUMBER(SEARCH("deadlift",$C58)),IF($D58>=0.5,IF($D58<0.6,$E58*$F58," ")," ")," ") | Y58: =IF(ISNUMBER(SEARCH("deadlift",$C58)),IF($D58>=0.6,IF($D58<0.7,$E58*$F58," ")," ")," ") -> 3 | Z58: =IF(ISNUMBER(SEARCH("deadlift",$C58)),IF($D58>=0.7,IF($D58<0.8,$E58*$F58," ")," ")," ") | AA58: =IF(ISNUMBER(SEARCH("deadlift",$C58)),IF($D58>=0.8,IF($D58<0.9,$E58*$F58," ")," ")," ") | AB58: =IF(ISNUMBER(SEARCH("deadlift",$C58)),IF($D58>=0.9,$E58*$F58," ")," ")
C59: Deadlift off boxes, bar is at 5 cm below knees | D59: 0.7 | E59: 3 | F59: 1 | G59: ='Start Here'!$F$23*D59 -> 70 | L59: =E59*F59 -> 3 | M59: =G59*L59 -> 210 | X59: =IF(ISNUMBER(SEARCH("deadlift",$C59)),IF($D59>=0.5,IF($D59<0.6,$E59*$F59," ")," ")," ") | Y59: =IF(ISNUMBER(SEARCH("deadlift",$C59)),IF($D59>=0.6,IF($D59<0.7,$E59*$F59," ")," ")," ") | Z59: =IF(ISNUMBER(SEARCH("deadlift",$C59)),IF($D59>=0.7,IF($D59<0.8,$E59*$F59," ")," ")," ") -> 3 | AA59: =IF(ISNUMBER(SEARCH("deadlift",$C59)),IF($D59>=0.8,IF($D59<0.9,$E59*$F59," ")," ")," ") | AB59: =IF(ISNUMBER(SEARCH("deadlift",$C59)),IF($D59>=0.9,$E59*$F59," ")," ")
C60: Deadlift off boxes, bar is at 5 cm below knees | D60: 0.8 | E60: 3 | F60: 2 | G60: ='Start Here'!$F$23*D60 -> 80 | L60: =E60*F60 -> 6 | M60: =G60*L60 -> 480 | X60: =IF(ISNUMBER(SEARCH("deadlift",$C60)),IF($D60>=0.5,IF($D60<0.6,$E60*$F60," ")," ")," ") | Y60: =IF(ISNUMBER(SEARCH("deadlift",$C60)),IF($D60>=0.6,IF($D60<0.7,$E60*$F60," ")," ")," ") | Z60: =IF(ISNUMBER(SEARCH("deadlift",$C60)),IF($D60>=0.7,IF($D60<0.8,$E60*$F60," ")," ")," ") | AA60: =IF(ISNUMBER(SEARCH("deadlift",$C60)),IF($D60>=0.8,IF($D60<0.9,$E60*$F60," ")," ")," ") -> 6 | AB60: =IF(ISNUMBER(SEARCH("deadlift",$C60)),IF($D60>=0.9,$E60*$F60," ")," ")
C61: Deadlift off boxes, bar is at 5 cm below knees | D61: 0.85 | E61: 3 | F61: 4 | G61: ='Start Here'!$F$23*D61 -> 85 | L61: =E61*F61 -> 12 | M61: =G61*L61 -> 1020 | X61: =IF(ISNUMBER(SEARCH("deadlift",$C61)),IF($D61>=0.5,IF($D61<0.6,$E61*$F61," ")," ")," ") | Y61: =IF(ISNUMBER(SEARCH("deadlift",$C61)),IF($D61>=0.6,IF($D61<0.7,$E61*$F61," ")," ")," ") | Z61: =IF(ISNUMBER(SEARCH("deadlift",$C61)),IF($D61>=0.7,IF($D61<0.8,$E61*$F61," ")," ")," ") | AA61: =IF(ISNUMBER(SEARCH("deadlift",$C61)),IF($D61>=0.8,IF($D61<0.9,$E61*$F61," ")," ")," ") -> 12 | AB61: =IF(ISNUMBER(SEARCH("deadlift",$C61)),IF($D61>=0.9,$E61*$F61," ")," ")
B62: 2 | C62: Incline Shoulder Press | E62: 3 | F62: 5
B63: 3 | C63: Delts | E63: 6 | F63: 4
B64: 4 | C64: Lat Muscles | E64: 6 | F64: 5
B65: 5 | C65: Hyperextension | E65: 8 | F65: 4
H66: =SUM(H7:H65) -> 59 | I66: =SUM(I7:I65) -> 3920 | J66: =SUM(J7:J65) -> 103 | K66: =SUM(K7:K65) -> 7180 | L66: =SUM(L7:L65) -> 59 | M66: =SUM(M7:M65) -> 4415 | N66: =SUM(N7:N65) -> 10 | O66: =SUM(O7:O65) -> 9 | ... AB66: =SUM(AB7:AB65) -> 0
B67: WEEK 2
B68: Monday | D68: % | E68: Reps | F68: Sets | G68: Weight | AC68: Notes:
B69: 1 | C69: Bench press | D69: 0.5 | E69: 5 | F69: 1 | G69: ='Start Here'!$F$22*D69 -> 50 | J69: =E69*F69 -> 5 | K69: =G69*J69 -> 250 | S69: =IF(ISNUMBER(SEARCH("bench",$C69)),IF($D69>=0.5,IF($D69<0.6,$E69*$F69," ")," ")," ") -> 5 | T69: =IF(ISNUMBER(SEARCH("bench",$C69)),IF($D69>=0.6,IF($D69<0.7,$E69*$F69," ")," ")," ") | U69: =IF(ISNUMBER(SEARCH("bench",$C69)),IF($D69>=0.7,IF($D69<0.8,$E69*$F69," ")," ")," ") | V69: =IF(ISNUMBER(SEARCH("bench",$C69)),IF($D69>=0.8,IF($D69<0.9,$E69*$F69," ")," ")," ") | W69: =IF(ISNUMBER(SEARCH("bench",$C69)),IF($D69>=0.9,$E69*$F69," ")," ")
C70: Bench press | D70: 0.6 | E70: 4 | F70: 1 | G70: ='Start Here'!$F$22*D70 -> 60 | J70: =E70*F70 -> 4 | K70: =G70*J70 -> 240 | S70: =IF(ISNUMBER(SEARCH("bench",$C70)),IF($D70>=0.5,IF($D70<0.6,$E70*$F70," ")," ")," ") | T70: =IF(ISNUMBER(SEARCH("bench",$C70)),IF($D70>=0.6,IF($D70<0.7,$E70*$F70," ")," ")," ") -> 4 | U70: =IF(ISNUMBER(SEARCH("bench",$C70)),IF($D70>=0.7,IF($D70<0.8,$E70*$F70," ")," ")," ") | V70: =IF(ISNUMBER(SEARCH("bench",$C70)),IF($D70>=0.8,IF($D70<0.9,$E70*$F70," ")," ")," ") | W70: =IF(ISNUMBER(SEARCH("bench",$C70)),IF($D70>=0.9,$E70*$F70," ")," ")
C71: Bench press | D71: 0.7 | E71: 3 | F71: 1 | G71: ='Start Here'!$F$22*D71 -> 70 | J71: =E71*F71 -> 3 | K71: =G71*J71 -> 210 | S71: =IF(ISNUMBER(SEARCH("bench",$C71)),IF($D71>=0.5,IF($D71<0.6,$E71*$F71," ")," ")," ") | T71: =IF(ISNUMBER(SEARCH("bench",$C71)),IF($D71>=0.6,IF($D71<0.7,$E71*$F71," ")," ")," ") | U71: =IF(ISNUMBER(SEARCH("bench",$C71)),IF($D71>=0.7,IF($D71<0.8,$E71*$F71," ")," ")," ") -> 3 | V71: =IF(ISNUMBER(SEARCH("bench",$C71)),IF($D71>=0.8,IF($D71<0.9,$E71*$F71," ")," ")," ") | W71: =IF(ISNUMBER(SEARCH("bench",$C71)),IF($D71>=0.9,$E71*$F71," ")," ")
C72: Bench press | D72: 0.8 | E72: 2 | F72: 4 | G72: ='Start Here'!$F$22*D72 -> 80 | J72: =E72*F72 -> 8 | K72: =G72*J72 -> 640 | S72: =IF(ISNUMBER(SEARCH("bench",$C72)),IF($D72>=0.5,IF($D72<0.6,$E72*$F72," ")," ")," ") | T72: =IF(ISNUMBER(SEARCH("bench",$C72)),IF($D72>=0.6,IF($D72<0.7,$E72*$F72," ")," ")," ") | U72: =IF(ISNUMBER(SEARCH("bench",$C72)),IF($D72>=0.7,IF($D72<0.8,$E72*$F72," ")," ")," ") | V72: =IF(ISNUMBER(SEARCH("bench",$C72)),IF($D72>=0.8,IF($D72<0.9,$E72*$F72," ")," ")," ") -> 8 | W72: =IF(ISNUMBER(SEARCH("bench",$C72)),IF($D72>=0.9,$E72*$F72," ")," ")
B73: 2 | C73: Squat | D73: 0.5 | E73: 5 | F73: 1 | G73: ='Start Here'!$F$21*D73 -> 50 | H73: =E73*F73 -> 5 | I73: =G73*H73 -> 250 | N73: =IF(ISNUMBER(SEARCH("squat",$C73)),IF($D73>=0.5,IF($D73<0.6,$E73*$F73," ")," ")," ") -> 5 | O73: =IF(ISNUMBER(SEARCH("squat",$C73)),IF($D73>=0.6,IF($D73<0.7,$E73*$F73," ")," ")," ") | P73: =IF(ISNUMBER(SEARCH("squat",$C73)),IF($D73>=0.7,IF($D73<0.8,$E73*$F73," ")," ")," ") | Q73: =IF(ISNUMBER(SEARCH("squat",$C73)),IF($D73>=0.8,IF($D73<0.9,$E73*$F73," ")," ")," ") | R73: =IF(ISNUMBER(SEARCH("squat",$C73)),IF($D73>=0.9,$E73*$F73," ")," ")
C74: Squat | D74: 0.6 | E74: 4 | F74: 1 | G74: ='Start Here'!$F$21*D74 -> 60 | H74: =E74*F74 -> 4 | I74: =G74*H74 -> 240 | N74: =IF(ISNUMBER(SEARCH("squat",$C74)),IF($D74>=0.5,IF($D74<0.6,$E74*$F74," ")," ")," ") | O74: =IF(ISNUMBER(SEARCH("squat",$C74)),IF($D74>=0.6,IF($D74<0.7,$E74*$F74," ")," ")," ") -> 4 | P74: =IF(ISNUMBER(SEARCH("squat",$C74)),IF($D74>=0.7,IF($D74<0.8,$E74*$F74," ")," ")," ") | Q74: =IF(ISNUMBER(SEARCH("squat",$C74)),IF($D74>=0.8,IF($D74<0.9,$E74*$F74," ")," ")," ") | R74: =IF(ISNUMBER(SEARCH("squat",$C74)),IF($D74>=0.9,$E74*$F74," ")," ")
C75: Squat | D75: 0.7 | E75: 3 | F75: 1 | G75: ='Start Here'!$F$21*D75 -> 70 | H75: =E75*F75 -> 3 | I75: =G75*H75 -> 210 | N75: =IF(ISNUMBER(SEARCH("squat",$C75)),IF($D75>=0.5,IF($D75<0.6,$E75*$F75," ")," ")," ") | O75: =IF(ISNUMBER(SEARCH("squat",$C75)),IF($D75>=0.6,IF($D75<0.7,$E75*$F75," ")," ")," ") | P75: =IF(ISNUMBER(SEARCH("squat",$C75)),IF($D75>=0.7,IF($D75<0.8,$E75*$F75," ")," ")," ") -> 3 | Q75: =IF(ISNUMBER(SEARCH("squat",$C75)),IF($D75>=0.8,IF($D75<0.9,$E75*$F75," ")," ")," ") | R75: =IF(ISNUMBER(SEARCH("squat",$C75)),IF($D75>=0.9,$E75*$F75," ")," ")
C76: Squat | D76: 0.8 | E76: 2 | F76: 4 | G76: ='Start Here'!$F$21*D76 -> 80 | H76: =E76*F76 -> 8 | I76: =G76*H76 -> 640 | N76: =IF(ISNUMBER(SEARCH("squat",$C76)),IF($D76>=0.5,IF($D76<0.6,$E76*$F76," ")," ")," ") | O76: =IF(ISNUMBER(SEARCH("squat",$C76)),IF($D76>=0.6,IF($D76<0.7,$E76*$F76," ")," ")," ") | P76: =IF(ISNUMBER(SEARCH("squat",$C76)),IF($D76>=0.7,IF($D76<0.8,$E76*$F76," ")," ")," ") | Q76: =IF(ISNUMBER(SEARCH("squat",$C76)),IF($D76>=0.8,IF($D76<0.9,$E76*$F76," ")," ")," ") -> 8 | R76: =IF(ISNUMBER(SEARCH("squat",$C76)),IF($D76>=0.9,$E76*$F76," ")," ")
B77: 3 | C77: Bench press w/chains | D77: 0.5 | E77: 3 | F77: 1 | G77: ='Start Here'!$F$22*D77 -> 50 | J77: =E77*F77 -> 3 | K77: =G77*J77 -> 150 | S77: =IF(ISNUMBER(SEARCH("bench",$C77)),IF($D77>=0.5,IF($D77<0.6,$E77*$F77," ")," ")," ") -> 3 | T77: =IF(ISNUMBER(SEARCH("bench",$C77)),IF($D77>=0.6,IF($D77<0.7,$E77*$F77," ")," ")," ") | U77: =IF(ISNUMBER(SEARCH("bench",$C77)),IF($D77>=0.7,IF($D77<0.8,$E77*$F77," ")," ")," ") | V77: =IF(ISNUMBER(SEARCH("bench",$C77)),IF($D77>=0.8,IF($D77<0.9,$E77*$F77," ")," ")," ") | W77: =IF(ISNUMBER(SEARCH("bench",$C77)),IF($D77>=0.9,$E77*$F77," ")," ")
C78: Bench press w/chains | D78: 0.6 | E78: 3 | F78: 1 | G78: ='Start Here'!$F$22*D78 -> 60 | J78: =E78*F78 -> 3 | K78: =G78*J78 -> 180 | S78: =IF(ISNUMBER(SEARCH("bench",$C78)),IF($D78>=0.5,IF($D78<0.6,$E78*$F78," ")," ")," ") | T78: =IF(ISNUMBER(SEARCH("bench",$C78)),IF($D78>=0.6,IF($D78<0.7,$E78*$F78," ")," ")," ") -> 3 | U78: =IF(ISNUMBER(SEARCH("bench",$C78)),IF($D78>=0.7,IF($D78<0.8,$E78*$F78," ")," ")," ") | V78: =IF(ISNUMBER(SEARCH("bench",$C78)),IF($D78>=0.8,IF($D78<0.9,$E78*$F78," ")," ")," ") | W78: =IF(ISNUMBER(SEARCH("bench",$C78)),IF($D78>=0.9,$E78*$F78," ")," ")
C79: Bench press w/chains | D79: 0.7 | E79: 3 | F79: 1 | G79: ='Start Here'!$F$22*D79 -> 70 | J79: =E79*F79 -> 3 | K79: =G79*J79 -> 210 | S79: =IF(ISNUMBER(SEARCH("bench",$C79)),IF($D79>=0.5,IF($D79<0.6,$E79*$F79," ")," ")," ") | T79: =IF(ISNUMBER(SEARCH("bench",$C79)),IF($D79>=0.6,IF($D79<0.7,$E79*$F79," ")," ")," ") | U79: =IF(ISNUMBER(SEARCH("bench",$C79)),IF($D79>=0.7,IF($D79<0.8,$E79*$F79," ")," ")," ") -> 3 | V79: =IF(ISNUMBER(SEARCH("bench",$C79)),IF($D79>=0.8,IF($D79<0.9,$E79*$F79," ")," ")," ") | W79: =IF(ISNUMBER(SEARCH("bench",$C79)),IF($D79>=0.9,$E79*$F79," ")," ")
C80: Bench press w/chains | D80: 0.75 | E80: 2 | F80: 4 | G80: ='Start Here'!$F$22*D80 -> 75 | J80: =E80*F80 -> 8 | K80: =G80*J80 -> 600 | S80: =IF(ISNUMBER(SEARCH("bench",$C80)),IF($D80>=0.5,IF($D80<0.6,$E80*$F80," ")," ")," ") | T80: =IF(ISNUMBER(SEARCH("bench",$C80)),IF($D80>=0.6,IF($D80<0.7,$E80*$F80," ")," ")," ") | U80: =IF(ISNUMBER(SEARCH("bench",$C80)),IF($D80>=0.7,IF($D80<0.8,$E80*$F80," ")," ")," ") -> 8 | V80: =IF(ISNUMBER(SEARCH("bench",$C80)),IF($D80>=0.8,IF($D80<0.9,$E80*$F80," ")," ")," ") | W80: =IF(ISNUMBER(SEARCH("bench",$C80)),IF($D80>=0.9,$E80*$F80," ")," ")
B81: 4 | C81: Chest Muscles | E81: 8 | F81: 5
B82: 5 | C82: Good morning | E82: 5 | F82: 5
B84: Wednesday | D84: % | E84: Reps | F84: Sets | G84: Weight | AC84: Notes:
B85: 1 | C85: Deadlift to knees | D85: 0.5 | E85: 3 | F85: 1 | G85: ='Start Here'!$F$23*D85 -> 50 | L85: =E85*F85 -> 3 | M85: =G85*L85 -> 150 | X85: =IF(ISNUMBER(SEARCH("deadlift",$C85)),IF($D85>=0.5,IF($D85<0.6,$E85*$F85," ")," ")," ") -> 3 | Y85: =IF(ISNUMBER(SEARCH("deadlift",$C85)),IF($D85>=0.6,IF($D85<0.7,$E85*$F85," ")," ")," ") | Z85: =IF(ISNUMBER(SEARCH("deadlift",$C85)),IF($D85>=0.7,IF($D85<0.8,$E85*$F85," ")," ")," ") | AA85: =IF(ISNUMBER(SEARCH("deadlift",$C85)),IF($D85>=0.8,IF($D85<0.9,$E85*$F85," ")," ")," ") | AB85: =IF(ISNUMBER(SEARCH("deadlift",$C85)),IF($D85>=0.9,$E85*$F85," ")," ")
C86: Deadlift to knees | D86: 0.6 | E86: 3 | F86: 1 | G86: ='Start Here'!$F$23*D86 -> 60 | L86: =E86*F86 -> 3 | M86: =G86*L86 -> 180 | X86: =IF(ISNUMBER(SEARCH("deadlift",$C86)),IF($D86>=0.5,IF($D86<0.6,$E86*$F86," ")," ")," ") | Y86: =IF(ISNUMBER(SEARCH("deadlift",$C86)),IF($D86>=0.6,IF($D86<0.7,$E86*$F86," ")," ")," ") -> 3 | Z86: =IF(ISNUMBER(SEARCH("deadlift",$C86)),IF($D86>=0.7,IF($D86<0.8,$E86*$F86," ")," ")," ") | AA86: =IF(ISNUMBER(SEARCH("deadlift",$C86)),IF($D86>=0.8,IF($D86<0.9,$E86*$F86," ")," ")," ") | AB86: =IF(ISNUMBER(SEARCH("deadlift",$C86)),IF($D86>=0.9,$E86*$F86," ")," ")
C87: Deadlift to knees | D87: 0.7 | E87: 2 | F87: 4 | G87: ='Start Here'!$F$23*D87 -> 70 | L87: =E87*F87 -> 8 | M87: =G87*L87 -> 560 | X87: =IF(ISNUMBER(SEARCH("deadlift",$C87)),IF($D87>=0.5,IF($D87<0.6,$E87*$F87," ")," ")," ") | Y87: =IF(ISNUMBER(SEARCH("deadlift",$C87)),IF($D87>=0.6,IF($D87<0.7,$E87*$F87," ")," ")," ") | Z87: =IF(ISNUMBER(SEARCH("deadlift",$C87)),IF($D87>=0.7,IF($D87<0.8,$E87*$F87," ")," ")," ") -> 8 | AA87: =IF(ISNUMBER(SEARCH("deadlift",$C87)),IF($D87>=0.8,IF($D87<0.9,$E87*$F87," ")," ")," ") | AB87: =IF(ISNUMBER(SEARCH("deadlift",$C87)),IF($D87>=0.9,$E87*$F87," ")," ")
B88: 2 | C88: Bench press w/board | D88: 0.55 | E88: 5 | F88: 1 | G88: ='Start Here'!$F$22*D88 -> 55 | J88: =E88*F88 -> 5 | K88: =G88*J88 -> 275 | S88: =IF(ISNUMBER(SEARCH("bench",$C88)),IF($D88>=0.5,IF($D88<0.6,$E88*$F88," ")," ")," ") -> 5 | T88: =IF(ISNUMBER(SEARCH("bench",$C88)),IF($D88>=0.6,IF($D88<0.7,$E88*$F88," ")," ")," ") | U88: =IF(ISNUMBER(SEARCH("bench",$C88)),IF($D88>=0.7,IF($D88<0.8,$E88*$F88," ")," ")," ") | V88: =IF(ISNUMBER(SEARCH("bench",$C88)),IF($D88>=0.8,IF($D88<0.9,$E88*$F88," ")," ")," ") | W88: =IF(ISNUMBER(SEARCH("bench",$C88)),IF($D88>=0.9,$E88*$F88," ")," ")
C89: Bench press w/board | D89: 0.65 | E89: 4 | F89: 1 | G89: ='Start Here'!$F$22*D89 -> 65 | J89: =E89*F89 -> 4 | K89: =G89*J89 -> 260 | S89: =IF(ISNUMBER(SEARCH("bench",$C89)),IF($D89>=0.5,IF($D89<0.6,$E89*$F89," ")," ")," ") | T89: =IF(ISNUMBER(SEARCH("bench",$C89)),IF($D89>=0.6,IF($D89<0.7,$E89*$F89," ")," ")," ") -> 4 | U89: =IF(ISNUMBER(SEARCH("bench",$C89)),IF($D89>=0.7,IF($D89<0.8,$E89*$F89," ")," ")," ") | V89: =IF(ISNUMBER(SEARCH("bench",$C89)),IF($D89>=0.8,IF($D89<0.9,$E89*$F89," ")," ")," ") | W89: =IF(ISNUMBER(SEARCH("bench",$C89)),IF($D89>=0.9,$E89*$F89," ")," ")
C90: Bench press w/board | D90: 0.75 | E90: 4 | F90: 2 | G90: ='Start Here'!$F$22*D90 -> 75 | J90: =E90*F90 -> 8 | K90: =G90*J90 -> 600 | S90: =IF(ISNUMBER(SEARCH("bench",$C90)),IF($D90>=0.5,IF($D90<0.6,$E90*$F90," ")," ")," ") | T90: =IF(ISNUMBER(SEARCH("bench",$C90)),IF($D90>=0.6,IF($D90<0.7,$E90*$F90," ")," ")," ") | U90: =IF(ISNUMBER(SEARCH("bench",$C90)),IF($D90>=0.7,IF($D90<0.8,$E90*$F90," ")," ")," ") -> 8 | V90: =IF(ISNUMBER(SEARCH("bench",$C90)),IF($D90>=0.8,IF($D90<0.9,$E90*$F90," ")," ")," ") | W90: =IF(ISNUMBER(SEARCH("bench",$C90)),IF($D90>=0.9,$E90*$F90," ")," ")
C91: Bench press w/board | D91: 0.85 | E91: 3 | F91: 2 | G91: ='Start Here'!$F$22*D91 -> 85 | J91: =E91*F91 -> 6 | K91: =G91*J91 -> 510 | S91: =IF(ISNUMBER(SEARCH("bench",$C91)),IF($D91>=0.5,IF($D91<0.6,$E91*$F91," ")," ")," ") | T91: =IF(ISNUMBER(SEARCH("bench",$C91)),IF($D91>=0.6,IF($D91<0.7,$E91*$F91," ")," ")," ") | U91: =IF(ISNUMBER(SEARCH("bench",$C91)),IF($D91>=0.7,IF($D91<0.8,$E91*$F91," ")," ")," ") | V91: =IF(ISNUMBER(SEARCH("bench",$C91)),IF($D91>=0.8,IF($D91<0.9,$E91*$F91," ")," ")," ") -> 6 | W91: =IF(ISNUMBER(SEARCH("bench",$C91)),IF($D91>=0.9,$E91*$F91," ")," ")
C92: Bench press w/board | D92: 0.9 | E92: 2 | F92: 3 | G92: ='Start Here'!$F$22*D92 -> 90 | J92: =E92*F92 -> 6 | K92: =G92*J92 -> 540 | S92: =IF(ISNUMBER(SEARCH("bench",$C92)),IF($D92>=0.5,IF($D92<0.6,$E92*$F92," ")," ")," ") | T92: =IF(ISNUMBER(SEARCH("bench",$C92)),IF($D92>=0.6,IF($D92<0.7,$E92*$F92," ")," ")," ") | U92: =IF(ISNUMBER(SEARCH("bench",$C92)),IF($D92>=0.7,IF($D92<0.8,$E92*$F92," ")," ")," ") | V92: =IF(ISNUMBER(SEARCH("bench",$C92)),IF($D92>=0.8,IF($D92<0.9,$E92*$F92," ")," ")," ") | W92: =IF(ISNUMBER(SEARCH("bench",$C92)),IF($D92>=0.9,$E92*$F92," ")," ") -> 6
B93: 3 | C93: Deadlift w/chains | D93: 0.5 | E93: 3 | F93: 1 | G93: ='Start Here'!$F$23*D93 -> 50 | L93: =E93*F93 -> 3 | M93: =G93*L93 -> 150 | X93: =IF(ISNUMBER(SEARCH("deadlift",$C93)),IF($D93>=0.5,IF($D93<0.6,$E93*$F93," ")," ")," ") -> 3 | Y93: =IF(ISNUMBER(SEARCH("deadlift",$C93)),IF($D93>=0.6,IF($D93<0.7,$E93*$F93," ")," ")," ") | Z93: =IF(ISNUMBER(SEARCH("deadlift",$C93)),IF($D93>=0.7,IF($D93<0.8,$E93*$F93," ")," ")," ") | AA93: =IF(ISNUMBER(SEARCH("deadlift",$C93)),IF($D93>=0.8,IF($D93<0.9,$E93*$F93," ")," ")," ") | AB93: =IF(ISNUMBER(SEARCH("deadlift",$C93)),IF($D93>=0.9,$E93*$F93," ")," ")
C94: Deadlift w/chains | D94: 0.6 | E94: 3 | F94: 1 | G94: ='Start Here'!$F$23*D94 -> 60 | L94: =E94*F94 -> 3 | M94: =G94*L94 -> 180 | X94: =IF(ISNUMBER(SEARCH("deadlift",$C94)),IF($D94>=0.5,IF($D94<0.6,$E94*$F94," ")," ")," ") | Y94: =IF(ISNUMBER(SEARCH("deadlift",$C94)),IF($D94>=0.6,IF($D94<0.7,$E94*$F94," ")," ")," ") -> 3 | Z94: =IF(ISNUMBER(SEARCH("deadlift",$C94)),IF($D94>=0.7,IF($D94<0.8,$E94*$F94," ")," ")," ") | AA94: =IF(ISNUMBER(SEARCH("deadlift",$C94)),IF($D94>=0.8,IF($D94<0.9,$E94*$F94," ")," ")," ") | AB94: =IF(ISNUMBER(SEARCH("deadlift",$C94)),IF($D94>=0.9,$E94*$F94," ")," ")
C95: Deadlift w/chains | D95: 0.7 | E95: 3 | F95: 1 | G95: ='Start Here'!$F$23*D95 -> 70 | L95: =E95*F95 -> 3 | M95: =G95*L95 -> 210 | X95: =IF(ISNUMBER(SEARCH("deadlift",$C95)),IF($D95>=0.5,IF($D95<0.6,$E95*$F95," ")," ")," ") | Y95: =IF(ISNUMBER(SEARCH("deadlift",$C95)),IF($D95>=0.6,IF($D95<0.7,$E95*$F95," ")," ")," ") | Z95: =IF(ISNUMBER(SEARCH("deadlift",$C95)),IF($D95>=0.7,IF($D95<0.8,$E95*$F95," ")," ")," ") -> 3 | AA95: =IF(ISNUMBER(SEARCH("deadlift",$C95)),IF($D95>=0.8,IF($D95<0.9,$E95*$F95," ")," ")," ") | AB95: =IF(ISNUMBER(SEARCH("deadlift",$C95)),IF($D95>=0.9,$E95*$F95," ")," ")
C96: Deadlift w/chains | D96: 0.75 | E96: 2 | F96: 4 | G96: ='Start Here'!$F$23*D96 -> 75 | L96: =E96*F96 -> 8 | M96: =G96*L96 -> 600 | X96: =IF(ISNUMBER(SEARCH("deadlift",$C96)),IF($D96>=0.5,IF($D96<0.6,$E96*$F96," ")," ")," ") | Y96: =IF(ISNUMBER(SEARCH("deadlift",$C96)),IF($D96>=0.6,IF($D96<0.7,$E96*$F96," ")," ")," ") | Z96: =IF(ISNUMBER(SEARCH("deadlift",$C96)),IF($D96>=0.7,IF($D96<0.8,$E96*$F96," ")," ")," ") -> 8 | AA96: =IF(ISNUMBER(SEARCH("deadlift",$C96)),IF($D96>=0.8,IF($D96<0.9,$E96*$F96," ")," ")," ") | AB96: =IF(ISNUMBER(SEARCH("deadlift",$C96)),IF($D96>=0.9,$E96*$F96," ")," ")
B97: 4 | C97: Triceps | E97: 6 | F97: 5
B98: 5 | C98: Abs | E98: 10 | F98: 4
B100: Friday | D100: % | E100: Reps | F100: Sets | G100: Weight | AC100: Notes:
B101: 1 | C101: Squat | D101: 0.55 | E101: 5 | F101: 1 | G101: ='Start Here'!$F$21*D101 -> 55 | H101: =E101*F101 -> 5 | I101: =G101*H101 -> 275 | N101: =IF(ISNUMBER(SEARCH("squat",$C101)),IF($D101>=0.5,IF($D101<0.6,$E101*$F101," ")," ")," ") -> 5 | O101: =IF(ISNUMBER(SEARCH("squat",$C101)),IF($D101>=0.6,IF($D101<0.7,$E101*$F101," ")," ")," ") | P101: =IF(ISNUMBER(SEARCH("squat",$C101)),IF($D101>=0.7,IF($D101<0.8,$E101*$F101," ")," ")," ") | Q101: =IF(ISNUMBER(SEARCH("squat",$C101)),IF($D101>=0.8,IF($D101<0.9,$E101*$F101," ")," ")," ") | R101: =IF(ISNUMBER(SEARCH("squat",$C101)),IF($D101>=0.9,$E101*$F101," ")," ")
C102: Squat | D102: 0.65 | E102: 4 | F102: 1 | G102: ='Start Here'!$F$21*D102 -> 65 | H102: =E102*F102 -> 4 | I102: =G102*H102 -> 260 | N102: =IF(ISNUMBER(SEARCH("squat",$C102)),IF($D102>=0.5,IF($D102<0.6,$E102*$F102," ")," ")," ") | O102: =IF(ISNUMBER(SEARCH("squat",$C102)),IF($D102>=0.6,IF($D102<0.7,$E102*$F102," ")," ")," ") -> 4 | P102: =IF(ISNUMBER(SEARCH("squat",$C102)),IF($D102>=0.7,IF($D102<0.8,$E102*$F102," ")," ")," ") | Q102: =IF(ISNUMBER(SEARCH("squat",$C102)),IF($D102>=0.8,IF($D102<0.9,$E102*$F102," ")," ")," ") | R102: =IF(ISNUMBER(SEARCH("squat",$C102)),IF($D102>=0.9,$E102*$F102," ")," ")
C103: Squat | D103: 0.75 | E103: 3 | F103: 1 | G103: ='Start Here'!$F$21*D103 -> 75 | H103: =E103*F103 -> 3 | I103: =G103*H103 -> 225 | N103: =IF(ISNUMBER(SEARCH("squat",$C103)),IF($D103>=0.5,IF($D103<0.6,$E103*$F103," ")," ")," ") | O103: =IF(ISNUMBER(SEARCH("squat",$C103)),IF($D103>=0.6,IF($D103<0.7,$E103*$F103," ")," ")," ") | P103: =IF(ISNUMBER(SEARCH("squat",$C103)),IF($D103>=0.7,IF($D103<0.8,$E103*$F103," ")," ")," ") -> 3 | Q103: =IF(ISNUMBER(SEARCH("squat",$C103)),IF($D103>=0.8,IF($D103<0.9,$E103*$F103," ")," ")," ") | R103: =IF(ISNUMBER(SEARCH("squat",$C103)),IF($D103>=0.9,$E103*$F103," ")," ")
C104: Squat | D104: 0.85 | E104: 2 | F104: 4 | G104: ='Start Here'!$F$21*D104 -> 85 | H104: =E104*F104 -> 8 | I104: =G104*H104 -> 680 | N104: =IF(ISNUMBER(SEARCH("squat",$C104)),IF($D104>=0.5,IF($D104<0.6,$E104*$F104," ")," ")," ") | O104: =IF(ISNUMBER(SEARCH("squat",$C104)),IF($D104>=0.6,IF($D104<0.7,$E104*$F104," ")," ")," ") | P104: =IF(ISNUMBER(SEARCH("squat",$C104)),IF($D104>=0.7,IF($D104<0.8,$E104*$F104," ")," ")," ") | Q104: =IF(ISNUMBER(SEARCH("squat",$C104)),IF($D104>=0.8,IF($D104<0.9,$E104*$F104," ")," ")," ") -> 8 | R104: =IF(ISNUMBER(SEARCH("squat",$C104)),IF($D104>=0.9,$E104*$F104," ")," ")
B105: 2 | C105: Bench press | D105: 0.5 | E105: 5 | F105: 1 | G105: ='Start Here'!$F$22*D105 -> 50 | J105: =E105*F105 -> 5 | K105: =G105*J105 -> 250 | S105: =IF(ISNUMBER(SEARCH("bench",$C105)),IF($D105>=0.5,IF($D105<0.6,$E105*$F105," ")," ")," ") -> 5 | T105: =IF(ISNUMBER(SEARCH("bench",$C105)),IF($D105>=0.6,IF($D105<0.7,$E105*$F105," ")," ")," ") | U105: =IF(ISNUMBER(SEARCH("bench",$C105)),IF($D105>=0.7,IF($D105<0.8,$E105*$F105," ")," ")," ") | V105: =IF(ISNUMBER(SEARCH("bench",$C105)),IF($D105>=0.8,IF($D105<0.9,$E105*$F105," ")," ")," ") | W105: =IF(ISNUMBER(SEARCH("bench",$C105)),IF($D105>=0.9,$E105*$F105," ")," ")
C106: Bench press | D106: 0.6 | E106: 4 | F106: 1 | G106: ='Start Here'!$F$22*D106 -> 60 | J106: =E106*F106 -> 4 | K106: =G106*J106 -> 240 | S106: =IF(ISNUMBER(SEARCH("bench",$C106)),IF($D106>=0.5,IF($D106<0.6,$E106*$F106," ")," ")," ") | T106: =IF(ISNUMBER(SEARCH("bench",$C106)),IF($D106>=0.6,IF($D106<0.7,$E106*$F106," ")," ")," ") -> 4 | U106: =IF(ISNUMBER(SEARCH("bench",$C106)),IF($D106>=0.7,IF($D106<0.8,$E106*$F106," ")," ")," ") | V106: =IF(ISNUMBER(SEARCH("bench",$C106)),IF($D106>=0.8,IF($D106<0.9,$E106*$F106," ")," ")," ") | W106: =IF(ISNUMBER(SEARCH("bench",$C106)),IF($D106>=0.9,$E106*$F106," ")," ")
C107: Bench press | D107: 0.7 | E107: 3 | F107: 1 | G107: ='Start Here'!$F$22*D107 -> 70 | J107: =E107*F107 -> 3 | K107: =G107*J107 -> 210 | S107: =IF(ISNUMBER(SEARCH("bench",$C107)),IF($D107>=0.5,IF($D107<0.6,$E107*$F107," ")," ")," ") | T107: =IF(ISNUMBER(SEARCH("bench",$C107)),IF($D107>=0.6,IF($D107<0.7,$E107*$F107," ")," ")," ") | U107: =IF(ISNUMBER(SEARCH("bench",$C107)),IF($D107>=0.7,IF($D107<0.8,$E107*$F107," ")," ")," ") -> 3 | V107: =IF(ISNUMBER(SEARCH("bench",$C107)),IF($D107>=0.8,IF($D107<0.9,$E107*$F107," ")," ")," ") | W107: =IF(ISNUMBER(SEARCH("bench",$C107)),IF($D107>=0.9,$E107*$F107," ")," ")
C108: Bench press | D108: 0.8 | E108: 3 | F108: 5 | G108: ='Start Here'!$F$22*D108 -> 80 | J108: =E108*F108 -> 15 | K108: =G108*J108 -> 1200 | S108: =IF(ISNUMBER(SEARCH("bench",$C108)),IF($D108>=0.5,IF($D108<0.6,$E108*$F108," ")," ")," ") | T108: =IF(ISNUMBER(SEARCH("bench",$C108)),IF($D108>=0.6,IF($D108<0.7,$E108*$F108," ")," ")," ") | U108: =IF(ISNUMBER(SEARCH("bench",$C108)),IF($D108>=0.7,IF($D108<0.8,$E108*$F108," ")," ")," ") | V108: =IF(ISNUMBER(SEARCH("bench",$C108)),IF($D108>=0.8,IF($D108<0.9,$E108*$F108," ")," ")," ") -> 15 | W108: =IF(ISNUMBER(SEARCH("bench",$C108)),IF($D108>=0.9,$E108*$F108," ")," ")
...

Sheet Prep Cycle III
B2: Preparatory Period III for Class 1 and Above Athletes
B5: WEEK 1 | N5: squat | S5: bench | X5: deadlift
B6: Monday | D6: % | E6: Reps | F6: Sets | G6: Weight | N6: 50-59 | O6: 60-69 | P6: 70-79 | Q6: 80-89 | R6: 90+ | S6: 50-59 | T6: 60-69 | U6: 70-79 | V6: 80-89 | W6: 90+ | X6: 50-59 | Y6: 60-69 | Z6: 70-79 | AA6: 80-89 | AB6: 90+ | AC6: Notes:
B7: 1 | C7: Squat | D7: 0.55 | E7: 5 | F7: 1 | G7: ='Start Here'!$F$21*D7 -> 55 | H7: =E7*F7 -> 5 | I7: =G7*H7 -> 275 | N7: =IF(ISNUMBER(SEARCH("squat",$C7)),IF($D7>=0.5,IF($D7<0.6,$E7*$F7," ")," ")," ") -> 5 | O7: =IF(ISNUMBER(SEARCH("squat",$C7)),IF($D7>=0.6,IF($D7<0.7,$E7*$F7," ")," ")," ") | P7: =IF(ISNUMBER(SEARCH("squat",$C7)),IF($D7>=0.7,IF($D7<0.8,$E7*$F7," ")," ")," ") | Q7: =IF(ISNUMBER(SEARCH("squat",$C7)),IF($D7>=0.8,IF($D7<0.9,$E7*$F7," ")," ")," ") | R7: =IF(ISNUMBER(SEARCH("squat",$C7)),IF($D7>=0.9,$E7*$F7," ")," ")
C8: Squat | D8: 0.65 | E8: 4 | F8: 1 | G8: ='Start Here'!$F$21*D8 -> 65 | H8: =E8*F8 -> 4 | I8: =G8*H8 -> 260 | N8: =IF(ISNUMBER(SEARCH("squat",$C8)),IF($D8>=0.5,IF($D8<0.6,$E8*$F8," ")," ")," ") | O8: =IF(ISNUMBER(SEARCH("squat",$C8)),IF($D8>=0.6,IF($D8<0.7,$E8*$F8," ")," ")," ") -> 4 | P8: =IF(ISNUMBER(SEARCH("squat",$C8)),IF($D8>=0.7,IF($D8<0.8,$E8*$F8," ")," ")," ") | Q8: =IF(ISNUMBER(SEARCH("squat",$C8)),IF($D8>=0.8,IF($D8<0.9,$E8*$F8," ")," ")," ") | R8: =IF(ISNUMBER(SEARCH("squat",$C8)),IF($D8>=0.9,$E8*$F8," ")," ")
C9: Squat | D9: 0.75 | E9: 3 | F9: 1 | G9: ='Start Here'!$F$21*D9 -> 75 | H9: =E9*F9 -> 3 | I9: =G9*H9 -> 225 | N9: =IF(ISNUMBER(SEARCH("squat",$C9)),IF($D9>=0.5,IF($D9<0.6,$E9*$F9," ")," ")," ") | O9: =IF(ISNUMBER(SEARCH("squat",$C9)),IF($D9>=0.6,IF($D9<0.7,$E9*$F9," ")," ")," ") | P9: =IF(ISNUMBER(SEARCH("squat",$C9)),IF($D9>=0.7,IF($D9<0.8,$E9*$F9," ")," ")," ") -> 3 | Q9: =IF(ISNUMBER(SEARCH("squat",$C9)),IF($D9>=0.8,IF($D9<0.9,$E9*$F9," ")," ")," ") | R9: =IF(ISNUMBER(SEARCH("squat",$C9)),IF($D9>=0.9,$E9*$F9," ")," ")
C10: Squat | D10: 0.85 | E10: 2 | F10: 3 | G10: ='Start Here'!$F$21*D10 -> 85 | H10: =E10*F10 -> 6 | I10: =G10*H10 -> 510 | N10: =IF(ISNUMBER(SEARCH("squat",$C10)),IF($D10>=0.5,IF($D10<0.6,$E10*$F10," ")," ")," ") | O10: =IF(ISNUMBER(SEARCH("squat",$C10)),IF($D10>=0.6,IF($D10<0.7,$E10*$F10," ")," ")," ") | P10: =IF(ISNUMBER(SEARCH("squat",$C10)),IF($D10>=0.7,IF($D10<0.8,$E10*$F10," ")," ")," ") | Q10: =IF(ISNUMBER(SEARCH("squat",$C10)),IF($D10>=0.8,IF($D10<0.9,$E10*$F10," ")," ")," ") -> 6 | R10: =IF(ISNUMBER(SEARCH("squat",$C10)),IF($D10>=0.9,$E10*$F10," ")," ")
B11: 2 | C11: Bench press | D11: 0.5 | E11: 5 | F11: 1 | G11: ='Start Here'!$F$22*D11 -> 50 | J11: =E11*F11 -> 5 | K11: =G11*J11 -> 250 | S11: =IF(ISNUMBER(SEARCH("bench",$C11)),IF($D11>=0.5,IF($D11<0.6,$E11*$F11," ")," ")," ") -> 5 | T11: =IF(ISNUMBER(SEARCH("bench",$C11)),IF($D11>=0.6,IF($D11<0.7,$E11*$F11," ")," ")," ") | U11: =IF(ISNUMBER(SEARCH("bench",$C11)),IF($D11>=0.7,IF($D11<0.8,$E11*$F11," ")," ")," ") | V11: =IF(ISNUMBER(SEARCH("bench",$C11)),IF($D11>=0.8,IF($D11<0.9,$E11*$F11," ")," ")," ") | W11: =IF(ISNUMBER(SEARCH("bench",$C11)),IF($D11>=0.9,$E11*$F11," ")," ")
C12: Bench press | D12: 0.6 | E12: 4 | F12: 1 | G12: ='Start Here'!$F$22*D12 -> 60 | J12: =E12*F12 -> 4 | K12: =G12*J12 -> 240 | S12: =IF(ISNUMBER(SEARCH("bench",$C12)),IF($D12>=0.5,IF($D12<0.6,$E12*$F12," ")," ")," ") | T12: =IF(ISNUMBER(SEARCH("bench",$C12)),IF($D12>=0.6,IF($D12<0.7,$E12*$F12," ")," ")," ") -> 4 | U12: =IF(ISNUMBER(SEARCH("bench",$C12)),IF($D12>=0.7,IF($D12<0.8,$E12*$F12," ")," ")," ") | V12: =IF(ISNUMBER(SEARCH("bench",$C12)),IF($D12>=0.8,IF($D12<0.9,$E12*$F12," ")," ")," ") | W12: =IF(ISNUMBER(SEARCH("bench",$C12)),IF($D12>=0.9,$E12*$F12," ")," ")
C13: Bench press | D13: 0.7 | E13: 3 | F13: 1 | G13: ='Start Here'!$F$22*D13 -> 70 | J13: =E13*F13 -> 3 | K13: =G13*J13 -> 210 | S13: =IF(ISNUMBER(SEARCH("bench",$C13)),IF($D13>=0.5,IF($D13<0.6,$E13*$F13," ")," ")," ") | T13: =IF(ISNUMBER(SEARCH("bench",$C13)),IF($D13>=0.6,IF($D13<0.7,$E13*$F13," ")," ")," ") | U13: =IF(ISNUMBER(SEARCH("bench",$C13)),IF($D13>=0.7,IF($D13<0.8,$E13*$F13," ")," ")," ") -> 3 | V13: =IF(ISNUMBER(SEARCH("bench",$C13)),IF($D13>=0.8,IF($D13<0.9,$E13*$F13," ")," ")," ") | W13: =IF(ISNUMBER(SEARCH("bench",$C13)),IF($D13>=0.9,$E13*$F13," ")," ")
C14: Bench press | D14: 0.8 | E14: 2 | F14: 4 | G14: ='Start Here'!$F$22*D14 -> 80 | J14: =E14*F14 -> 8 | K14: =G14*J14 -> 640 | S14: =IF(ISNUMBER(SEARCH("bench",$C14)),IF($D14>=0.5,IF($D14<0.6,$E14*$F14," ")," ")," ") | T14: =IF(ISNUMBER(SEARCH("bench",$C14)),IF($D14>=0.6,IF($D14<0.7,$E14*$F14," ")," ")," ") | U14: =IF(ISNUMBER(SEARCH("bench",$C14)),IF($D14>=0.7,IF($D14<0.8,$E14*$F14," ")," ")," ") | V14: =IF(ISNUMBER(SEARCH("bench",$C14)),IF($D14>=0.8,IF($D14<0.9,$E14*$F14," ")," ")," ") -> 8 | W14: =IF(ISNUMBER(SEARCH("bench",$C14)),IF($D14>=0.9,$E14*$F14," ")," ")
B15: 4 | C15: Squat | D15: 0.5 | E15: 3 | F15: 1 | G15: ='Start Here'!$F$21*D15 -> 50 | H15: =E15*F15 -> 3 | I15: =G15*H15 -> 150 | N15: =IF(ISNUMBER(SEARCH("squat",$C15)),IF($D15>=0.5,IF($D15<0.6,$E15*$F15," ")," ")," ") -> 3 | O15: =IF(ISNUMBER(SEARCH("squat",$C15)),IF($D15>=0.6,IF($D15<0.7,$E15*$F15," ")," ")," ") | P15: =IF(ISNUMBER(SEARCH("squat",$C15)),IF($D15>=0.7,IF($D15<0.8,$E15*$F15," ")," ")," ") | Q15: =IF(ISNUMBER(SEARCH("squat",$C15)),IF($D15>=0.8,IF($D15<0.9,$E15*$F15," ")," ")," ") | R15: =IF(ISNUMBER(SEARCH("squat",$C15)),IF($D15>=0.9,$E15*$F15," ")," ")
C16: Squat | D16: 0.6 | E16: 3 | F16: 1 | G16: ='Start Here'!$F$21*D16 -> 60 | H16: =E16*F16 -> 3 | I16: =G16*H16 -> 180 | N16: =IF(ISNUMBER(SEARCH("squat",$C16)),IF($D16>=0.5,IF($D16<0.6,$E16*$F16," ")," ")," ") | O16: =IF(ISNUMBER(SEARCH("squat",$C16)),IF($D16>=0.6,IF($D16<0.7,$E16*$F16," ")," ")," ") -> 3 | P16: =IF(ISNUMBER(SEARCH("squat",$C16)),IF($D16>=0.7,IF($D16<0.8,$E16*$F16," ")," ")," ") | Q16: =IF(ISNUMBER(SEARCH("squat",$C16)),IF($D16>=0.8,IF($D16<0.9,$E16*$F16," ")," ")," ") | R16: =IF(ISNUMBER(SEARCH("squat",$C16)),IF($D16>=0.9,$E16*$F16," ")," ")
C17: Squat | D17: 0.7 | E17: 3 | F17: 1 | G17: ='Start Here'!$F$21*D17 -> 70 | H17: =E17*F17 -> 3 | I17: =G17*H17 -> 210 | N17: =IF(ISNUMBER(SEARCH("squat",$C17)),IF($D17>=0.5,IF($D17<0.6,$E17*$F17," ")," ")," ") | O17: =IF(ISNUMBER(SEARCH("squat",$C17)),IF($D17>=0.6,IF($D17<0.7,$E17*$F17," ")," ")," ") | P17: =IF(ISNUMBER(SEARCH("squat",$C17)),IF($D17>=0.7,IF($D17<0.8,$E17*$F17," ")," ")," ") -> 3 | Q17: =IF(ISNUMBER(SEARCH("squat",$C17)),IF($D17>=0.8,IF($D17<0.9,$E17*$F17," ")," ")," ") | R17: =IF(ISNUMBER(SEARCH("squat",$C17)),IF($D17>=0.9,$E17*$F17," ")," ")
C18: Squat | D18: 0.8 | E18: 2 | F18: 4 | G18: ='Start Here'!$F$21*D18 -> 80 | H18: =E18*F18 -> 8 | I18: =G18*H18 -> 640 | N18: =IF(ISNUMBER(SEARCH("squat",$C18)),IF($D18>=0.5,IF($D18<0.6,$E18*$F18," ")," ")," ") | O18: =IF(ISNUMBER(SEARCH("squat",$C18)),IF($D18>=0.6,IF($D18<0.7,$E18*$F18," ")," ")," ") | P18: =IF(ISNUMBER(SEARCH("squat",$C18)),IF($D18>=0.7,IF($D18<0.8,$E18*$F18," ")," ")," ") | Q18: =IF(ISNUMBER(SEARCH("squat",$C18)),IF($D18>=0.8,IF($D18<0.9,$E18*$F18," ")," ")," ") -> 8 | R18: =IF(ISNUMBER(SEARCH("squat",$C18)),IF($D18>=0.9,$E18*$F18," ")," ")
B19: 3 | C19: Chest Muscles | E19: 6 | F19: 4
B20: 5 | C20: Goodmorning | E20: 5 | F20: 5
B22: Wednesday | D22: % | E22: Reps | F22: Sets | G22: Weight | AC22: Notes:
B23: 1 | C23: Bench press | D23: 0.5 | E23: 5 | F23: 1 | G23: ='Start Here'!$F$22*D23 -> 50 | J23: =E23*F23 -> 5 | K23: =G23*J23 -> 250 | S23: =IF(ISNUMBER(SEARCH("bench",$C23)),IF($D23>=0.5,IF($D23<0.6,$E23*$F23," ")," ")," ") -> 5 | T23: =IF(ISNUMBER(SEARCH("bench",$C23)),IF($D23>=0.6,IF($D23<0.7,$E23*$F23," ")," ")," ") | U23: =IF(ISNUMBER(SEARCH("bench",$C23)),IF($D23>=0.7,IF($D23<0.8,$E23*$F23," ")," ")," ") | V23: =IF(ISNUMBER(SEARCH("bench",$C23)),IF($D23>=0.8,IF($D23<0.9,$E23*$F23," ")," ")," ") | W23: =IF(ISNUMBER(SEARCH("bench",$C23)),IF($D23>=0.9,$E23*$F23," ")," ")
C24: Bench press | D24: 0.6 | E24: 4 | F24: 1 | G24: ='Start Here'!$F$22*D24 -> 60 | J24: =E24*F24 -> 4 | K24: =G24*J24 -> 240 | S24: =IF(ISNUMBER(SEARCH("bench",$C24)),IF($D24>=0.5,IF($D24<0.6,$E24*$F24," ")," ")," ") | T24: =IF(ISNUMBER(SEARCH("bench",$C24)),IF($D24>=0.6,IF($D24<0.7,$E24*$F24," ")," ")," ") -> 4 | U24: =IF(ISNUMBER(SEARCH("bench",$C24)),IF($D24>=0.7,IF($D24<0.8,$E24*$F24," ")," ")," ") | V24: =IF(ISNUMBER(SEARCH("bench",$C24)),IF($D24>=0.8,IF($D24<0.9,$E24*$F24," ")," ")," ") | W24: =IF(ISNUMBER(SEARCH("bench",$C24)),IF($D24>=0.9,$E24*$F24," ")," ")
C25: Bench press | D25: 0.7 | E25: 3 | F25: 1 | G25: ='Start Here'!$F$22*D25 -> 70 | J25: =E25*F25 -> 3 | K25: =G25*J25 -> 210 | S25: =IF(ISNUMBER(SEARCH("bench",$C25)),IF($D25>=0.5,IF($D25<0.6,$E25*$F25," ")," ")," ") | T25: =IF(ISNUMBER(SEARCH("bench",$C25)),IF($D25>=0.6,IF($D25<0.7,$E25*$F25," ")," ")," ") | U25: =IF(ISNUMBER(SEARCH("bench",$C25)),IF($D25>=0.7,IF($D25<0.8,$E25*$F25," ")," ")," ") -> 3 | V25: =IF(ISNUMBER(SEARCH("bench",$C25)),IF($D25>=0.8,IF($D25<0.9,$E25*$F25," ")," ")," ") | W25: =IF(ISNUMBER(SEARCH("bench",$C25)),IF($D25>=0.9,$E25*$F25," ")," ")
C26: Bench press | D26: 0.8 | E26: 2 | F26: 2 | G26: ='Start Here'!$F$22*D26 -> 80 | J26: =E26*F26 -> 4 | K26: =G26*J26 -> 320 | S26: =IF(ISNUMBER(SEARCH("bench",$C26)),IF($D26>=0.5,IF($D26<0.6,$E26*$F26," ")," ")," ") | T26: =IF(ISNUMBER(SEARCH("bench",$C26)),IF($D26>=0.6,IF($D26<0.7,$E26*$F26," ")," ")," ") | U26: =IF(ISNUMBER(SEARCH("bench",$C26)),IF($D26>=0.7,IF($D26<0.8,$E26*$F26," ")," ")," ") | V26: =IF(ISNUMBER(SEARCH("bench",$C26)),IF($D26>=0.8,IF($D26<0.9,$E26*$F26," ")," ")," ") -> 4 | W26: =IF(ISNUMBER(SEARCH("bench",$C26)),IF($D26>=0.9,$E26*$F26," ")," ")
C27: Bench press | D27: 0.85 | E27: 1 | F27: 2 | G27: ='Start Here'!$F$22*D27 -> 85 | J27: =E27*F27 -> 2 | K27: =G27*J27 -> 170 | S27: =IF(ISNUMBER(SEARCH("bench",$C27)),IF($D27>=0.5,IF($D27<0.6,$E27*$F27," ")," ")," ") | T27: =IF(ISNUMBER(SEARCH("bench",$C27)),IF($D27>=0.6,IF($D27<0.7,$E27*$F27," ")," ")," ") | U27: =IF(ISNUMBER(SEARCH("bench",$C27)),IF($D27>=0.7,IF($D27<0.8,$E27*$F27," ")," ")," ") | V27: =IF(ISNUMBER(SEARCH("bench",$C27)),IF($D27>=0.8,IF($D27<0.9,$E27*$F27," ")," ")," ") -> 2 | W27: =IF(ISNUMBER(SEARCH("bench",$C27)),IF($D27>=0.9,$E27*$F27," ")," ")
C28: Bench press | D28: 0.8 | E28: 2 | F28: 2 | G28: ='Start Here'!$F$22*D28 -> 80 | J28: =E28*F28 -> 4 | K28: =G28*J28 -> 320 | S28: =IF(ISNUMBER(SEARCH("bench",$C28)),IF($D28>=0.5,IF($D28<0.6,$E28*$F28," ")," ")," ") | T28: =IF(ISNUMBER(SEARCH("bench",$C28)),IF($D28>=0.6,IF($D28<0.7,$E28*$F28," ")," ")," ") | U28: =IF(ISNUMBER(SEARCH("bench",$C28)),IF($D28>=0.7,IF($D28<0.8,$E28*$F28," ")," ")," ") | V28: =IF(ISNUMBER(SEARCH("bench",$C28)),IF($D28>=0.8,IF($D28<0.9,$E28*$F28," ")," ")," ") -> 4 | W28: =IF(ISNUMBER(SEARCH("bench",$C28)),IF($D28>=0.9,$E28*$F28," ")," ")
B29: 2 | C29: Deadlift off boxes, bar is 5cm below knees | D29: 0.65 | E29: 3 | F29: 1 | G29: ='Start Here'!$F$23*D29 -> 65 | L29: =E29*F29 -> 3 | M29: =G29*L29 -> 195 | X29: =IF(ISNUMBER(SEARCH("deadlift",$C29)),IF($D29>=0.5,IF($D29<0.6,$E29*$F29," ")," ")," ") | Y29: =IF(ISNUMBER(SEARCH("deadlift",$C29)),IF($D29>=0.6,IF($D29<0.7,$E29*$F29," ")," ")," ") -> 3 | Z29: =IF(ISNUMBER(SEARCH("deadlift",$C29)),IF($D29>=0.7,IF($D29<0.8,$E29*$F29," ")," ")," ") | AA29: =IF(ISNUMBER(SEARCH("deadlift",$C29)),IF($D29>=0.8,IF($D29<0.9,$E29*$F29," ")," ")," ") | AB29: =IF(ISNUMBER(SEARCH("deadlift",$C29)),IF($D29>=0.9,$E29*$F29," ")," ")
C30: Deadlift off boxes, bar is 5cm below knees | D30: 0.75 | E30: 3 | F30: 1 | G30: ='Start Here'!$F$23*D30 -> 75 | L30: =E30*F30 -> 3 | M30: =G30*L30 -> 225 | X30: =IF(ISNUMBER(SEARCH("deadlift",$C30)),IF($D30>=0.5,IF($D30<0.6,$E30*$F30," ")," ")," ") | Y30: =IF(ISNUMBER(SEARCH("deadlift",$C30)),IF($D30>=0.6,IF($D30<0.7,$E30*$F30," ")," ")," ") | Z30: =IF(ISNUMBER(SEARCH("deadlift",$C30)),IF($D30>=0.7,IF($D30<0.8,$E30*$F30," ")," ")," ") -> 3 | AA30: =IF(ISNUMBER(SEARCH("deadlift",$C30)),IF($D30>=0.8,IF($D30<0.9,$E30*$F30," ")," ")," ") | AB30: =IF(ISNUMBER(SEARCH("deadlift",$C30)),IF($D30>=0.9,$E30*$F30," ")," ")
C31: Deadlift off boxes, bar is 5cm below knees | D31: 0.85 | E31: 3 | F31: 2 | G31: ='Start Here'!$F$23*D31 -> 85 | L31: =E31*F31 -> 6 | M31: =G31*L31 -> 510 | X31: =IF(ISNUMBER(SEARCH("deadlift",$C31)),IF($D31>=0.5,IF($D31<0.6,$E31*$F31," ")," ")," ") | Y31: =IF(ISNUMBER(SEARCH("deadlift",$C31)),IF($D31>=0.6,IF($D31<0.7,$E31*$F31," ")," ")," ") | Z31: =IF(ISNUMBER(SEARCH("deadlift",$C31)),IF($D31>=0.7,IF($D31<0.8,$E31*$F31," ")," ")," ") | AA31: =IF(ISNUMBER(SEARCH("deadlift",$C31)),IF($D31>=0.8,IF($D31<0.9,$E31*$F31," ")," ")," ") -> 6 | AB31: =IF(ISNUMBER(SEARCH("deadlift",$C31)),IF($D31>=0.9,$E31*$F31," ")," ")
C32: Deadlift off boxes, bar is 5cm below knees | D32: 0.9 | E32: 2 | F32: 3 | G32: ='Start Here'!$F$23*D32 -> 90 | L32: =E32*F32 -> 6 | M32: =G32*L32 -> 540 | X32: =IF(ISNUMBER(SEARCH("deadlift",$C32)),IF($D32>=0.5,IF($D32<0.6,$E32*$F32," ")," ")," ") | Y32: =IF(ISNUMBER(SEARCH("deadlift",$C32)),IF($D32>=0.6,IF($D32<0.7,$E32*$F32," ")," ")," ") | Z32: =IF(ISNUMBER(SEARCH("deadlift",$C32)),IF($D32>=0.7,IF($D32<0.8,$E32*$F32," ")," ")," ") | AA32: =IF(ISNUMBER(SEARCH("deadlift",$C32)),IF($D32>=0.8,IF($D32<0.9,$E32*$F32," ")," ")," ") | AB32: =IF(ISNUMBER(SEARCH("deadlift",$C32)),IF($D32>=0.9,$E32*$F32," ")," ") -> 6
B33: 3 | C33: Triceps | E33: 6 | F33: 5
B34: 4 | C34: Lat Muscles | E34: 6 | F34: 5
B35: 5 | C35: Abs | E35: 8 | F35: 4
B37: Friday | D37: % | E37: Reps | F37: Sets | G37: Weight | AC37: Notes:
B38: 1 | C38: Squat | D38: 0.5 | E38: 5 | F38: 1 | G38: ='Start Here'!$F$21*D38 -> 50 | H38: =E38*F38 -> 5 | I38: =G38*H38 -> 250 | N38: =IF(ISNUMBER(SEARCH("squat",$C38)),IF($D38>=0.5,IF($D38<0.6,$E38*$F38," ")," ")," ") -> 5 | O38: =IF(ISNUMBER(SEARCH("squat",$C38)),IF($D38>=0.6,IF($D38<0.7,$E38*$F38," ")," ")," ") | P38: =IF(ISNUMBER(SEARCH("squat",$C38)),IF($D38>=0.7,IF($D38<0.8,$E38*$F38," ")," ")," ") | Q38: =IF(ISNUMBER(SEARCH("squat",$C38)),IF($D38>=0.8,IF($D38<0.9,$E38*$F38," ")," ")," ") | R38: =IF(ISNUMBER(SEARCH("squat",$C38)),IF($D38>=0.9,$E38*$F38," ")," ")
C39: Squat | D39: 0.6 | E39: 4 | F39: 1 | G39: ='Start Here'!$F$21*D39 -> 60 | H39: =E39*F39 -> 4 | I39: =G39*H39 -> 240 | N39: =IF(ISNUMBER(SEARCH("squat",$C39)),IF($D39>=0.5,IF($D39<0.6,$E39*$F39," ")," ")," ") | O39: =IF(ISNUMBER(SEARCH("squat",$C39)),IF($D39>=0.6,IF($D39<0.7,$E39*$F39," ")," ")," ") -> 4 | P39: =IF(ISNUMBER(SEARCH("squat",$C39)),IF($D39>=0.7,IF($D39<0.8,$E39*$F39," ")," ")," ") | Q39: =IF(ISNUMBER(SEARCH("squat",$C39)),IF($D39>=0.8,IF($D39<0.9,$E39*$F39," ")," ")," ") | R39: =IF(ISNUMBER(SEARCH("squat",$C39)),IF($D39>=0.9,$E39*$F39," ")," ")
C40: Squat | D40: 0.7 | E40: 3 | F40: 1 | G40: ='Start Here'!$F$21*D40 -> 70 | H40: =E40*F40 -> 3 | I40: =G40*H40 -> 210 | N40: =IF(ISNUMBER(SEARCH("squat",$C40)),IF($D40>=0.5,IF($D40<0.6,$E40*$F40," ")," ")," ") | O40: =IF(ISNUMBER(SEARCH("squat",$C40)),IF($D40>=0.6,IF($D40<0.7,$E40*$F40," ")," ")," ") | P40: =IF(ISNUMBER(SEARCH("squat",$C40)),IF($D40>=0.7,IF($D40<0.8,$E40*$F40," ")," ")," ") -> 3 | Q40: =IF(ISNUMBER(SEARCH("squat",$C40)),IF($D40>=0.8,IF($D40<0.9,$E40*$F40," ")," ")," ") | R40: =IF(ISNUMBER(SEARCH("squat",$C40)),IF($D40>=0.9,$E40*$F40," ")," ")
C41: Squat | D41: 0.75 | E41: 2 | F41: 4 | G41: ='Start Here'!$F$21*D41 -> 75 | H41: =E41*F41 -> 8 | I41: =G41*H41 -> 600 | N41: =IF(ISNUMBER(SEARCH("squat",$C41)),IF($D41>=0.5,IF($D41<0.6,$E41*$F41," ")," ")," ") | O41: =IF(ISNUMBER(SEARCH("squat",$C41)),IF($D41>=0.6,IF($D41<0.7,$E41*$F41," ")," ")," ") | P41: =IF(ISNUMBER(SEARCH("squat",$C41)),IF($D41>=0.7,IF($D41<0.8,$E41*$F41," ")," ")," ") -> 8 | Q41: =IF(ISNUMBER(SEARCH("squat",$C41)),IF($D41>=0.8,IF($D41<0.9,$E41*$F41," ")," ")," ") | R41: =IF(ISNUMBER(SEARCH("squat",$C41)),IF($D41>=0.9,$E41*$F41," ")," ")
B42: 2 | C42: Bench press | D42: 0.5 | E42: 5 | F42: 1 | G42: ='Start Here'!$F$22*D42 -> 50 | J42: =E42*F42 -> 5 | K42: =G42*J42 -> 250 | S42: =IF(ISNUMBER(SEARCH("bench",$C42)),IF($D42>=0.5,IF($D42<0.6,$E42*$F42," ")," ")," ") -> 5 | T42: =IF(ISNUMBER(SEARCH("bench",$C42)),IF($D42>=0.6,IF($D42<0.7,$E42*$F42," ")," ")," ") | U42: =IF(ISNUMBER(SEARCH("bench",$C42)),IF($D42>=0.7,IF($D42<0.8,$E42*$F42," ")," ")," ") | V42: =IF(ISNUMBER(SEARCH("bench",$C42)),IF($D42>=0.8,IF($D42<0.9,$E42*$F42," ")," ")," ") | W42: =IF(ISNUMBER(SEARCH("bench",$C42)),IF($D42>=0.9,$E42*$F42," ")," ")
C43: Bench press | D43: 0.6 | E43: 4 | F43: 1 | G43: ='Start Here'!$F$22*D43 -> 60 | J43: =E43*F43 -> 4 | K43: =G43*J43 -> 240 | S43: =IF(ISNUMBER(SEARCH("bench",$C43)),IF($D43>=0.5,IF($D43<0.6,$E43*$F43," ")," ")," ") | T43: =IF(ISNUMBER(SEARCH("bench",$C43)),IF($D43>=0.6,IF($D43<0.7,$E43*$F43," ")," ")," ") -> 4 | U43: =IF(ISNUMBER(SEARCH("bench",$C43)),IF($D43>=0.7,IF($D43<0.8,$E43*$F43," ")," ")," ") | V43: =IF(ISNUMBER(SEARCH("bench",$C43)),IF($D43>=0.8,IF($D43<0.9,$E43*$F43," ")," ")," ") | W43: =IF(ISNUMBER(SEARCH("bench",$C43)),IF($D43>=0.9,$E43*$F43," ")," ")
C44: Bench press | D44: 0.7 | E44: 3 | F44: 1 | G44: ='Start Here'!$F$22*D44 -> 70 | J44: =E44*F44 -> 3 | K44: =G44*J44 -> 210 | S44: =IF(ISNUMBER(SEARCH("bench",$C44)),IF($D44>=0.5,IF($D44<0.6,$E44*$F44," ")," ")," ") | T44: =IF(ISNUMBER(SEARCH("bench",$C44)),IF($D44>=0.6,IF($D44<0.7,$E44*$F44," ")," ")," ") | U44: =IF(ISNUMBER(SEARCH("bench",$C44)),IF($D44>=0.7,IF($D44<0.8,$E44*$F44," ")," ")," ") -> 3 | V44: =IF(ISNUMBER(SEARCH("bench",$C44)),IF($D44>=0.8,IF($D44<0.9,$E44*$F44," ")," ")," ") | W44: =IF(ISNUMBER(SEARCH("bench",$C44)),IF($D44>=0.9,$E44*$F44," ")," ")
C45: Bench press | D45: 0.75 | E45: 2 | F45: 4 | G45: ='Start Here'!$F$22*D45 -> 75 | J45: =E45*F45 -> 8 | K45: =G45*J45 -> 600 | S45: =IF(ISNUMBER(SEARCH("bench",$C45)),IF($D45>=0.5,IF($D45<0.6,$E45*$F45," ")," ")," ") | T45: =IF(ISNUMBER(SEARCH("bench",$C45)),IF($D45>=0.6,IF($D45<0.7,$E45*$F45," ")," ")," ") | U45: =IF(ISNUMBER(SEARCH("bench",$C45)),IF($D45>=0.7,IF($D45<0.8,$E45*$F45," ")," ")," ") -> 8 | V45: =IF(ISNUMBER(SEARCH("bench",$C45)),IF($D45>=0.8,IF($D45<0.9,$E45*$F45," ")," ")," ") | W45: =IF(ISNUMBER(SEARCH("bench",$C45)),IF($D45>=0.9,$E45*$F45," ")," ")
B46: 3 | C46: Chest Muscles | E46: 6 | F46: 5
B47: 4 | C47: Dips | E47: 5 | F47: 5
B48: 5 | C48: Goodmorning | E48: 5 | F48: 5
B50: Saturday | D50: % | E50: Reps | F50: Sets | G50: Weight | AC50: Notes:
B51: 1 | C51: Incline shoulder press | E51: 3 | F51: 5
B52: 2 | C52: Deadlift w/pause 5cm above knees | D52: 0.5 | E52: 3 | F52: 1 | G52: ='Start Here'!$F$23*D52 -> 50 | L52: =E52*F52 -> 3 | M52: =G52*L52 -> 150 | X52: =IF(ISNUMBER(SEARCH("deadlift",$C52)),IF($D52>=0.5,IF($D52<0.6,$E52*$F52," ")," ")," ") -> 3 | Y52: =IF(ISNUMBER(SEARCH("deadlift",$C52)),IF($D52>=0.6,IF($D52<0.7,$E52*$F52," ")," ")," ") | Z52: =IF(ISNUMBER(SEARCH("deadlift",$C52)),IF($D52>=0.7,IF($D52<0.8,$E52*$F52," ")," ")," ") | AA52: =IF(ISNUMBER(SEARCH("deadlift",$C52)),IF($D52>=0.8,IF($D52<0.9,$E52*$F52," ")," ")," ") | AB52: =IF(ISNUMBER(SEARCH("deadlift",$C52)),IF($D52>=0.9,$E52*$F52," ")," ")
C53: Deadlift w/pause 5cm above knees | D53: 0.6 | E53: 3 | F53: 1 | G53: ='Start Here'!$F$23*D53 -> 60 | L53: =E53*F53 -> 3 | M53: =G53*L53 -> 180 | X53: =IF(ISNUMBER(SEARCH("deadlift",$C53)),IF($D53>=0.5,IF($D53<0.6,$E53*$F53," ")," ")," ") | Y53: =IF(ISNUMBER(SEARCH("deadlift",$C53)),IF($D53>=0.6,IF($D53<0.7,$E53*$F53," ")," ")," ") -> 3 | Z53: =IF(ISNUMBER(SEARCH("deadlift",$C53)),IF($D53>=0.7,IF($D53<0.8,$E53*$F53," ")," ")," ") | AA53: =IF(ISNUMBER(SEARCH("deadlift",$C53)),IF($D53>=0.8,IF($D53<0.9,$E53*$F53," ")," ")," ") | AB53: =IF(ISNUMBER(SEARCH("deadlift",$C53)),IF($D53>=0.9,$E53*$F53," ")," ")
C54: Deadlift w/pause 5cm above knees | D54: 0.7 | E54: 3 | F54: 1 | G54: ='Start Here'!$F$23*D54 -> 70 | L54: =E54*F54 -> 3 | M54: =G54*L54 -> 210 | X54: =IF(ISNUMBER(SEARCH("deadlift",$C54)),IF($D54>=0.5,IF($D54<0.6,$E54*$F54," ")," ")," ") | Y54: =IF(ISNUMBER(SEARCH("deadlift",$C54)),IF($D54>=0.6,IF($D54<0.7,$E54*$F54," ")," ")," ") | Z54: =IF(ISNUMBER(SEARCH("deadlift",$C54)),IF($D54>=0.7,IF($D54<0.8,$E54*$F54," ")," ")," ") -> 3 | AA54: =IF(ISNUMBER(SEARCH("deadlift",$C54)),IF($D54>=0.8,IF($D54<0.9,$E54*$F54," ")," ")," ") | AB54: =IF(ISNUMBER(SEARCH("deadlift",$C54)),IF($D54>=0.9,$E54*$F54," ")," ")
C55: Deadlift w/pause 5cm above knees | D55: 0.75 | E55: 2 | F55: 4 | G55: ='Start Here'!$F$23*D55 -> 75 | L55: =E55*F55 -> 8 | M55: =G55*L55 -> 600 | X55: =IF(ISNUMBER(SEARCH("deadlift",$C55)),IF($D55>=0.5,IF($D55<0.6,$E55*$F55," ")," ")," ") | Y55: =IF(ISNUMBER(SEARCH("deadlift",$C55)),IF($D55>=0.6,IF($D55<0.7,$E55*$F55," ")," ")," ") | Z55: =IF(ISNUMBER(SEARCH("deadlift",$C55)),IF($D55>=0.7,IF($D55<0.8,$E55*$F55," ")," ")," ") -> 8 | AA55: =IF(ISNUMBER(SEARCH("deadlift",$C55)),IF($D55>=0.8,IF($D55<0.9,$E55*$F55," ")," ")," ") | AB55: =IF(ISNUMBER(SEARCH("deadlift",$C55)),IF($D55>=0.9,$E55*$F55," ")," ")
B56: 2 | C56: Lat Muscles | E56: 6 | F56: 4
B57: 4 | C57: Hyperextension | E57: 8 | F57: 4
H58: =SUM(H7:H57) -> 55 | I58: =SUM(I7:I57) -> 3750 | J58: =SUM(J7:J57) -> 62 | K58: =SUM(K7:K57) -> 4150 | L58: =SUM(L7:L57) -> 35 | M58: =SUM(M7:M57) -> 2610 | N58: =SUM(N7:N57) -> 13 | O58: =SUM(O7:O57) -> 11 | ... AB58: =SUM(AB7:AB57) -> 6
B59: WEEK 2
B60: Monday | D60: % | E60: Reps | F60: Sets | G60: Weight | AC60: Notes:
B61: 1 | C61: Squat | D61: 0.5 | E61: 5 | F61: 1 | G61: ='Start Here'!$F$21*D61 -> 50 | H61: =E61*F61 -> 5 | I61: =G61*H61 -> 250 | N61: =IF(ISNUMBER(SEARCH("squat",$C61)),IF($D61>=0.5,IF($D61<0.6,$E61*$F61," ")," ")," ") -> 5 | O61: =IF(ISNUMBER(SEARCH("squat",$C61)),IF($D61>=0.6,IF($D61<0.7,$E61*$F61," ")," ")," ") | P61: =IF(ISNUMBER(SEARCH("squat",$C61)),IF($D61>=0.7,IF($D61<0.8,$E61*$F61," ")," ")," ") | Q61: =IF(ISNUMBER(SEARCH("squat",$C61)),IF($D61>=0.8,IF($D61<0.9,$E61*$F61," ")," ")," ") | R61: =IF(ISNUMBER(SEARCH("squat",$C61)),IF($D61>=0.9,$E61*$F61," ")," ")
C62: Squat | D62: 0.6 | E62: 4 | F62: 1 | G62: ='Start Here'!$F$21*D62 -> 60 | H62: =E62*F62 -> 4 | I62: =G62*H62 -> 240 | N62: =IF(ISNUMBER(SEARCH("squat",$C62)),IF($D62>=0.5,IF($D62<0.6,$E62*$F62," ")," ")," ") | O62: =IF(ISNUMBER(SEARCH("squat",$C62)),IF($D62>=0.6,IF($D62<0.7,$E62*$F62," ")," ")," ") -> 4 | P62: =IF(ISNUMBER(SEARCH("squat",$C62)),IF($D62>=0.7,IF($D62<0.8,$E62*$F62," ")," ")," ") | Q62: =IF(ISNUMBER(SEARCH("squat",$C62)),IF($D62>=0.8,IF($D62<0.9,$E62*$F62," ")," ")," ") | R62: =IF(ISNUMBER(SEARCH("squat",$C62)),IF($D62>=0.9,$E62*$F62," ")," ")
C63: Squat | D63: 0.7 | E63: 3 | F63: 1 | G63: ='Start Here'!$F$21*D63 -> 70 | H63: =E63*F63 -> 3 | I63: =G63*H63 -> 210 | N63: =IF(ISNUMBER(SEARCH("squat",$C63)),IF($D63>=0.5,IF($D63<0.6,$E63*$F63," ")," ")," ") | O63: =IF(ISNUMBER(SEARCH("squat",$C63)),IF($D63>=0.6,IF($D63<0.7,$E63*$F63," ")," ")," ") | P63: =IF(ISNUMBER(SEARCH("squat",$C63)),IF($D63>=0.7,IF($D63<0.8,$E63*$F63," ")," ")," ") -> 3 | Q63: =IF(ISNUMBER(SEARCH("squat",$C63)),IF($D63>=0.8,IF($D63<0.9,$E63*$F63," ")," ")," ") | R63: =IF(ISNUMBER(SEARCH("squat",$C63)),IF($D63>=0.9,$E63*$F63," ")," ")
C64: Squat | D64: 0.8 | E64: 2 | F64: 1 | G64: ='Start Here'!$F$21*D64 -> 80 | H64: =E64*F64 -> 2 | I64: =G64*H64 -> 160 | N64: =IF(ISNUMBER(SEARCH("squat",$C64)),IF($D64>=0.5,IF($D64<0.6,$E64*$F64," ")," ")," ") | O64: =IF(ISNUMBER(SEARCH("squat",$C64)),IF($D64>=0.6,IF($D64<0.7,$E64*$F64," ")," ")," ") | P64: =IF(ISNUMBER(SEARCH("squat",$C64)),IF($D64>=0.7,IF($D64<0.8,$E64*$F64," ")," ")," ") | Q64: =IF(ISNUMBER(SEARCH("squat",$C64)),IF($D64>=0.8,IF($D64<0.9,$E64*$F64," ")," ")," ") -> 2 | R64: =IF(ISNUMBER(SEARCH("squat",$C64)),IF($D64>=0.9,$E64*$F64," ")," ")
C65: Squat | D65: 0.9 | E65: 1 | F65: 1 | G65: ='Start Here'!$F$21*D65 -> 90 | H65: =E65*F65 -> 1 | I65: =G65*H65 -> 90 | N65: =IF(ISNUMBER(SEARCH("squat",$C65)),IF($D65>=0.5,IF($D65<0.6,$E65*$F65," ")," ")," ") | O65: =IF(ISNUMBER(SEARCH("squat",$C65)),IF($D65>=0.6,IF($D65<0.7,$E65*$F65," ")," ")," ") | P65: =IF(ISNUMBER(SEARCH("squat",$C65)),IF($D65>=0.7,IF($D65<0.8,$E65*$F65," ")," ")," ") | Q65: =IF(ISNUMBER(SEARCH("squat",$C65)),IF($D65>=0.8,IF($D65<0.9,$E65*$F65," ")," ")," ") | R65: =IF(ISNUMBER(SEARCH("squat",$C65)),IF($D65>=0.9,$E65*$F65," ")," ") -> 1
C66: Squat | D66: 0.95 | E66: 1 | F66: 1 | G66: ='Start Here'!$F$21*D66 -> 95 | H66: =E66*F66 -> 1 | I66: =G66*H66 -> 95 | N66: =IF(ISNUMBER(SEARCH("squat",$C66)),IF($D66>=0.5,IF($D66<0.6,$E66*$F66," ")," ")," ") | O66: =IF(ISNUMBER(SEARCH("squat",$C66)),IF($D66>=0.6,IF($D66<0.7,$E66*$F66," ")," ")," ") | P66: =IF(ISNUMBER(SEARCH("squat",$C66)),IF($D66>=0.7,IF($D66<0.8,$E66*$F66," ")," ")," ") | Q66: =IF(ISNUMBER(SEARCH("squat",$C66)),IF($D66>=0.8,IF($D66<0.9,$E66*$F66," ")," ")," ") | R66: =IF(ISNUMBER(SEARCH("squat",$C66)),IF($D66>=0.9,$E66*$F66," ")," ") -> 1
C67: Squat | D67: 100%-105% | E67: 1 | F67: 2-3 | G67: ='Start Here'!$F$21*MID(D67,1,4)&"-"&'Start Here'!$F$21*MID(D67,6,8) -> 100-105 | H67: 3 | I67: 300 | N67: =IF(ISNUMBER(SEARCH("squat",$C67)),IF($D67>=0.5,IF($D67<0.6,$E67*$F67," ")," ")," ") | O67: =IF(ISNUMBER(SEARCH("squat",$C67)),IF($D67>=0.6,IF($D67<0.7,$E67*$F67," ")," ")," ") | P67: =IF(ISNUMBER(SEARCH("squat",$C67)),IF($D67>=0.7,IF($D67<0.8,$E67*$F67," ")," ")," ") | Q67: =IF(ISNUMBER(SEARCH("squat",$C67)),IF($D67>=0.8,IF($D67<0.9,$E67*$F67," ")," ")," ") | R67: 3
B68: 2 | C68: Bench press | D68: 0.5 | E68: 5 | F68: 1 | G68: ='Start Here'!$F$22*D68 -> 50 | J68: =E68*F68 -> 5 | K68: =G68*J68 -> 250 | S68: =IF(ISNUMBER(SEARCH("bench",$C68)),IF($D68>=0.5,IF($D68<0.6,$E68*$F68," ")," ")," ") -> 5 | T68: =IF(ISNUMBER(SEARCH("bench",$C68)),IF($D68>=0.6,IF($D68<0.7,$E68*$F68," ")," ")," ") | U68: =IF(ISNUMBER(SEARCH("bench",$C68)),IF($D68>=0.7,IF($D68<0.8,$E68*$F68," ")," ")," ") | V68: =IF(ISNUMBER(SEARCH("bench",$C68)),IF($D68>=0.8,IF($D68<0.9,$E68*$F68," ")," ")," ") | W68: =IF(ISNUMBER(SEARCH("bench",$C68)),IF($D68>=0.9,$E68*$F68," ")," ")
C69: Bench press | D69: 0.6 | E69: 4 | F69: 1 | G69: ='Start Here'!$F$22*D69 -> 60 | J69: =E69*F69 -> 4 | K69: =G69*J69 -> 240 | S69: =IF(ISNUMBER(SEARCH("bench",$C69)),IF($D69>=0.5,IF($D69<0.6,$E69*$F69," ")," ")," ") | T69: =IF(ISNUMBER(SEARCH("bench",$C69)),IF($D69>=0.6,IF($D69<0.7,$E69*$F69," ")," ")," ") -> 4 | U69: =IF(ISNUMBER(SEARCH("bench",$C69)),IF($D69>=0.7,IF($D69<0.8,$E69*$F69," ")," ")," ") | V69: =IF(ISNUMBER(SEARCH("bench",$C69)),IF($D69>=0.8,IF($D69<0.9,$E69*$F69," ")," ")," ") | W69: =IF(ISNUMBER(SEARCH("bench",$C69)),IF($D69>=0.9,$E69*$F69," ")," ")
C70: Bench press | D70: 0.7 | E70: 3 | F70: 1 | G70: ='Start Here'!$F$22*D70 -> 70 | J70: =E70*F70 -> 3 | K70: =G70*J70 -> 210 | S70: =IF(ISNUMBER(SEARCH("bench",$C70)),IF($D70>=0.5,IF($D70<0.6,$E70*$F70," ")," ")," ") | T70: =IF(ISNUMBER(SEARCH("bench",$C70)),IF($D70>=0.6,IF($D70<0.7,$E70*$F70," ")," ")," ") | U70: =IF(ISNUMBER(SEARCH("bench",$C70)),IF($D70>=0.7,IF($D70<0.8,$E70*$F70," ")," ")," ") -> 3 | V70: =IF(ISNUMBER(SEARCH("bench",$C70)),IF($D70>=0.8,IF($D70<0.9,$E70*$F70," ")," ")," ") | W70: =IF(ISNUMBER(SEARCH("bench",$C70)),IF($D70>=0.9,$E70*$F70," ")," ")
C71: Bench press | D71: 0.75 | E71: 2 | F71: 3 | G71: ='Start Here'!$F$22*D71 -> 75 | J71: =E71*F71 -> 6 | K71: =G71*J71 -> 450 | S71: =IF(ISNUMBER(SEARCH("bench",$C71)),IF($D71>=0.5,IF($D71<0.6,$E71*$F71," ")," ")," ") | T71: =IF(ISNUMBER(SEARCH("bench",$C71)),IF($D71>=0.6,IF($D71<0.7,$E71*$F71," ")," ")," ") | U71: =IF(ISNUMBER(SEARCH("bench",$C71)),IF($D71>=0.7,IF($D71<0.8,$E71*$F71," ")," ")," ") -> 6 | V71: =IF(ISNUMBER(SEARCH("bench",$C71)),IF($D71>=0.8,IF($D71<0.9,$E71*$F71," ")," ")," ") | W71: =IF(ISNUMBER(SEARCH("bench",$C71)),IF($D71>=0.9,$E71*$F71," ")," ")
B72: 3 | C72: Chest Muscles | E72: 5 | F72: 3
B73: 4 | C73: Hyperextension | E73: 8 | F73: 4
B75: Wednesday | D75: % | E75: Reps | F75: Sets | G75: Weight | AC75: Notes:
B76: 1 | C76: Bench press | D76: 0.5 | E76: 5 | F76: 1 | G76: ='Start Here'!$F$22*D76 -> 50 | J76: =E76*F76 -> 5 | K76: =G76*J76 -> 250 | S76: =IF(ISNUMBER(SEARCH("bench",$C76)),IF($D76>=0.5,IF($D76<0.6,$E76*$F76," ")," ")," ") -> 5 | T76: =IF(ISNUMBER(SEARCH("bench",$C76)),IF($D76>=0.6,IF($D76<0.7,$E76*$F76," ")," ")," ") | U76: =IF(ISNUMBER(SEARCH("bench",$C76)),IF($D76>=0.7,IF($D76<0.8,$E76*$F76," ")," ")," ") | V76: =IF(ISNUMBER(SEARCH("bench",$C76)),IF($D76>=0.8,IF($D76<0.9,$E76*$F76," ")," ")," ") | W76: =IF(ISNUMBER(SEARCH("bench",$C76)),IF($D76>=0.9,$E76*$F76," ")," ")
C77: Bench press | D77: 0.6 | E77: 4 | F77: 1 | G77: ='Start Here'!$F$22*D77 -> 60 | J77: =E77*F77 -> 4 | K77: =G77*J77 -> 240 | S77: =IF(ISNUMBER(SEARCH("bench",$C77)),IF($D77>=0.5,IF($D77<0.6,$E77*$F77," ")," ")," ") | T77: =IF(ISNUMBER(SEARCH("bench",$C77)),IF($D77>=0.6,IF($D77<0.7,$E77*$F77," ")," ")," ") -> 4 | U77: =IF(ISNUMBER(SEARCH("bench",$C77)),IF($D77>=0.7,IF($D77<0.8,$E77*$F77," ")," ")," ") | V77: =IF(ISNUMBER(SEARCH("bench",$C77)),IF($D77>=0.8,IF($D77<0.9,$E77*$F77," ")," ")," ") | W77: =IF(ISNUMBER(SEARCH("bench",$C77)),IF($D77>=0.9,$E77*$F77," ")," ")
C78: Bench press | D78: 0.7 | E78: 3 | F78: 1 | G78: ='Start Here'!$F$22*D78 -> 70 | J78: =E78*F78 -> 3 | K78: =G78*J78 -> 210 | S78: =IF(ISNUMBER(SEARCH("bench",$C78)),IF($D78>=0.5,IF($D78<0.6,$E78*$F78," ")," ")," ") | T78: =IF(ISNUMBER(SEARCH("bench",$C78)),IF($D78>=0.6,IF($D78<0.7,$E78*$F78," ")," ")," ") | U78: =IF(ISNUMBER(SEARCH("bench",$C78)),IF($D78>=0.7,IF($D78<0.8,$E78*$F78," ")," ")," ") -> 3 | V78: =IF(ISNUMBER(SEARCH("bench",$C78)),IF($D78>=0.8,IF($D78<0.9,$E78*$F78," ")," ")," ") | W78: =IF(ISNUMBER(SEARCH("bench",$C78)),IF($D78>=0.9,$E78*$F78," ")," ")
C79: Bench press | D79: 0.8 | E79: 2 | F79: 1 | G79: ='Start Here'!$F$22*D79 -> 80 | J79: =E79*F79 -> 2 | K79: =G79*J79 -> 160 | S79: =IF(ISNUMBER(SEARCH("bench",$C79)),IF($D79>=0.5,IF($D79<0.6,$E79*$F79," ")," ")," ") | T79: =IF(ISNUMBER(SEARCH("bench",$C79)),IF($D79>=0.6,IF($D79<0.7,$E79*$F79," ")," ")," ") | U79: =IF(ISNUMBER(SEARCH("bench",$C79)),IF($D79>=0.7,IF($D79<0.8,$E79*$F79," ")," ")," ") | V79: =IF(ISNUMBER(SEARCH("bench",$C79)),IF($D79>=0.8,IF($D79<0.9,$E79*$F79," ")," ")," ") -> 2 | W79: =IF(ISNUMBER(SEARCH("bench",$C79)),IF($D79>=0.9,$E79*$F79," ")," ")
C80: Bench press | D80: 0.9 | E80: 1 | F80: 1 | G80: ='Start Here'!$F$22*D80 -> 90 | J80: =E80*F80 -> 1 | K80: =G80*J80 -> 90 | S80: =IF(ISNUMBER(SEARCH("bench",$C80)),IF($D80>=0.5,IF($D80<0.6,$E80*$F80," ")," ")," ") | T80: =IF(ISNUMBER(SEARCH("bench",$C80)),IF($D80>=0.6,IF($D80<0.7,$E80*$F80," ")," ")," ") | U80: =IF(ISNUMBER(SEARCH("bench",$C80)),IF($D80>=0.7,IF($D80<0.8,$E80*$F80," ")," ")," ") | V80: =IF(ISNUMBER(SEARCH("bench",$C80)),IF($D80>=0.8,IF($D80<0.9,$E80*$F80," ")," ")," ") | W80: =IF(ISNUMBER(SEARCH("bench",$C80)),IF($D80>=0.9,$E80*$F80," ")," ") -> 1
C81: Bench press | D81: 0.95 | E81: 1 | F81: 1 | G81: ='Start Here'!$F$22*D81 -> 95 | J81: =E81*F81 -> 1 | K81: =G81*J81 -> 95 | S81: =IF(ISNUMBER(SEARCH("bench",$C81)),IF($D81>=0.5,IF($D81<0.6,$E81*$F81," ")," ")," ") | T81: =IF(ISNUMBER(SEARCH("bench",$C81)),IF($D81>=0.6,IF($D81<0.7,$E81*$F81," ")," ")," ") | U81: =IF(ISNUMBER(SEARCH("bench",$C81)),IF($D81>=0.7,IF($D81<0.8,$E81*$F81," ")," ")," ") | V81: =IF(ISNUMBER(SEARCH("bench",$C81)),IF($D81>=0.8,IF($D81<0.9,$E81*$F81," ")," ")," ") | W81: =IF(ISNUMBER(SEARCH("bench",$C81)),IF($D81>=0.9,$E81*$F81," ")," ") -> 1
C82: Bench press | D82: 100%-105% | E82: 1 | F82: 2-3 | G82: ='Start Here'!$F$22*MID(D82,1,4)&"-"&'Start Here'!$F$22*MID(D82,6,8) -> 100-105 | J82: 3 | K82: 300 | S82: =IF(ISNUMBER(SEARCH("bench",$C82)),IF($D82>=0.5,IF($D82<0.6,$E82*$F82," ")," ")," ") | T82: =IF(ISNUMBER(SEARCH("bench",$C82)),IF($D82>=0.6,IF($D82<0.7,$E82*$F82," ")," ")," ") | U82: =IF(ISNUMBER(SEARCH("bench",$C82)),IF($D82>=0.7,IF($D82<0.8,$E82*$F82," ")," ")," ") | V82: =IF(ISNUMBER(SEARCH("bench",$C82)),IF($D82>=0.8,IF($D82<0.9,$E82*$F82," ")," ")," ") | W82: 3
B83: 2 | C83: Deadlift | D83: 0.5 | E83: 5 | F83: 1 | G83: ='Start Here'!$F$22*D83 -> 50 | L83: =E83*F83 -> 5 | M83: =G83*L83 -> 250 | X83: =IF(ISNUMBER(SEARCH("deadlift",$C83)),IF($D83>=0.5,IF($D83<0.6,$E83*$F83," ")," ")," ") -> 5 | Y83: =IF(ISNUMBER(SEARCH("deadlift",$C83)),IF($D83>=0.6,IF($D83<0.7,$E83*$F83," ")," ")," ") | Z83: =IF(ISNUMBER(SEARCH("deadlift",$C83)),IF($D83>=0.7,IF($D83<0.8,$E83*$F83," ")," ")," ") | AA83: =IF(ISNUMBER(SEARCH("deadlift",$C83)),IF($D83>=0.8,IF($D83<0.9,$E83*$F83," ")," ")," ") | AB83: =IF(ISNUMBER(SEARCH("deadlift",$C83)),IF($D83>=0.9,$E83*$F83," ")," ")
C84: Deadlift | D84: 0.6 | E84: 4 | F84: 1 | G84: ='Start Here'!$F$22*D84 -> 60 | L84: =E84*F84 -> 4 | M84: =G84*L84 -> 240 | X84: =IF(ISNUMBER(SEARCH("deadlift",$C84)),IF($D84>=0.5,IF($D84<0.6,$E84*$F84," ")," ")," ") | Y84: =IF(ISNUMBER(SEARCH("deadlift",$C84)),IF($D84>=0.6,IF($D84<0.7,$E84*$F84," ")," ")," ") -> 4 | Z84: =IF(ISNUMBER(SEARCH("deadlift",$C84)),IF($D84>=0.7,IF($D84<0.8,$E84*$F84," ")," ")," ") | AA84: =IF(ISNUMBER(SEARCH("deadlift",$C84)),IF($D84>=0.8,IF($D84<0.9,$E84*$F84," ")," ")," ") | AB84: =IF(ISNUMBER(SEARCH("deadlift",$C84)),IF($D84>=0.9,$E84*$F84," ")," ")
C85: Deadlift | D85: 0.7 | E85: 3 | F85: 1 | G85: ='Start Here'!$F$22*D85 -> 70 | L85: =E85*F85 -> 3 | M85: =G85*L85 -> 210 | X85: =IF(ISNUMBER(SEARCH("deadlift",$C85)),IF($D85>=0.5,IF($D85<0.6,$E85*$F85," ")," ")," ") | Y85: =IF(ISNUMBER(SEARCH("deadlift",$C85)),IF($D85>=0.6,IF($D85<0.7,$E85*$F85," ")," ")," ") | Z85: =IF(ISNUMBER(SEARCH("deadlift",$C85)),IF($D85>=0.7,IF($D85<0.8,$E85*$F85," ")," ")," ") -> 3 | AA85: =IF(ISNUMBER(SEARCH("deadlift",$C85)),IF($D85>=0.8,IF($D85<0.9,$E85*$F85," ")," ")," ") | AB85: =IF(ISNUMBER(SEARCH("deadlift",$C85)),IF($D85>=0.9,$E85*$F85," ")," ")
C86: Deadlift | D86: 0.8 | E86: 2 | F86: 1 | G86: ='Start Here'!$F$22*D86 -> 80 | L86: =E86*F86 -> 2 | M86: =G86*L86 -> 160 | X86: =IF(ISNUMBER(SEARCH("deadlift",$C86)),IF($D86>=0.5,IF($D86<0.6,$E86*$F86," ")," ")," ") | Y86: =IF(ISNUMBER(SEARCH("deadlift",$C86)),IF($D86>=0.6,IF($D86<0.7,$E86*$F86," ")," ")," ") | Z86: =IF(ISNUMBER(SEARCH("deadlift",$C86)),IF($D86>=0.7,IF($D86<0.8,$E86*$F86," ")," ")," ") | AA86: =IF(ISNUMBER(SEARCH("deadlift",$C86)),IF($D86>=0.8,IF($D86<0.9,$E86*$F86," ")," ")," ") -> 2 | AB86: =IF(ISNUMBER(SEARCH("deadlift",$C86)),IF($D86>=0.9,$E86*$F86," ")," ")
C87: Deadlift | D87: 0.9 | E87: 1 | F87: 1 | G87: ='Start Here'!$F$22*D87 -> 90 | L87: =E87*F87 -> 1 | M87: =G87*L87 -> 90 | X87: =IF(ISNUMBER(SEARCH("deadlift",$C87)),IF($D87>=0.5,IF($D87<0.6,$E87*$F87," ")," ")," ") | Y87: =IF(ISNUMBER(SEARCH("deadlift",$C87)),IF($D87>=0.6,IF($D87<0.7,$E87*$F87," ")," ")," ") | Z87: =IF(ISNUMBER(SEARCH("deadlift",$C87)),IF($D87>=0.7,IF($D87<0.8,$E87*$F87," ")," ")," ") | AA87: =IF(ISNUMBER(SEARCH("deadlift",$C87)),IF($D87>=0.8,IF($D87<0.9,$E87*$F87," ")," ")," ") | AB87: =IF(ISNUMBER(SEARCH("deadlift",$C87)),IF($D87>=0.9,$E87*$F87," ")," ") -> 1
C88: Deadlift | D88: 0.95 | E88: 1 | F88: 1 | G88: ='Start Here'!$F$22*D88 -> 95 | L88: =E88*F88 -> 1 | M88: =G88*L88 -> 95 | X88: =IF(ISNUMBER(SEARCH("deadlift",$C88)),IF($D88>=0.5,IF($D88<0.6,$E88*$F88," ")," ")," ") | Y88: =IF(ISNUMBER(SEARCH("deadlift",$C88)),IF($D88>=0.6,IF($D88<0.7,$E88*$F88," ")," ")," ") | Z88: =IF(ISNUMBER(SEARCH("deadlift",$C88)),IF($D88>=0.7,IF($D88<0.8,$E88*$F88," ")," ")," ") | AA88: =IF(ISNUMBER(SEARCH("deadlift",$C88)),IF($D88>=0.8,IF($D88<0.9,$E88*$F88," ")," ")," ") | AB88: =IF(ISNUMBER(SEARCH("deadlift",$C88)),IF($D88>=0.9,$E88*$F88," ")," ") -> 1
C89: Deadlift | D89: 100%-105% | E89: 1 | F89: 2-3 | G89: ='Start Here'!$F$23*MID(D89,1,4)&"-"&'Start Here'!$F$23*MID(D89,6,8) -> 100-105 | L89: 3 | M89: 300 | X89: =IF(ISNUMBER(SEARCH("deadlift",$C89)),IF($D89>=0.5,IF($D89<0.6,$E89*$F89," ")," ")," ") | Y89: =IF(ISNUMBER(SEARCH("deadlift",$C89)),IF($D89>=0.6,IF($D89<0.7,$E89*$F89," ")," ")," ") | Z89: =IF(ISNUMBER(SEARCH("deadlift",$C89)),IF($D89>=0.7,IF($D89<0.8,$E89*$F89," ")," ")," ") | AA89: =IF(ISNUMBER(SEARCH("deadlift",$C89)),IF($D89>=0.8,IF($D89<0.9,$E89*$F89," ")," ")," ") | AB89: 3
B90: 3 | C90: Delts | E90: 6 | F90: 4
B91: 4 | C91: Lat Muscles | E91: 6 | F91: 4
B93: Friday | D93: % | E93: Reps | F93: Sets | G93: Weight | AC93: Notes:
B94: 1 | C94: Squat | D94: 0.5 | E94: 5 | F94: 1 | G94: ='Start Here'!$F$21*D94 -> 50 | H94: =E94*F94 -> 5 | I94: =G94*H94 -> 250 | N94: =IF(ISNUMBER(SEARCH("squat",$C94)),IF($D94>=0.5,IF($D94<0.6,$E94*$F94," ")," ")," ") -> 5 | O94: =IF(ISNUMBER(SEARCH("squat",$C94)),IF($D94>=0.6,IF($D94<0.7,$E94*$F94," ")," ")," ") | P94: =IF(ISNUMBER(SEARCH("squat",$C94)),IF($D94>=0.7,IF($D94<0.8,$E94*$F94," ")," ")," ") | Q94: =IF(ISNUMBER(SEARCH("squat",$C94)),IF($D94>=0.8,IF($D94<0.9,$E94*$F94," ")," ")," ") | R94: =IF(ISNUMBER(SEARCH("squat",$C94)),IF($D94>=0.9,$E94*$F94," ")," ")
C95: Squat | D95: 0.6 | E95: 4 | F95: 1 | G95: ='Start Here'!$F$21*D95 -> 60 | H95: =E95*F95 -> 4 | I95: =G95*H95 -> 240 | N95: =IF(ISNUMBER(SEARCH("squat",$C95)),IF($D95>=0.5,IF($D95<0.6,$E95*$F95," ")," ")," ") | O95: =IF(ISNUMBER(SEARCH("squat",$C95)),IF($D95>=0.6,IF($D95<0.7,$E95*$F95," ")," ")," ") -> 4 | P95: =IF(ISNUMBER(SEARCH("squat",$C95)),IF($D95>=0.7,IF($D95<0.8,$E95*$F95," ")," ")," ") | Q95: =IF(ISNUMBER(SEARCH("squat",$C95)),IF($D95>=0.8,IF($D95<0.9,$E95*$F95," ")," ")," ") | R95: =IF(ISNUMBER(SEARCH("squat",$C95)),IF($D95>=0.9,$E95*$F95," ")," ")
C96: Squat | D96: 0.7 | E96: 3 | F96: 1 | G96: ='Start Here'!$F$21*D96 -> 70 | H96: =E96*F96 -> 3 | I96: =G96*H96 -> 210 | N96: =IF(ISNUMBER(SEARCH("squat",$C96)),IF($D96>=0.5,IF($D96<0.6,$E96*$F96," ")," ")," ") | O96: =IF(ISNUMBER(SEARCH("squat",$C96)),IF($D96>=0.6,IF($D96<0.7,$E96*$F96," ")," ")," ") | P96: =IF(ISNUMBER(SEARCH("squat",$C96)),IF($D96>=0.7,IF($D96<0.8,$E96*$F96," ")," ")," ") -> 3 | Q96: =IF(ISNUMBER(SEARCH("squat",$C96)),IF($D96>=0.8,IF($D96<0.9,$E96*$F96," ")," ")," ") | R96: =IF(ISNUMBER(SEARCH("squat",$C96)),IF($D96>=0.9,$E96*$F96," ")," ")
C97: Squat | D97: 0.8 | E97: 2 | F97: 4 | G97: ='Start Here'!$F$21*D97 -> 80 | H97: =E97*F97 -> 8 | I97: =G97*H97 -> 640 | N97: =IF(ISNUMBER(SEARCH("squat",$C97)),IF($D97>=0.5,IF($D97<0.6,$E97*$F97," ")," ")," ") | O97: =IF(ISNUMBER(SEARCH("squat",$C97)),IF($D97>=0.6,IF($D97<0.7,$E97*$F97," ")," ")," ") | P97: =IF(ISNUMBER(SEARCH("squat",$C97)),IF($D97>=0.7,IF($D97<0.8,$E97*$F97," ")," ")," ") | Q97: =IF(ISNUMBER(SEARCH("squat",$C97)),IF($D97>=0.8,IF($D97<0.9,$E97*$F97," ")," ")," ") -> 8 | R97: =IF(ISNUMBER(SEARCH("squat",$C97)),IF($D97>=0.9,$E97*$F97," ")," ")
B98: 2 | C98: Bench press | D98: 0.5 | E98: 5 | F98: 1 | G98: ='Start Here'!$F$22*D98 -> 50 | J98: =E98*F98 -> 5 | K98: =G98*J98 -> 250 | S98: =IF(ISNUMBER(SEARCH("bench",$C98)),IF($D98>=0.5,IF($D98<0.6,$E98*$F98," ")," ")," ") -> 5 | T98: =IF(ISNUMBER(SEARCH("bench",$C98)),IF($D98>=0.6,IF($D98<0.7,$E98*$F98," ")," ")," ") | U98: =IF(ISNUMBER(SEARCH("bench",$C98)),IF($D98>=0.7,IF($D98<0.8,$E98*$F98," ")," ")," ") | V98: =IF(ISNUMBER(SEARCH("bench",$C98)),IF($D98>=0.8,IF($D98<0.9,$E98*$F98," ")," ")," ") | W98: =IF(ISNUMBER(SEARCH("bench",$C98)),IF($D98>=0.9,$E98*$F98," ")," ")
C99: Bench press | D99: 0.6 | E99: 4 | F99: 1 | G99: ='Start Here'!$F$22*D99 -> 60 | J99: =E99*F99 -> 4 | K99: =G99*J99 -> 240 | S99: =IF(ISNUMBER(SEARCH("bench",$C99)),IF($D99>=0.5,IF($D99<0.6,$E99*$F99," ")," ")," ") | T99: =IF(ISNUMBER(SEARCH("bench",$C99)),IF($D99>=0.6,IF($D99<0.7,$E99*$F99," ")," ")," ") -> 4 | U99: =IF(ISNUMBER(SEARCH("bench",$C99)),IF($D99>=0.7,IF($D99<0.8,$E99*$F99," ")," ")," ") | V99: =IF(ISNUMBER(SEARCH("bench",$C99)),IF($D99>=0.8,IF($D99<0.9,$E99*$F99," ")," ")," ") | W99: =IF(ISNUMBER(SEARCH("bench",$C99)),IF($D99>=0.9,$E99*$F99," ")," ")
C100: Bench press | D100: 0.7 | E100: 3 | F100: 1 | G100: ='Start Here'!$F$22*D100 -> 70 | J100: =E100*F100 -> 3 | K100: =G100*J100 -> 210 | S100: =IF(ISNUMBER(SEARCH("bench",$C100)),IF($D100>=0.5,IF($D100<0.6,$E100*$F100," ")," ")," ") | T100: =IF(ISNUMBER(SEARCH("bench",$C100)),IF($D100>=0.6,IF($D100<0.7,$E100*$F100," ")," ")," ") | U100: =IF(ISNUMBER(SEARCH("bench",$C100)),IF($D100>=0.7,IF($D100<0.8,$E100*$F100," ")," ")," ") -> 3 | V100: =IF(ISNUMBER(SEARCH("bench",$C100)),IF($D100>=0.8,IF($D100<0.9,$E100*$F100," ")," ")," ") | W100: =IF(ISNUMBER(SEARCH("bench",$C100)),IF($D100>=0.9,$E100*$F100," ")," ")
C101: Bench press | D101: 0.75 | E101: 3 | F101: 5 | G101: ='Start Here'!$F$22*D101 -> 75 | J101: =E101*F101 -> 15 | K101: =G101*J101 -> 1125 | S101: =IF(ISNUMBER(SEARCH("bench",$C101)),IF($D101>=0.5,IF($D101<0.6,$E101*$F101," ")," ")," ") | T101: =IF(ISNUMBER(SEARCH("bench",$C101)),IF($D101>=0.6,IF($D101<0.7,$E101*$F101," ")," ")," ") | U101: =IF(ISNUMBER(SEARCH("bench",$C101)),IF($D101>=0.7,IF($D101<0.8,$E101*$F101," ")," ")," ") -> 15 | V101: =IF(ISNUMBER(SEARCH("bench",$C101)),IF($D101>=0.8,IF($D101<0.9,$E101*$F101," ")," ")," ") | W101: =IF(ISNUMBER(SEARCH("bench",$C101)),IF($D101>=0.9,$E101*$F101," ")," ")
B102: 4 | C102: Squat | D102: 0.5 | E102: 5 | F102: 1 | G102: ='Start Here'!$F$21*D102 -> 50 | H102: =E102*F102 -> 5 | I102: =G102*H102 -> 250 | N102: =IF(ISNUMBER(SEARCH("squat",$C102)),IF($D102>=0.5,IF($D102<0.6,$E102*$F102," ")," ")," ") -> 5 | O102: =IF(ISNUMBER(SEARCH("squat",$C102)),IF($D102>=0.6,IF($D102<0.7,$E102*$F102," ")," ")," ") | P102: =IF(ISNUMBER(SEARCH("squat",$C102)),IF($D102>=0.7,IF($D102<0.8,$E102*$F102," ")," ")," ") | Q102: =IF(ISNUMBER(SEARCH("squat",$C102)),IF($D102>=0.8,IF($D102<0.9,$E102*$F102," ")," ")," ") | R102: =IF(ISNUMBER(SEARCH("squat",$C102)),IF($D102>=0.9,$E102*$F102," ")," ")
C103: Squat | D103: 0.6 | E103: 5 | F103: 1 | G103: ='Start Here'!$F$21*D103 -> 60 | H103: =E103*F103 -> 5 | I103: =G103*H103 -> 300 | N103: =IF(ISNUMBER(SEARCH("squat",$C103)),IF($D103>=0.5,IF($D103<0.6,$E103*$F103," ")," ")," ") | O103: =IF(ISNUMBER(SEARCH("squat",$C103)),IF($D103>=0.6,IF($D103<0.7,$E103*$F103," ")," ")," ") -> 5 | P103: =IF(ISNUMBER(SEARCH("squat",$C103)),IF($D103>=0.7,IF($D103<0.8,$E103*$F103," ")," ")," ") | Q103: =IF(ISNUMBER(SEARCH("squat",$C103)),IF($D103>=0.8,IF($D103<0.9,$E103*$F103," ")," ")," ") | R103: =IF(ISNUMBER(SEARCH("squat",$C103)),IF($D103>=0.9,$E103*$F103," ")," ")
C104: Squat | D104: 0.7 | E104: 5 | F104: 4 | G104: ='Start Here'!$F$21*D104 -> 70 | H104: =E104*F104 -> 20 | I104: =G104*H104 -> 1400 | N104: =IF(ISNUMBER(SEARCH("squat",$C104)),IF($D104>=0.5,IF($D104<0.6,$E104*$F104," ")," ")," ") | O104: =IF(ISNUMBER(SEARCH("squat",$C104)),IF($D104>=0.6,IF($D104<0.7,$E104*$F104," ")," ")," ") | P104: =IF(ISNUMBER(SEARCH("squat",$C104)),IF($D104>=0.7,IF($D104<0.8,$E104*$F104," ")," ")," ") -> 20 | Q104: =IF(ISNUMBER(SEARCH("squat",$C104)),IF($D104>=0.8,IF($D104<0.9,$E104*$F104," ")," ")," ") | R104: =IF(ISNUMBER(SEARCH("squat",$C104)),IF($D104>=0.9,$E104*$F104," ")," ")
B105: 3 | C105: Chest Muscles | E105: 8 | F105: 5
B106: 4 | C106: Abs | E106: 8 | F106: 4
B108: Saturday | D108: % | E108: Reps | F108: Sets | G108: Weight | AC108: Notes:
B109: 1 | C109: Deadlift up to knees | D109: 0.5 | E109: 3 | F109: 1 | G109: ='Start Here'!$F$23*D109 -> 50 | L109: =E109*F109 -> 3 | M109: =G109*L109 -> 150 | X109: =IF(ISNUMBER(SEARCH("deadlift",$C109)),IF($D109>=0.5,IF($D109<0.6,$E109*$F109," ")," ")," ") -> 3 | Y109: =IF(ISNUMBER(SEARCH("deadlift",$C109)),IF($D109>=0.6,IF($D109<0.7,$E109*$F109," ")," ")," ") | Z109: =IF(ISNUMBER(SEARCH("deadlift",$C109)),IF($D109>=0.7,IF($D109<0.8,$E109*$F109," ")," ")," ") | AA109: =IF(ISNUMBER(SEARCH("deadlift",$C109)),IF($D109>=0.8,IF($D109<0.9,$E109*$F109," ")," ")," ") | AB109: =IF(ISNUMBER(SEARCH("deadlift",$C109)),IF($D109>=0.9,$E109*$F109," ")," ")
...

Sheet Comp Cycle
B2: Competition Period for Class 1 and Above Athletes
B5: WEEK 1 | N5: squat | S5: bench | X5: deadlift
B6: Monday | D6: % | E6: Reps | F6: Sets | G6: Weight | N6: 50-59 | O6: 60-69 | P6: 70-79 | Q6: 80-89 | R6: 90+ | S6: 50-59 | T6: 60-69 | U6: 70-79 | V6: 80-89 | W6: 90+ | X6: 50-59 | Y6: 60-69 | Z6: 70-79 | AA6: 80-89 | AB6: 90+ | AC6: Notes:
B7: 1 | C7: Bench press | D7: 0.55 | E7: 5 | F7: 1 | G7: ='Start Here'!$F$22*D7 -> 55 | J7: =E7*F7 -> 5 | K7: =J7*G7 -> 275 | S7: =IF(ISNUMBER(SEARCH("bench",$C7)),IF($D7>=0.5,IF($D7<0.6,$E7*$F7," ")," ")," ") -> 5 | T7: =IF(ISNUMBER(SEARCH("bench",$C7)),IF($D7>=0.6,IF($D7<0.7,$E7*$F7," ")," ")," ") | U7: =IF(ISNUMBER(SEARCH("bench",$C7)),IF($D7>=0.7,IF($D7<0.8,$E7*$F7," ")," ")," ") | V7: =IF(ISNUMBER(SEARCH("bench",$C7)),IF($D7>=0.8,IF($D7<0.9,$E7*$F7," ")," ")," ") | W7: =IF(ISNUMBER(SEARCH("bench",$C7)),IF($D7>=0.9,$E7*$F7," ")," ")
C8: Bench press | D8: 0.65 | E8: 4 | F8: 1 | G8: ='Start Here'!$F$22*D8 -> 65 | J8: =E8*F8 -> 4 | K8: =J8*G8 -> 260 | S8: =IF(ISNUMBER(SEARCH("bench",$C8)),IF($D8>=0.5,IF($D8<0.6,$E8*$F8," ")," ")," ") | T8: =IF(ISNUMBER(SEARCH("bench",$C8)),IF($D8>=0.6,IF($D8<0.7,$E8*$F8," ")," ")," ") -> 4 | U8: =IF(ISNUMBER(SEARCH("bench",$C8)),IF($D8>=0.7,IF($D8<0.8,$E8*$F8," ")," ")," ") | V8: =IF(ISNUMBER(SEARCH("bench",$C8)),IF($D8>=0.8,IF($D8<0.9,$E8*$F8," ")," ")," ") | W8: =IF(ISNUMBER(SEARCH("bench",$C8)),IF($D8>=0.9,$E8*$F8," ")," ")
C9: Bench press | D9: 0.75 | E9: 3 | F9: 1 | G9: ='Start Here'!$F$22*D9 -> 75 | J9: =E9*F9 -> 3 | K9: =J9*G9 -> 225 | S9: =IF(ISNUMBER(SEARCH("bench",$C9)),IF($D9>=0.5,IF($D9<0.6,$E9*$F9," ")," ")," ") | T9: =IF(ISNUMBER(SEARCH("bench",$C9)),IF($D9>=0.6,IF($D9<0.7,$E9*$F9," ")," ")," ") | U9: =IF(ISNUMBER(SEARCH("bench",$C9)),IF($D9>=0.7,IF($D9<0.8,$E9*$F9," ")," ")," ") -> 3 | V9: =IF(ISNUMBER(SEARCH("bench",$C9)),IF($D9>=0.8,IF($D9<0.9,$E9*$F9," ")," ")," ") | W9: =IF(ISNUMBER(SEARCH("bench",$C9)),IF($D9>=0.9,$E9*$F9," ")," ")
C10: Bench press | D10: 0.85 | E10: 2 | F10: 3 | G10: ='Start Here'!$F$22*D10 -> 85 | J10: =E10*F10 -> 6 | K10: =J10*G10 -> 510 | S10: =IF(ISNUMBER(SEARCH("bench",$C10)),IF($D10>=0.5,IF($D10<0.6,$E10*$F10," ")," ")," ") | T10: =IF(ISNUMBER(SEARCH("bench",$C10)),IF($D10>=0.6,IF($D10<0.7,$E10*$F10," ")," ")," ") | U10: =IF(ISNUMBER(SEARCH("bench",$C10)),IF($D10>=0.7,IF($D10<0.8,$E10*$F10," ")," ")," ") | V10: =IF(ISNUMBER(SEARCH("bench",$C10)),IF($D10>=0.8,IF($D10<0.9,$E10*$F10," ")," ")," ") -> 6 | W10: =IF(ISNUMBER(SEARCH("bench",$C10)),IF($D10>=0.9,$E10*$F10," ")," ")
B11: 2 | C11: Squat | D11: 0.5 | E11: 5 | F11: 1 | G11: ='Start Here'!$F$21*D11 -> 50 | H11: =E11*F11 -> 5 | I11: =H11*G11 -> 250 | N11: =IF(ISNUMBER(SEARCH("squat",$C11)),IF($D11>=0.5,IF($D11<0.6,$E11*$F11," ")," ")," ") -> 5 | O11: =IF(ISNUMBER(SEARCH("squat",$C11)),IF($D11>=0.6,IF($D11<0.7,$E11*$F11," ")," ")," ") | P11: =IF(ISNUMBER(SEARCH("squat",$C11)),IF($D11>=0.7,IF($D11<0.8,$E11*$F11," ")," ")," ") | Q11: =IF(ISNUMBER(SEARCH("squat",$C11)),IF($D11>=0.8,IF($D11<0.9,$E11*$F11," ")," ")," ") | R11: =IF(ISNUMBER(SEARCH("squat",$C11)),IF($D11>=0.9,$E11*$F11," ")," ")
C12: Squat | D12: 0.6 | E12: 4 | F12: 1 | G12: ='Start Here'!$F$21*D12 -> 60 | H12: =E12*F12 -> 4 | I12: =H12*G12 -> 240 | N12: =IF(ISNUMBER(SEARCH("squat",$C12)),IF($D12>=0.5,IF($D12<0.6,$E12*$F12," ")," ")," ") | O12: =IF(ISNUMBER(SEARCH("squat",$C12)),IF($D12>=0.6,IF($D12<0.7,$E12*$F12," ")," ")," ") -> 4 | P12: =IF(ISNUMBER(SEARCH("squat",$C12)),IF($D12>=0.7,IF($D12<0.8,$E12*$F12," ")," ")," ") | Q12: =IF(ISNUMBER(SEARCH("squat",$C12)),IF($D12>=0.8,IF($D12<0.9,$E12*$F12," ")," ")," ") | R12: =IF(ISNUMBER(SEARCH("squat",$C12)),IF($D12>=0.9,$E12*$F12," ")," ")
C13: Squat | D13: 0.7 | E13: 3 | F13: 1 | G13: ='Start Here'!$F$21*D13 -> 70 | H13: =E13*F13 -> 3 | I13: =H13*G13 -> 210 | N13: =IF(ISNUMBER(SEARCH("squat",$C13)),IF($D13>=0.5,IF($D13<0.6,$E13*$F13," ")," ")," ") | O13: =IF(ISNUMBER(SEARCH("squat",$C13)),IF($D13>=0.6,IF($D13<0.7,$E13*$F13," ")," ")," ") | P13: =IF(ISNUMBER(SEARCH("squat",$C13)),IF($D13>=0.7,IF($D13<0.8,$E13*$F13," ")," ")," ") -> 3 | Q13: =IF(ISNUMBER(SEARCH("squat",$C13)),IF($D13>=0.8,IF($D13<0.9,$E13*$F13," ")," ")," ") | R13: =IF(ISNUMBER(SEARCH("squat",$C13)),IF($D13>=0.9,$E13*$F13," ")," ")
C14: Squat | D14: 0.8 | E14: 3 | F14: 4 | G14: ='Start Here'!$F$21*D14 -> 80 | H14: =E14*F14 -> 12 | I14: =H14*G14 -> 960 | N14: =IF(ISNUMBER(SEARCH("squat",$C14)),IF($D14>=0.5,IF($D14<0.6,$E14*$F14," ")," ")," ") | O14: =IF(ISNUMBER(SEARCH("squat",$C14)),IF($D14>=0.6,IF($D14<0.7,$E14*$F14," ")," ")," ") | P14: =IF(ISNUMBER(SEARCH("squat",$C14)),IF($D14>=0.7,IF($D14<0.8,$E14*$F14," ")," ")," ") | Q14: =IF(ISNUMBER(SEARCH("squat",$C14)),IF($D14>=0.8,IF($D14<0.9,$E14*$F14," ")," ")," ") -> 12 | R14: =IF(ISNUMBER(SEARCH("squat",$C14)),IF($D14>=0.9,$E14*$F14," ")," ")
B15: 3 | C15: Bench press | D15: 0.5 | E15: 5 | F15: 1 | G15: ='Start Here'!$F$22*D15 -> 50 | J15: =E15*F15 -> 5 | K15: =J15*G15 -> 250 | S15: =IF(ISNUMBER(SEARCH("bench",$C15)),IF($D15>=0.5,IF($D15<0.6,$E15*$F15," ")," ")," ") -> 5 | T15: =IF(ISNUMBER(SEARCH("bench",$C15)),IF($D15>=0.6,IF($D15<0.7,$E15*$F15," ")," ")," ") | U15: =IF(ISNUMBER(SEARCH("bench",$C15)),IF($D15>=0.7,IF($D15<0.8,$E15*$F15," ")," ")," ") | V15: =IF(ISNUMBER(SEARCH("bench",$C15)),IF($D15>=0.8,IF($D15<0.9,$E15*$F15," ")," ")," ") | W15: =IF(ISNUMBER(SEARCH("bench",$C15)),IF($D15>=0.9,$E15*$F15," ")," ")
C16: Bench press | D16: 0.6 | E16: 4 | F16: 1 | G16: ='Start Here'!$F$22*D16 -> 60 | J16: =E16*F16 -> 4 | K16: =J16*G16 -> 240 | S16: =IF(ISNUMBER(SEARCH("bench",$C16)),IF($D16>=0.5,IF($D16<0.6,$E16*$F16," ")," ")," ") | T16: =IF(ISNUMBER(SEARCH("bench",$C16)),IF($D16>=0.6,IF($D16<0.7,$E16*$F16," ")," ")," ") -> 4 | U16: =IF(ISNUMBER(SEARCH("bench",$C16)),IF($D16>=0.7,IF($D16<0.8,$E16*$F16," ")," ")," ") | V16: =IF(ISNUMBER(SEARCH("bench",$C16)),IF($D16>=0.8,IF($D16<0.9,$E16*$F16," ")," ")," ") | W16: =IF(ISNUMBER(SEARCH("bench",$C16)),IF($D16>=0.9,$E16*$F16," ")," ")
C17: Bench press | D17: 0.7 | E17: 3 | F17: 1 | G17: ='Start Here'!$F$22*D17 -> 70 | J17: =E17*F17 -> 3 | K17: =J17*G17 -> 210 | S17: =IF(ISNUMBER(SEARCH("bench",$C17)),IF($D17>=0.5,IF($D17<0.6,$E17*$F17," ")," ")," ") | T17: =IF(ISNUMBER(SEARCH("bench",$C17)),IF($D17>=0.6,IF($D17<0.7,$E17*$F17," ")," ")," ") | U17: =IF(ISNUMBER(SEARCH("bench",$C17)),IF($D17>=0.7,IF($D17<0.8,$E17*$F17," ")," ")," ") -> 3 | V17: =IF(ISNUMBER(SEARCH("bench",$C17)),IF($D17>=0.8,IF($D17<0.9,$E17*$F17," ")," ")," ") | W17: =IF(ISNUMBER(SEARCH("bench",$C17)),IF($D17>=0.9,$E17*$F17," ")," ")
C18: Bench press | D18: 0.8 | E18: 2 | F18: 4 | G18: ='Start Here'!$F$22*D18 -> 80 | J18: =E18*F18 -> 8 | K18: =J18*G18 -> 640 | S18: =IF(ISNUMBER(SEARCH("bench",$C18)),IF($D18>=0.5,IF($D18<0.6,$E18*$F18," ")," ")," ") | T18: =IF(ISNUMBER(SEARCH("bench",$C18)),IF($D18>=0.6,IF($D18<0.7,$E18*$F18," ")," ")," ") | U18: =IF(ISNUMBER(SEARCH("bench",$C18)),IF($D18>=0.7,IF($D18<0.8,$E18*$F18," ")," ")," ") | V18: =IF(ISNUMBER(SEARCH("bench",$C18)),IF($D18>=0.8,IF($D18<0.9,$E18*$F18," ")," ")," ") -> 8 | W18: =IF(ISNUMBER(SEARCH("bench",$C18)),IF($D18>=0.9,$E18*$F18," ")," ")
B19: 4 | C19: Chest Muscles | E19: 8 | F19: 4
B20: 5 | C20: Hyperextension | E20: 8 | F20: 4
B22: Wednesday | D22: % | E22: Reps | F22: Sets | G22: Weight | AC22: Notes:
B23: 1 | C23: Deficit Deadlift | D23: 0.5 | E23: 3 | F23: 1 | G23: ='Start Here'!$F$23*D23 -> 50 | L23: =E23*F23 -> 3 | M23: =L23*G23 -> 150 | X23: =IF(ISNUMBER(SEARCH("deadlift",$C23)),IF($D23>=0.5,IF($D23<0.6,$E23*$F23," ")," ")," ") -> 3 | Y23: =IF(ISNUMBER(SEARCH("deadlift",$C23)),IF($D23>=0.6,IF($D23<0.7,$E23*$F23," ")," ")," ") | Z23: =IF(ISNUMBER(SEARCH("deadlift",$C23)),IF($D23>=0.7,IF($D23<0.8,$E23*$F23," ")," ")," ") | AA23: =IF(ISNUMBER(SEARCH("deadlift",$C23)),IF($D23>=0.8,IF($D23<0.9,$E23*$F23," ")," ")," ") | AB23: =IF(ISNUMBER(SEARCH("deadlift",$C23)),IF($D23>=0.9,$E23*$F23," ")," ")
C24: Deficit Deadlift | D24: 0.6 | E24: 3 | F24: 1 | G24: ='Start Here'!$F$23*D24 -> 60 | L24: =E24*F24 -> 3 | M24: =L24*G24 -> 180 | X24: =IF(ISNUMBER(SEARCH("deadlift",$C24)),IF($D24>=0.5,IF($D24<0.6,$E24*$F24," ")," ")," ") | Y24: =IF(ISNUMBER(SEARCH("deadlift",$C24)),IF($D24>=0.6,IF($D24<0.7,$E24*$F24," ")," ")," ") -> 3 | Z24: =IF(ISNUMBER(SEARCH("deadlift",$C24)),IF($D24>=0.7,IF($D24<0.8,$E24*$F24," ")," ")," ") | AA24: =IF(ISNUMBER(SEARCH("deadlift",$C24)),IF($D24>=0.8,IF($D24<0.9,$E24*$F24," ")," ")," ") | AB24: =IF(ISNUMBER(SEARCH("deadlift",$C24)),IF($D24>=0.9,$E24*$F24," ")," ")
C25: Deficit Deadlift | D25: 0.7 | E25: 2 | F25: 2 | G25: ='Start Here'!$F$23*D25 -> 70 | L25: =E25*F25 -> 4 | M25: =L25*G25 -> 280 | X25: =IF(ISNUMBER(SEARCH("deadlift",$C25)),IF($D25>=0.5,IF($D25<0.6,$E25*$F25," ")," ")," ") | Y25: =IF(ISNUMBER(SEARCH("deadlift",$C25)),IF($D25>=0.6,IF($D25<0.7,$E25*$F25," ")," ")," ") | Z25: =IF(ISNUMBER(SEARCH("deadlift",$C25)),IF($D25>=0.7,IF($D25<0.8,$E25*$F25," ")," ")," ") -> 4 | AA25: =IF(ISNUMBER(SEARCH("deadlift",$C25)),IF($D25>=0.8,IF($D25<0.9,$E25*$F25," ")," ")," ") | AB25: =IF(ISNUMBER(SEARCH("deadlift",$C25)),IF($D25>=0.9,$E25*$F25," ")," ")
B26: 2 | C26: Bench press | D26: 0.5 | E26: 5 | F26: 1 | G26: ='Start Here'!$F$22*D26 -> 50 | J26: =E26*F26 -> 5 | K26: =J26*G26 -> 250 | S26: =IF(ISNUMBER(SEARCH("bench",$C26)),IF($D26>=0.5,IF($D26<0.6,$E26*$F26," ")," ")," ") -> 5 | T26: =IF(ISNUMBER(SEARCH("bench",$C26)),IF($D26>=0.6,IF($D26<0.7,$E26*$F26," ")," ")," ") | U26: =IF(ISNUMBER(SEARCH("bench",$C26)),IF($D26>=0.7,IF($D26<0.8,$E26*$F26," ")," ")," ") | V26: =IF(ISNUMBER(SEARCH("bench",$C26)),IF($D26>=0.8,IF($D26<0.9,$E26*$F26," ")," ")," ") | W26: =IF(ISNUMBER(SEARCH("bench",$C26)),IF($D26>=0.9,$E26*$F26," ")," ")
C27: Bench press | D27: 0.6 | E27: 4 | F27: 1 | G27: ='Start Here'!$F$22*D27 -> 60 | J27: =E27*F27 -> 4 | K27: =J27*G27 -> 240 | S27: =IF(ISNUMBER(SEARCH("bench",$C27)),IF($D27>=0.5,IF($D27<0.6,$E27*$F27," ")," ")," ") | T27: =IF(ISNUMBER(SEARCH("bench",$C27)),IF($D27>=0.6,IF($D27<0.7,$E27*$F27," ")," ")," ") -> 4 | U27: =IF(ISNUMBER(SEARCH("bench",$C27)),IF($D27>=0.7,IF($D27<0.8,$E27*$F27," ")," ")," ") | V27: =IF(ISNUMBER(SEARCH("bench",$C27)),IF($D27>=0.8,IF($D27<0.9,$E27*$F27," ")," ")," ") | W27: =IF(ISNUMBER(SEARCH("bench",$C27)),IF($D27>=0.9,$E27*$F27," ")," ")
C28: Bench press | D28: 0.7 | E28: 3 | F28: 1 | G28: ='Start Here'!$F$22*D28 -> 70 | J28: =E28*F28 -> 3 | K28: =J28*G28 -> 210 | S28: =IF(ISNUMBER(SEARCH("bench",$C28)),IF($D28>=0.5,IF($D28<0.6,$E28*$F28," ")," ")," ") | T28: =IF(ISNUMBER(SEARCH("bench",$C28)),IF($D28>=0.6,IF($D28<0.7,$E28*$F28," ")," ")," ") | U28: =IF(ISNUMBER(SEARCH("bench",$C28)),IF($D28>=0.7,IF($D28<0.8,$E28*$F28," ")," ")," ") -> 3 | V28: =IF(ISNUMBER(SEARCH("bench",$C28)),IF($D28>=0.8,IF($D28<0.9,$E28*$F28," ")," ")," ") | W28: =IF(ISNUMBER(SEARCH("bench",$C28)),IF($D28>=0.9,$E28*$F28," ")," ")
C29: Bench press | D29: 0.8 | E29: 3 | F29: 4 | G29: ='Start Here'!$F$22*D29 -> 80 | J29: =E29*F29 -> 12 | K29: =J29*G29 -> 960 | S29: =IF(ISNUMBER(SEARCH("bench",$C29)),IF($D29>=0.5,IF($D29<0.6,$E29*$F29," ")," ")," ") | T29: =IF(ISNUMBER(SEARCH("bench",$C29)),IF($D29>=0.6,IF($D29<0.7,$E29*$F29," ")," ")," ") | U29: =IF(ISNUMBER(SEARCH("bench",$C29)),IF($D29>=0.7,IF($D29<0.8,$E29*$F29," ")," ")," ") | V29: =IF(ISNUMBER(SEARCH("bench",$C29)),IF($D29>=0.8,IF($D29<0.9,$E29*$F29," ")," ")," ") -> 12 | W29: =IF(ISNUMBER(SEARCH("bench",$C29)),IF($D29>=0.9,$E29*$F29," ")," ")
B30: 3 | C30: Deadlift of boxes, bar is 5cm below knees | D30: 0.6 | E30: 3 | F30: 1 | G30: ='Start Here'!$F$23*D30 -> 60 | L30: =E30*F30 -> 3 | M30: =L30*G30 -> 180 | X30: =IF(ISNUMBER(SEARCH("deadlift",$C30)),IF($D30>=0.5,IF($D30<0.6,$E30*$F30," ")," ")," ") | Y30: =IF(ISNUMBER(SEARCH("deadlift",$C30)),IF($D30>=0.6,IF($D30<0.7,$E30*$F30," ")," ")," ") -> 3 | Z30: =IF(ISNUMBER(SEARCH("deadlift",$C30)),IF($D30>=0.7,IF($D30<0.8,$E30*$F30," ")," ")," ") | AA30: =IF(ISNUMBER(SEARCH("deadlift",$C30)),IF($D30>=0.8,IF($D30<0.9,$E30*$F30," ")," ")," ") | AB30: =IF(ISNUMBER(SEARCH("deadlift",$C30)),IF($D30>=0.9,$E30*$F30," ")," ")
C31: Deadlift of boxes, bar is 5cm below knees | D31: 0.7 | E31: 3 | F31: 1 | G31: ='Start Here'!$F$23*D31 -> 70 | L31: =E31*F31 -> 3 | M31: =L31*G31 -> 210 | X31: =IF(ISNUMBER(SEARCH("deadlift",$C31)),IF($D31>=0.5,IF($D31<0.6,$E31*$F31," ")," ")," ") | Y31: =IF(ISNUMBER(SEARCH("deadlift",$C31)),IF($D31>=0.6,IF($D31<0.7,$E31*$F31," ")," ")," ") | Z31: =IF(ISNUMBER(SEARCH("deadlift",$C31)),IF($D31>=0.7,IF($D31<0.8,$E31*$F31," ")," ")," ") -> 3 | AA31: =IF(ISNUMBER(SEARCH("deadlift",$C31)),IF($D31>=0.8,IF($D31<0.9,$E31*$F31," ")," ")," ") | AB31: =IF(ISNUMBER(SEARCH("deadlift",$C31)),IF($D31>=0.9,$E31*$F31," ")," ")
C32: Deadlift of boxes, bar is 5cm below knees | D32: 0.8 | E32: 2 | F32: 2 | G32: ='Start Here'!$F$23*D32 -> 80 | L32: =E32*F32 -> 4 | M32: =L32*G32 -> 320 | X32: =IF(ISNUMBER(SEARCH("deadlift",$C32)),IF($D32>=0.5,IF($D32<0.6,$E32*$F32," ")," ")," ") | Y32: =IF(ISNUMBER(SEARCH("deadlift",$C32)),IF($D32>=0.6,IF($D32<0.7,$E32*$F32," ")," ")," ") | Z32: =IF(ISNUMBER(SEARCH("deadlift",$C32)),IF($D32>=0.7,IF($D32<0.8,$E32*$F32," ")," ")," ") | AA32: =IF(ISNUMBER(SEARCH("deadlift",$C32)),IF($D32>=0.8,IF($D32<0.9,$E32*$F32," ")," ")," ") -> 4 | AB32: =IF(ISNUMBER(SEARCH("deadlift",$C32)),IF($D32>=0.9,$E32*$F32," ")," ")
C33: Deadlift of boxes, bar is 5cm below knees | D33: 0.9 | E33: 1 | F33: 3 | G33: ='Start Here'!$F$23*D33 -> 90 | L33: =E33*F33 -> 3 | M33: =L33*G33 -> 270 | X33: =IF(ISNUMBER(SEARCH("deadlift",$C33)),IF($D33>=0.5,IF($D33<0.6,$E33*$F33," ")," ")," ") | Y33: =IF(ISNUMBER(SEARCH("deadlift",$C33)),IF($D33>=0.6,IF($D33<0.7,$E33*$F33," ")," ")," ") | Z33: =IF(ISNUMBER(SEARCH("deadlift",$C33)),IF($D33>=0.7,IF($D33<0.8,$E33*$F33," ")," ")," ") | AA33: =IF(ISNUMBER(SEARCH("deadlift",$C33)),IF($D33>=0.8,IF($D33<0.9,$E33*$F33," ")," ")," ") | AB33: =IF(ISNUMBER(SEARCH("deadlift",$C33)),IF($D33>=0.9,$E33*$F33," ")," ") -> 3
B34: 4 | C34: Lat Muscles | E34: 6 | F34: 4
B35: 5 | C35: Abs | E35: 8 | F35: 4
B37: Friday | D37: % | E37: Reps | F37: Sets | G37: Weight | AC37: Notes:
B38: 1 | C38: Squat | D38: 0.5 | E38: 3 | F38: 1 | G38: ='Start Here'!$F$21*D38 -> 50 | H38: =E38*F38 -> 3 | I38: =H38*G38 -> 150 | N38: =IF(ISNUMBER(SEARCH("squat",$C38)),IF($D38>=0.5,IF($D38<0.6,$E38*$F38," ")," ")," ") -> 3 | O38: =IF(ISNUMBER(SEARCH("squat",$C38)),IF($D38>=0.6,IF($D38<0.7,$E38*$F38," ")," ")," ") | P38: =IF(ISNUMBER(SEARCH("squat",$C38)),IF($D38>=0.7,IF($D38<0.8,$E38*$F38," ")," ")," ") | Q38: =IF(ISNUMBER(SEARCH("squat",$C38)),IF($D38>=0.8,IF($D38<0.9,$E38*$F38," ")," ")," ") | R38: =IF(ISNUMBER(SEARCH("squat",$C38)),IF($D38>=0.9,$E38*$F38," ")," ")
C39: Squat | D39: 0.6 | E39: 3 | F39: 1 | G39: ='Start Here'!$F$21*D39 -> 60 | H39: =E39*F39 -> 3 | I39: =H39*G39 -> 180 | N39: =IF(ISNUMBER(SEARCH("squat",$C39)),IF($D39>=0.5,IF($D39<0.6,$E39*$F39," ")," ")," ") | O39: =IF(ISNUMBER(SEARCH("squat",$C39)),IF($D39>=0.6,IF($D39<0.7,$E39*$F39," ")," ")," ") -> 3 | P39: =IF(ISNUMBER(SEARCH("squat",$C39)),IF($D39>=0.7,IF($D39<0.8,$E39*$F39," ")," ")," ") | Q39: =IF(ISNUMBER(SEARCH("squat",$C39)),IF($D39>=0.8,IF($D39<0.9,$E39*$F39," ")," ")," ") | R39: =IF(ISNUMBER(SEARCH("squat",$C39)),IF($D39>=0.9,$E39*$F39," ")," ")
C40: Squat | D40: 0.7 | E40: 3 | F40: 1 | G40: ='Start Here'!$F$21*D40 -> 70 | H40: =E40*F40 -> 3 | I40: =H40*G40 -> 210 | N40: =IF(ISNUMBER(SEARCH("squat",$C40)),IF($D40>=0.5,IF($D40<0.6,$E40*$F40," ")," ")," ") | O40: =IF(ISNUMBER(SEARCH("squat",$C40)),IF($D40>=0.6,IF($D40<0.7,$E40*$F40," ")," ")," ") | P40: =IF(ISNUMBER(SEARCH("squat",$C40)),IF($D40>=0.7,IF($D40<0.8,$E40*$F40," ")," ")," ") -> 3 | Q40: =IF(ISNUMBER(SEARCH("squat",$C40)),IF($D40>=0.8,IF($D40<0.9,$E40*$F40," ")," ")," ") | R40: =IF(ISNUMBER(SEARCH("squat",$C40)),IF($D40>=0.9,$E40*$F40," ")," ")
C41: Squat | D41: 0.8 | E41: 2 | F41: 2 | G41: ='Start Here'!$F$21*D41 -> 80 | H41: =E41*F41 -> 4 | I41: =H41*G41 -> 320 | N41: =IF(ISNUMBER(SEARCH("squat",$C41)),IF($D41>=0.5,IF($D41<0.6,$E41*$F41," ")," ")," ") | O41: =IF(ISNUMBER(SEARCH("squat",$C41)),IF($D41>=0.6,IF($D41<0.7,$E41*$F41," ")," ")," ") | P41: =IF(ISNUMBER(SEARCH("squat",$C41)),IF($D41>=0.7,IF($D41<0.8,$E41*$F41," ")," ")," ") | Q41: =IF(ISNUMBER(SEARCH("squat",$C41)),IF($D41>=0.8,IF($D41<0.9,$E41*$F41," ")," ")," ") -> 4 | R41: =IF(ISNUMBER(SEARCH("squat",$C41)),IF($D41>=0.9,$E41*$F41," ")," ")
C42: Squat | D42: 0.85 | E42: 1 | F42: 3 | G42: ='Start Here'!$F$21*D42 -> 85 | H42: =E42*F42 -> 3 | I42: =H42*G42 -> 255 | N42: =IF(ISNUMBER(SEARCH("squat",$C42)),IF($D42>=0.5,IF($D42<0.6,$E42*$F42," ")," ")," ") | O42: =IF(ISNUMBER(SEARCH("squat",$C42)),IF($D42>=0.6,IF($D42<0.7,$E42*$F42," ")," ")," ") | P42: =IF(ISNUMBER(SEARCH("squat",$C42)),IF($D42>=0.7,IF($D42<0.8,$E42*$F42," ")," ")," ") | Q42: =IF(ISNUMBER(SEARCH("squat",$C42)),IF($D42>=0.8,IF($D42<0.9,$E42*$F42," ")," ")," ") -> 3 | R42: =IF(ISNUMBER(SEARCH("squat",$C42)),IF($D42>=0.9,$E42*$F42," ")," ")
B43: 2 | C43: Bench press | D43: 0.5 | E43: 3 | F43: 1 | G43: ='Start Here'!$F$22*D43 -> 50 | J43: =E43*F43 -> 3 | K43: =J43*G43 -> 150 | S43: =IF(ISNUMBER(SEARCH("bench",$C43)),IF($D43>=0.5,IF($D43<0.6,$E43*$F43," ")," ")," ") -> 3 | T43: =IF(ISNUMBER(SEARCH("bench",$C43)),IF($D43>=0.6,IF($D43<0.7,$E43*$F43," ")," ")," ") | U43: =IF(ISNUMBER(SEARCH("bench",$C43)),IF($D43>=0.7,IF($D43<0.8,$E43*$F43," ")," ")," ") | V43: =IF(ISNUMBER(SEARCH("bench",$C43)),IF($D43>=0.8,IF($D43<0.9,$E43*$F43," ")," ")," ") | W43: =IF(ISNUMBER(SEARCH("bench",$C43)),IF($D43>=0.9,$E43*$F43," ")," ")
C44: Bench press | D44: 0.6 | E44: 3 | F44: 1 | G44: ='Start Here'!$F$22*D44 -> 60 | J44: =E44*F44 -> 3 | K44: =J44*G44 -> 180 | S44: =IF(ISNUMBER(SEARCH("bench",$C44)),IF($D44>=0.5,IF($D44<0.6,$E44*$F44," ")," ")," ") | T44: =IF(ISNUMBER(SEARCH("bench",$C44)),IF($D44>=0.6,IF($D44<0.7,$E44*$F44," ")," ")," ") -> 3 | U44: =IF(ISNUMBER(SEARCH("bench",$C44)),IF($D44>=0.7,IF($D44<0.8,$E44*$F44," ")," ")," ") | V44: =IF(ISNUMBER(SEARCH("bench",$C44)),IF($D44>=0.8,IF($D44<0.9,$E44*$F44," ")," ")," ") | W44: =IF(ISNUMBER(SEARCH("bench",$C44)),IF($D44>=0.9,$E44*$F44," ")," ")
C45: Bench press | D45: 0.7 | E45: 3 | F45: 1 | G45: ='Start Here'!$F$22*D45 -> 70 | J45: =E45*F45 -> 3 | K45: =J45*G45 -> 210 | S45: =IF(ISNUMBER(SEARCH("bench",$C45)),IF($D45>=0.5,IF($D45<0.6,$E45*$F45," ")," ")," ") | T45: =IF(ISNUMBER(SEARCH("bench",$C45)),IF($D45>=0.6,IF($D45<0.7,$E45*$F45," ")," ")," ") | U45: =IF(ISNUMBER(SEARCH("bench",$C45)),IF($D45>=0.7,IF($D45<0.8,$E45*$F45," ")," ")," ") -> 3 | V45: =IF(ISNUMBER(SEARCH("bench",$C45)),IF($D45>=0.8,IF($D45<0.9,$E45*$F45," ")," ")," ") | W45: =IF(ISNUMBER(SEARCH("bench",$C45)),IF($D45>=0.9,$E45*$F45," ")," ")
C46: Bench press | D46: 0.8 | E46: 2 | F46: 2 | G46: ='Start Here'!$F$22*D46 -> 80 | J46: =E46*F46 -> 4 | K46: =J46*G46 -> 320 | S46: =IF(ISNUMBER(SEARCH("bench",$C46)),IF($D46>=0.5,IF($D46<0.6,$E46*$F46," ")," ")," ") | T46: =IF(ISNUMBER(SEARCH("bench",$C46)),IF($D46>=0.6,IF($D46<0.7,$E46*$F46," ")," ")," ") | U46: =IF(ISNUMBER(SEARCH("bench",$C46)),IF($D46>=0.7,IF($D46<0.8,$E46*$F46," ")," ")," ") | V46: =IF(ISNUMBER(SEARCH("bench",$C46)),IF($D46>=0.8,IF($D46<0.9,$E46*$F46," ")," ")," ") -> 4 | W46: =IF(ISNUMBER(SEARCH("bench",$C46)),IF($D46>=0.9,$E46*$F46," ")," ")
C47: Bench press | D47: 0.85 | E47: 2 | F47: 3 | G47: ='Start Here'!$F$22*D47 -> 85 | J47: =E47*F47 -> 6 | K47: =J47*G47 -> 510 | S47: =IF(ISNUMBER(SEARCH("bench",$C47)),IF($D47>=0.5,IF($D47<0.6,$E47*$F47," ")," ")," ") | T47: =IF(ISNUMBER(SEARCH("bench",$C47)),IF($D47>=0.6,IF($D47<0.7,$E47*$F47," ")," ")," ") | U47: =IF(ISNUMBER(SEARCH("bench",$C47)),IF($D47>=0.7,IF($D47<0.8,$E47*$F47," ")," ")," ") | V47: =IF(ISNUMBER(SEARCH("bench",$C47)),IF($D47>=0.8,IF($D47<0.9,$E47*$F47," ")," ")," ") -> 6 | W47: =IF(ISNUMBER(SEARCH("bench",$C47)),IF($D47>=0.9,$E47*$F47," ")," ")
C48: Bench press | D48: 0.8 | E48: 2 | F48: 2 | G48: ='Start Here'!$F$22*D48 -> 80 | J48: =E48*F48 -> 4 | K48: =J48*G48 -> 320 | S48: =IF(ISNUMBER(SEARCH("bench",$C48)),IF($D48>=0.5,IF($D48<0.6,$E48*$F48," ")," ")," ") | T48: =IF(ISNUMBER(SEARCH("bench",$C48)),IF($D48>=0.6,IF($D48<0.7,$E48*$F48," ")," ")," ") | U48: =IF(ISNUMBER(SEARCH("bench",$C48)),IF($D48>=0.7,IF($D48<0.8,$E48*$F48," ")," ")," ") | V48: =IF(ISNUMBER(SEARCH("bench",$C48)),IF($D48>=0.8,IF($D48<0.9,$E48*$F48," ")," ")," ") -> 4 | W48: =IF(ISNUMBER(SEARCH("bench",$C48)),IF($D48>=0.9,$E48*$F48," ")," ")
B49: 3 | C49: Chest Muscles | E49: 6 | F49: 4
B50: 4 | C50: Triceps | E50: 6 | F50: 4
B51: 5 | C51: Goodmorning | E51: 5 | F51: 4
B53: Saturday | D53: % | E53: Reps | F53: Sets | G53: Weight | AC53: Notes:
B54: 1 | C54: Incline Shoulder press | E54: 3 | F54: 5
B55: 2 | C55: Deadlift off boxes, bar is 5cm below knees | D55: 0.55 | E55: 3 | F55: 1 | G55: ='Start Here'!$F$23*D55 -> 55 | L55: =E55*F55 -> 3 | M55: =L55*G55 -> 165 | X55: =IF(ISNUMBER(SEARCH("deadlift",$C55)),IF($D55>=0.5,IF($D55<0.6,$E55*$F55," ")," ")," ") -> 3 | Y55: =IF(ISNUMBER(SEARCH("deadlift",$C55)),IF($D55>=0.6,IF($D55<0.7,$E55*$F55," ")," ")," ") | Z55: =IF(ISNUMBER(SEARCH("deadlift",$C55)),IF($D55>=0.7,IF($D55<0.8,$E55*$F55," ")," ")," ") | AA55: =IF(ISNUMBER(SEARCH("deadlift",$C55)),IF($D55>=0.8,IF($D55<0.9,$E55*$F55," ")," ")," ") | AB55: =IF(ISNUMBER(SEARCH("deadlift",$C55)),IF($D55>=0.9,$E55*$F55," ")," ")
C56: Deadlift off boxes, bar is 5cm below knees | D56: 0.65 | E56: 3 | F56: 1 | G56: ='Start Here'!$F$23*D56 -> 65 | L56: =E56*F56 -> 3 | M56: =L56*G56 -> 195 | X56: =IF(ISNUMBER(SEARCH("deadlift",$C56)),IF($D56>=0.5,IF($D56<0.6,$E56*$F56," ")," ")," ") | Y56: =IF(ISNUMBER(SEARCH("deadlift",$C56)),IF($D56>=0.6,IF($D56<0.7,$E56*$F56," ")," ")," ") -> 3 | Z56: =IF(ISNUMBER(SEARCH("deadlift",$C56)),IF($D56>=0.7,IF($D56<0.8,$E56*$F56," ")," ")," ") | AA56: =IF(ISNUMBER(SEARCH("deadlift",$C56)),IF($D56>=0.8,IF($D56<0.9,$E56*$F56," ")," ")," ") | AB56: =IF(ISNUMBER(SEARCH("deadlift",$C56)),IF($D56>=0.9,$E56*$F56," ")," ")
C57: Deadlift off boxes, bar is 5cm below knees | D57: 0.75 | E57: 3 | F57: 1 | G57: ='Start Here'!$F$23*D57 -> 75 | L57: =E57*F57 -> 3 | M57: =L57*G57 -> 225 | X57: =IF(ISNUMBER(SEARCH("deadlift",$C57)),IF($D57>=0.5,IF($D57<0.6,$E57*$F57," ")," ")," ") | Y57: =IF(ISNUMBER(SEARCH("deadlift",$C57)),IF($D57>=0.6,IF($D57<0.7,$E57*$F57," ")," ")," ") | Z57: =IF(ISNUMBER(SEARCH("deadlift",$C57)),IF($D57>=0.7,IF($D57<0.8,$E57*$F57," ")," ")," ") -> 3 | AA57: =IF(ISNUMBER(SEARCH("deadlift",$C57)),IF($D57>=0.8,IF($D57<0.9,$E57*$F57," ")," ")," ") | AB57: =IF(ISNUMBER(SEARCH("deadlift",$C57)),IF($D57>=0.9,$E57*$F57," ")," ")
C58: Deadlift off boxes, bar is 5cm below knees | D58: 0.85 | E58: 2 | F58: 3 | G58: ='Start Here'!$F$23*D58 -> 85 | L58: =E58*F58 -> 6 | M58: =L58*G58 -> 510 | X58: =IF(ISNUMBER(SEARCH("deadlift",$C58)),IF($D58>=0.5,IF($D58<0.6,$E58*$F58," ")," ")," ") | Y58: =IF(ISNUMBER(SEARCH("deadlift",$C58)),IF($D58>=0.6,IF($D58<0.7,$E58*$F58," ")," ")," ") | Z58: =IF(ISNUMBER(SEARCH("deadlift",$C58)),IF($D58>=0.7,IF($D58<0.8,$E58*$F58," ")," ")," ") | AA58: =IF(ISNUMBER(SEARCH("deadlift",$C58)),IF($D58>=0.8,IF($D58<0.9,$E58*$F58," ")," ")," ") -> 6 | AB58: =IF(ISNUMBER(SEARCH("deadlift",$C58)),IF($D58>=0.9,$E58*$F58," ")," ")
B59: 3 | C59: Delts | E59: 6 | F59: 4
B60: 4 | C60: Lat Muscles | E60: 6 | F60: 4
B61: 5 | C61: Reverse Hyperextension | E61: 8 | F61: 4
H62: =SUM(H7:H61) -> 40 | I62: =SUM(I7:I61) -> 2775 | J62: =SUM(J7:J61) -> 85 | K62: =SUM(K7:K61) -> 5960 | L62: =SUM(L7:L61) -> 38 | M62: =SUM(M7:M61) -> 2685 | N62: =SUM(N7:N61) -> 8 | O62: =SUM(O7:O61) -> 7 | ... AB62: =SUM(AB7:AB61) -> 3
B63: WEEK 2
B64: Monday | D64: % | E64: Reps | F64: Sets | G64: Weight | AC64: Notes:
B65: 1 | C65: Squat | D65: 0.5 | E65: 3 | F65: 1 | G65: ='Start Here'!$F$21*D65 -> 50 | H65: =E65*F65 -> 3 | I65: =H65*G65 -> 150 | N65: =IF(ISNUMBER(SEARCH("squat",$C65)),IF($D65>=0.5,IF($D65<0.6,$E65*$F65," ")," ")," ") -> 3 | O65: =IF(ISNUMBER(SEARCH("squat",$C65)),IF($D65>=0.6,IF($D65<0.7,$E65*$F65," ")," ")," ") | P65: =IF(ISNUMBER(SEARCH("squat",$C65)),IF($D65>=0.7,IF($D65<0.8,$E65*$F65," ")," ")," ") | Q65: =IF(ISNUMBER(SEARCH("squat",$C65)),IF($D65>=0.8,IF($D65<0.9,$E65*$F65," ")," ")," ") | R65: =IF(ISNUMBER(SEARCH("squat",$C65)),IF($D65>=0.9,$E65*$F65," ")," ")
C66: Squat | D66: 0.6 | E66: 3 | F66: 1 | G66: ='Start Here'!$F$21*D66 -> 60 | H66: =E66*F66 -> 3 | I66: =H66*G66 -> 180 | N66: =IF(ISNUMBER(SEARCH("squat",$C66)),IF($D66>=0.5,IF($D66<0.6,$E66*$F66," ")," ")," ") | O66: =IF(ISNUMBER(SEARCH("squat",$C66)),IF($D66>=0.6,IF($D66<0.7,$E66*$F66," ")," ")," ") -> 3 | P66: =IF(ISNUMBER(SEARCH("squat",$C66)),IF($D66>=0.7,IF($D66<0.8,$E66*$F66," ")," ")," ") | Q66: =IF(ISNUMBER(SEARCH("squat",$C66)),IF($D66>=0.8,IF($D66<0.9,$E66*$F66," ")," ")," ") | R66: =IF(ISNUMBER(SEARCH("squat",$C66)),IF($D66>=0.9,$E66*$F66," ")," ")
C67: Squat | D67: 0.7 | E67: 3 | F67: 1 | G67: ='Start Here'!$F$21*D67 -> 70 | H67: =E67*F67 -> 3 | I67: =H67*G67 -> 210 | N67: =IF(ISNUMBER(SEARCH("squat",$C67)),IF($D67>=0.5,IF($D67<0.6,$E67*$F67," ")," ")," ") | O67: =IF(ISNUMBER(SEARCH("squat",$C67)),IF($D67>=0.6,IF($D67<0.7,$E67*$F67," ")," ")," ") | P67: =IF(ISNUMBER(SEARCH("squat",$C67)),IF($D67>=0.7,IF($D67<0.8,$E67*$F67," ")," ")," ") -> 3 | Q67: =IF(ISNUMBER(SEARCH("squat",$C67)),IF($D67>=0.8,IF($D67<0.9,$E67*$F67," ")," ")," ") | R67: =IF(ISNUMBER(SEARCH("squat",$C67)),IF($D67>=0.9,$E67*$F67," ")," ")
C68: Squat | D68: 0.75 | E68: 2 | F68: 3 | G68: ='Start Here'!$F$21*D68 -> 75 | H68: =E68*F68 -> 6 | I68: =H68*G68 -> 450 | N68: =IF(ISNUMBER(SEARCH("squat",$C68)),IF($D68>=0.5,IF($D68<0.6,$E68*$F68," ")," ")," ") | O68: =IF(ISNUMBER(SEARCH("squat",$C68)),IF($D68>=0.6,IF($D68<0.7,$E68*$F68," ")," ")," ") | P68: =IF(ISNUMBER(SEARCH("squat",$C68)),IF($D68>=0.7,IF($D68<0.8,$E68*$F68," ")," ")," ") -> 6 | Q68: =IF(ISNUMBER(SEARCH("squat",$C68)),IF($D68>=0.8,IF($D68<0.9,$E68*$F68," ")," ")," ") | R68: =IF(ISNUMBER(SEARCH("squat",$C68)),IF($D68>=0.9,$E68*$F68," ")," ")
B69: 2 | C69: Bench press | D69: 0.5 | E69: 3 | F69: 1 | G69: ='Start Here'!$F$22*D69 -> 50 | J69: =E69*F69 -> 3 | K69: =J69*G69 -> 150 | S69: =IF(ISNUMBER(SEARCH("bench",$C69)),IF($D69>=0.5,IF($D69<0.6,$E69*$F69," ")," ")," ") -> 3 | T69: =IF(ISNUMBER(SEARCH("bench",$C69)),IF($D69>=0.6,IF($D69<0.7,$E69*$F69," ")," ")," ") | U69: =IF(ISNUMBER(SEARCH("bench",$C69)),IF($D69>=0.7,IF($D69<0.8,$E69*$F69," ")," ")," ") | V69: =IF(ISNUMBER(SEARCH("bench",$C69)),IF($D69>=0.8,IF($D69<0.9,$E69*$F69," ")," ")," ") | W69: =IF(ISNUMBER(SEARCH("bench",$C69)),IF($D69>=0.9,$E69*$F69," ")," ")
C70: Bench press | D70: 0.6 | E70: 3 | F70: 1 | G70: ='Start Here'!$F$22*D70 -> 60 | J70: =E70*F70 -> 3 | K70: =J70*G70 -> 180 | S70: =IF(ISNUMBER(SEARCH("bench",$C70)),IF($D70>=0.5,IF($D70<0.6,$E70*$F70," ")," ")," ") | T70: =IF(ISNUMBER(SEARCH("bench",$C70)),IF($D70>=0.6,IF($D70<0.7,$E70*$F70," ")," ")," ") -> 3 | U70: =IF(ISNUMBER(SEARCH("bench",$C70)),IF($D70>=0.7,IF($D70<0.8,$E70*$F70," ")," ")," ") | V70: =IF(ISNUMBER(SEARCH("bench",$C70)),IF($D70>=0.8,IF($D70<0.9,$E70*$F70," ")," ")," ") | W70: =IF(ISNUMBER(SEARCH("bench",$C70)),IF($D70>=0.9,$E70*$F70," ")," ")
C71: Bench press | D71: 0.7 | E71: 3 | F71: 1 | G71: ='Start Here'!$F$22*D71 -> 70 | J71: =E71*F71 -> 3 | K71: =J71*G71 -> 210 | S71: =IF(ISNUMBER(SEARCH("bench",$C71)),IF($D71>=0.5,IF($D71<0.6,$E71*$F71," ")," ")," ") | T71: =IF(ISNUMBER(SEARCH("bench",$C71)),IF($D71>=0.6,IF($D71<0.7,$E71*$F71," ")," ")," ") | U71: =IF(ISNUMBER(SEARCH("bench",$C71)),IF($D71>=0.7,IF($D71<0.8,$E71*$F71," ")," ")," ") -> 3 | V71: =IF(ISNUMBER(SEARCH("bench",$C71)),IF($D71>=0.8,IF($D71<0.9,$E71*$F71," ")," ")," ") | W71: =IF(ISNUMBER(SEARCH("bench",$C71)),IF($D71>=0.9,$E71*$F71," ")," ")
C72: Bench press | D72: 0.75 | E72: 2 | F72: 3 | G72: ='Start Here'!$F$22*D72 -> 75 | J72: =E72*F72 -> 6 | K72: =J72*G72 -> 450 | S72: =IF(ISNUMBER(SEARCH("bench",$C72)),IF($D72>=0.5,IF($D72<0.6,$E72*$F72," ")," ")," ") | T72: =IF(ISNUMBER(SEARCH("bench",$C72)),IF($D72>=0.6,IF($D72<0.7,$E72*$F72," ")," ")," ") | U72: =IF(ISNUMBER(SEARCH("bench",$C72)),IF($D72>=0.7,IF($D72<0.8,$E72*$F72," ")," ")," ") -> 6 | V72: =IF(ISNUMBER(SEARCH("bench",$C72)),IF($D72>=0.8,IF($D72<0.9,$E72*$F72," ")," ")," ") | W72: =IF(ISNUMBER(SEARCH("bench",$C72)),IF($D72>=0.9,$E72*$F72," ")," ")
B73: 3 | C73: Chest Muscles | E73: 6 | F73: 4
B74: 4 | C74: Hyperextension | E74: 8 | F74: 3
B76: Wednesday | D76: % | E76: Reps | F76: Sets | G76: Weight | AC76: Notes:
B77: 1 | C77: Bench press | D77: 0.5 | E77: 3 | F77: 1 | G77: ='Start Here'!$F$22*D77 -> 50 | J77: =E77*F77 -> 3 | K77: =J77*G77 -> 150 | S77: =IF(ISNUMBER(SEARCH("bench",$C77)),IF($D77>=0.5,IF($D77<0.6,$E77*$F77," ")," ")," ") -> 3 | T77: =IF(ISNUMBER(SEARCH("bench",$C77)),IF($D77>=0.6,IF($D77<0.7,$E77*$F77," ")," ")," ") | U77: =IF(ISNUMBER(SEARCH("bench",$C77)),IF($D77>=0.7,IF($D77<0.8,$E77*$F77," ")," ")," ") | V77: =IF(ISNUMBER(SEARCH("bench",$C77)),IF($D77>=0.8,IF($D77<0.9,$E77*$F77," ")," ")," ") | W77: =IF(ISNUMBER(SEARCH("bench",$C77)),IF($D77>=0.9,$E77*$F77," ")," ")
C78: Bench press | D78: 0.6 | E78: 3 | F78: 1 | G78: ='Start Here'!$F$22*D78 -> 60 | J78: =E78*F78 -> 3 | K78: =J78*G78 -> 180 | S78: =IF(ISNUMBER(SEARCH("bench",$C78)),IF($D78>=0.5,IF($D78<0.6,$E78*$F78," ")," ")," ") | T78: =IF(ISNUMBER(SEARCH("bench",$C78)),IF($D78>=0.6,IF($D78<0.7,$E78*$F78," ")," ")," ") -> 3 | U78: =IF(ISNUMBER(SEARCH("bench",$C78)),IF($D78>=0.7,IF($D78<0.8,$E78*$F78," ")," ")," ") | V78: =IF(ISNUMBER(SEARCH("bench",$C78)),IF($D78>=0.8,IF($D78<0.9,$E78*$F78," ")," ")," ") | W78: =IF(ISNUMBER(SEARCH("bench",$C78)),IF($D78>=0.9,$E78*$F78," ")," ")
C79: Bench press | D79: 0.7 | E79: 3 | F79: 1 | G79: ='Start Here'!$F$22*D79 -> 70 | J79: =E79*F79 -> 3 | K79: =J79*G79 -> 210 | S79: =IF(ISNUMBER(SEARCH("bench",$C79)),IF($D79>=0.5,IF($D79<0.6,$E79*$F79," ")," ")," ") | T79: =IF(ISNUMBER(SEARCH("bench",$C79)),IF($D79>=0.6,IF($D79<0.7,$E79*$F79," ")," ")," ") | U79: =IF(ISNUMBER(SEARCH("bench",$C79)),IF($D79>=0.7,IF($D79<0.8,$E79*$F79," ")," ")," ") -> 3 | V79: =IF(ISNUMBER(SEARCH("bench",$C79)),IF($D79>=0.8,IF($D79<0.9,$E79*$F79," ")," ")," ") | W79: =IF(ISNUMBER(SEARCH("bench",$C79)),IF($D79>=0.9,$E79*$F79," ")," ")
C80: Bench press | D80: 0.8 | E80: 2 | F80: 1 | G80: ='Start Here'!$F$22*D80 -> 80 | J80: =E80*F80 -> 2 | K80: =J80*G80 -> 160 | S80: =IF(ISNUMBER(SEARCH("bench",$C80)),IF($D80>=0.5,IF($D80<0.6,$E80*$F80," ")," ")," ") | T80: =IF(ISNUMBER(SEARCH("bench",$C80)),IF($D80>=0.6,IF($D80<0.7,$E80*$F80," ")," ")," ") | U80: =IF(ISNUMBER(SEARCH("bench",$C80)),IF($D80>=0.7,IF($D80<0.8,$E80*$F80," ")," ")," ") | V80: =IF(ISNUMBER(SEARCH("bench",$C80)),IF($D80>=0.8,IF($D80<0.9,$E80*$F80," ")," ")," ") -> 2 | W80: =IF(ISNUMBER(SEARCH("bench",$C80)),IF($D80>=0.9,$E80*$F80," ")," ")
C81: Bench press | D81: 0.9 | E81: 1 | F81: 1 | G81: ='Start Here'!$F$22*D81 -> 90 | J81: =E81*F81 -> 1 | K81: =J81*G81 -> 90 | S81: =IF(ISNUMBER(SEARCH("bench",$C81)),IF($D81>=0.5,IF($D81<0.6,$E81*$F81," ")," ")," ") | T81: =IF(ISNUMBER(SEARCH("bench",$C81)),IF($D81>=0.6,IF($D81<0.7,$E81*$F81," ")," ")," ") | U81: =IF(ISNUMBER(SEARCH("bench",$C81)),IF($D81>=0.7,IF($D81<0.8,$E81*$F81," ")," ")," ") | V81: =IF(ISNUMBER(SEARCH("bench",$C81)),IF($D81>=0.8,IF($D81<0.9,$E81*$F81," ")," ")," ") | W81: =IF(ISNUMBER(SEARCH("bench",$C81)),IF($D81>=0.9,$E81*$F81," ")," ") -> 1
C82: Bench press | D82: 0.95 | E82: 1 | F82: 1 | G82: ='Start Here'!$F$22*D82 -> 95 | J82: =E82*F82 -> 1 | K82: =J82*G82 -> 95 | S82: =IF(ISNUMBER(SEARCH("bench",$C82)),IF($D82>=0.5,IF($D82<0.6,$E82*$F82," ")," ")," ") | T82: =IF(ISNUMBER(SEARCH("bench",$C82)),IF($D82>=0.6,IF($D82<0.7,$E82*$F82," ")," ")," ") | U82: =IF(ISNUMBER(SEARCH("bench",$C82)),IF($D82>=0.7,IF($D82<0.8,$E82*$F82," ")," ")," ") | V82: =IF(ISNUMBER(SEARCH("bench",$C82)),IF($D82>=0.8,IF($D82<0.9,$E82*$F82," ")," ")," ") | W82: =IF(ISNUMBER(SEARCH("bench",$C82)),IF($D82>=0.9,$E82*$F82," ")," ") -> 1
C83: Bench press | D83: 1 | E83: 1 | F83: 1-2 | G83: ='Start Here'!$F$22*D83 -> 100 | J83: =2 -> 2 | K83: =2*0.95*'Start Here'!F22 -> 190 | S83: =IF(ISNUMBER(SEARCH("bench",$C83)),IF($D83>=0.5,IF($D83<0.6,$E83*$F83," ")," ")," ") | T83: =IF(ISNUMBER(SEARCH("bench",$C83)),IF($D83>=0.6,IF($D83<0.7,$E83*$F83," ")," ")," ") | U83: =IF(ISNUMBER(SEARCH("bench",$C83)),IF($D83>=0.7,IF($D83<0.8,$E83*$F83," ")," ")," ") | V83: =IF(ISNUMBER(SEARCH("bench",$C83)),IF($D83>=0.8,IF($D83<0.9,$E83*$F83," ")," ")," ") | W83: 2
B84: 2 | C84: Deadlift | D84: 0.5 | E84: 3 | F84: 1 | G84: ='Start Here'!$F$23*D84 -> 50 | L84: =E84*F84 -> 3 | M84: =L84*G84 -> 150 | X84: =IF(ISNUMBER(SEARCH("deadlift",$C84)),IF($D84>=0.5,IF($D84<0.6,$E84*$F84," ")," ")," ") -> 3 | Y84: =IF(ISNUMBER(SEARCH("deadlift",$C84)),IF($D84>=0.6,IF($D84<0.7,$E84*$F84," ")," ")," ") | Z84: =IF(ISNUMBER(SEARCH("deadlift",$C84)),IF($D84>=0.7,IF($D84<0.8,$E84*$F84," ")," ")," ") | AA84: =IF(ISNUMBER(SEARCH("deadlift",$C84)),IF($D84>=0.8,IF($D84<0.9,$E84*$F84," ")," ")," ") | AB84: =IF(ISNUMBER(SEARCH("deadlift",$C84)),IF($D84>=0.9,$E84*$F84," ")," ")
C85: Deadlift | D85: 0.6 | E85: 3 | F85: 1 | G85: ='Start Here'!$F$23*D85 -> 60 | L85: =E85*F85 -> 3 | M85: =L85*G85 -> 180 | X85: =IF(ISNUMBER(SEARCH("deadlift",$C85)),IF($D85>=0.5,IF($D85<0.6,$E85*$F85," ")," ")," ") | Y85: =IF(ISNUMBER(SEARCH("deadlift",$C85)),IF($D85>=0.6,IF($D85<0.7,$E85*$F85," ")," ")," ") -> 3 | Z85: =IF(ISNUMBER(SEARCH("deadlift",$C85)),IF($D85>=0.7,IF($D85<0.8,$E85*$F85," ")," ")," ") | AA85: =IF(ISNUMBER(SEARCH("deadlift",$C85)),IF($D85>=0.8,IF($D85<0.9,$E85*$F85," ")," ")," ") | AB85: =IF(ISNUMBER(SEARCH("deadlift",$C85)),IF($D85>=0.9,$E85*$F85," ")," ")
C86: Deadlift | D86: 0.7 | E86: 2 | F86: 1 | G86: ='Start Here'!$F$23*D86 -> 70 | L86: =E86*F86 -> 2 | M86: =L86*G86 -> 140 | X86: =IF(ISNUMBER(SEARCH("deadlift",$C86)),IF($D86>=0.5,IF($D86<0.6,$E86*$F86," ")," ")," ") | Y86: =IF(ISNUMBER(SEARCH("deadlift",$C86)),IF($D86>=0.6,IF($D86<0.7,$E86*$F86," ")," ")," ") | Z86: =IF(ISNUMBER(SEARCH("deadlift",$C86)),IF($D86>=0.7,IF($D86<0.8,$E86*$F86," ")," ")," ") -> 2 | AA86: =IF(ISNUMBER(SEARCH("deadlift",$C86)),IF($D86>=0.8,IF($D86<0.9,$E86*$F86," ")," ")," ") | AB86: =IF(ISNUMBER(SEARCH("deadlift",$C86)),IF($D86>=0.9,$E86*$F86," ")," ")
C87: Deadlift | D87: 0.8 | E87: 2 | F87: 1 | G87: ='Start Here'!$F$23*D87 -> 80 | L87: =E87*F87 -> 2 | M87: =L87*G87 -> 160 | X87: =IF(ISNUMBER(SEARCH("deadlift",$C87)),IF($D87>=0.5,IF($D87<0.6,$E87*$F87," ")," ")," ") | Y87: =IF(ISNUMBER(SEARCH("deadlift",$C87)),IF($D87>=0.6,IF($D87<0.7,$E87*$F87," ")," ")," ") | Z87: =IF(ISNUMBER(SEARCH("deadlift",$C87)),IF($D87>=0.7,IF($D87<0.8,$E87*$F87," ")," ")," ") | AA87: =IF(ISNUMBER(SEARCH("deadlift",$C87)),IF($D87>=0.8,IF($D87<0.9,$E87*$F87," ")," ")," ") -> 2 | AB87: =IF(ISNUMBER(SEARCH("deadlift",$C87)),IF($D87>=0.9,$E87*$F87," ")," ")
C88: Deadlift | D88: 0.9 | E88: 1 | F88: 1 | G88: ='Start Here'!$F$23*D88 -> 90 | L88: =E88*F88 -> 1 | M88: =L88*G88 -> 90 | X88: =IF(ISNUMBER(SEARCH("deadlift",$C88)),IF($D88>=0.5,IF($D88<0.6,$E88*$F88," ")," ")," ") | Y88: =IF(ISNUMBER(SEARCH("deadlift",$C88)),IF($D88>=0.6,IF($D88<0.7,$E88*$F88," ")," ")," ") | Z88: =IF(ISNUMBER(SEARCH("deadlift",$C88)),IF($D88>=0.7,IF($D88<0.8,$E88*$F88," ")," ")," ") | AA88: =IF(ISNUMBER(SEARCH("deadlift",$C88)),IF($D88>=0.8,IF($D88<0.9,$E88*$F88," ")," ")," ") | AB88: =IF(ISNUMBER(SEARCH("deadlift",$C88)),IF($D88>=0.9,$E88*$F88," ")," ") -> 1
C89: Deadlift | D89: 0.95 | E89: 1 | F89: 1 | G89: ='Start Here'!$F$23*D89 -> 95 | L89: =E89*F89 -> 1 | M89: =L89*G89 -> 95 | X89: =IF(ISNUMBER(SEARCH("deadlift",$C89)),IF($D89>=0.5,IF($D89<0.6,$E89*$F89," ")," ")," ") | Y89: =IF(ISNUMBER(SEARCH("deadlift",$C89)),IF($D89>=0.6,IF($D89<0.7,$E89*$F89," ")," ")," ") | Z89: =IF(ISNUMBER(SEARCH("deadlift",$C89)),IF($D89>=0.7,IF($D89<0.8,$E89*$F89," ")," ")," ") | AA89: =IF(ISNUMBER(SEARCH("deadlift",$C89)),IF($D89>=0.8,IF($D89<0.9,$E89*$F89," ")," ")," ") | AB89: =IF(ISNUMBER(SEARCH("deadlift",$C89)),IF($D89>=0.9,$E89*$F89," ")," ") -> 1
C90: Deadlift | D90: 1 | E90: 1 | F90: 1-2 | G90: ='Start Here'!$F$23*D90 -> 100 | L90: =2 -> 2 | M90: =2*0.95*'Start Here'!F23 -> 190 | X90: =IF(ISNUMBER(SEARCH("deadlift",$C90)),IF($D90>=0.5,IF($D90<0.6,$E90*$F90," ")," ")," ") | Y90: =IF(ISNUMBER(SEARCH("deadlift",$C90)),IF($D90>=0.6,IF($D90<0.7,$E90*$F90," ")," ")," ") | Z90: =IF(ISNUMBER(SEARCH("deadlift",$C90)),IF($D90>=0.7,IF($D90<0.8,$E90*$F90," ")," ")," ") | AA90: =IF(ISNUMBER(SEARCH("deadlift",$C90)),IF($D90>=0.8,IF($D90<0.9,$E90*$F90," ")," ")," ") | AB90: 2
B91: 3 | C91: Triceps | E91: 6 | F91: 4
B92: 4 | C92: Abs | E92: 8 | F92: 3
B94: Friday | D94: % | E94: Reps | F94: Sets | G94: Weight | AC94: Notes:
B95: 1 | C95: Squat | D95: 0.5 | E95: 3 | F95: 1 | G95: ='Start Here'!$F$21*D95 -> 50 | H95: =E95*F95 -> 3 | I95: =H95*G95 -> 150 | N95: =IF(ISNUMBER(SEARCH("squat",$C95)),IF($D95>=0.5,IF($D95<0.6,$E95*$F95," ")," ")," ") -> 3 | O95: =IF(ISNUMBER(SEARCH("squat",$C95)),IF($D95>=0.6,IF($D95<0.7,$E95*$F95," ")," ")," ") | P95: =IF(ISNUMBER(SEARCH("squat",$C95)),IF($D95>=0.7,IF($D95<0.8,$E95*$F95," ")," ")," ") | Q95: =IF(ISNUMBER(SEARCH("squat",$C95)),IF($D95>=0.8,IF($D95<0.9,$E95*$F95," ")," ")," ") | R95: =IF(ISNUMBER(SEARCH("squat",$C95)),IF($D95>=0.9,$E95*$F95," ")," ")
C96: Squat | D96: 0.6 | E96: 3 | F96: 1 | G96: ='Start Here'!$F$21*D96 -> 60 | H96: =E96*F96 -> 3 | I96: =H96*G96 -> 180 | N96: =IF(ISNUMBER(SEARCH("squat",$C96)),IF($D96>=0.5,IF($D96<0.6,$E96*$F96," ")," ")," ") | O96: =IF(ISNUMBER(SEARCH("squat",$C96)),IF($D96>=0.6,IF($D96<0.7,$E96*$F96," ")," ")," ") -> 3 | P96: =IF(ISNUMBER(SEARCH("squat",$C96)),IF($D96>=0.7,IF($D96<0.8,$E96*$F96," ")," ")," ") | Q96: =IF(ISNUMBER(SEARCH("squat",$C96)),IF($D96>=0.8,IF($D96<0.9,$E96*$F96," ")," ")," ") | R96: =IF(ISNUMBER(SEARCH("squat",$C96)),IF($D96>=0.9,$E96*$F96," ")," ")
